ID,default,split
27421,0,train
15351,1,train
26642,0,train
21619,0,train
11571,1,train
26704,0,train
25851,1,train
13507,0,train
6581,0,train
18955,0,train
21301,0,train
6459,0,train
19718,0,train
19424,0,train
2561,1,train
4930,0,train
4669,0,train
25342,0,train
22997,0,train
20139,0,train
28001,1,train
5372,1,train
8284,0,train
15068,0,train
9984,0,train
28568,0,train
16086,1,train
14567,1,train
8085,1,train
17657,0,train
6788,0,train
20586,0,train
19277,0,train
21306,0,train
499,0,train
3048,0,train
5514,0,train
27108,0,train
14204,1,train
16099,1,train
21247,1,train
23184,0,train
6938,0,train
4568,0,train
28403,1,train
11644,1,train
9041,1,train
22519,0,train
5639,0,train
1048,1,train
7992,0,train
19579,0,train
2739,0,train
3883,0,train
1606,0,train
8526,0,train
24681,0,train
3206,1,train
17087,0,train
21395,0,train
24300,0,train
21455,0,train
18917,0,train
6666,0,train
8890,0,train
29687,0,train
18893,1,train
18395,1,train
17727,0,train
29754,0,train
1313,0,train
24604,1,train
1813,1,train
4129,0,train
11559,0,train
1907,0,train
22126,1,train
6289,0,train
20569,1,train
25562,0,train
6668,0,train
2745,0,train
15461,0,train
6583,1,train
25673,0,train
22481,0,train
16415,0,train
22689,1,train
21854,1,train
16554,0,train
26524,0,train
11186,0,train
20619,0,train
14161,1,train
5459,1,train
16730,1,train
2593,0,train
24735,0,train
4940,0,train
5769,0,train
27419,0,train
15006,0,train
19211,0,train
4814,0,train
21614,0,train
17804,0,train
8647,0,train
12858,0,train
20039,0,train
7749,0,train
27739,0,train
6563,0,train
13300,0,train
7603,1,train
21810,1,train
14101,0,train
10178,0,train
16295,1,train
20368,1,train
13595,0,train
26733,0,train
2469,0,train
10624,0,train
5247,0,train
9544,1,train
2169,0,train
5538,0,train
16671,0,train
21313,1,train
4408,0,train
13316,1,train
4926,0,train
22045,0,train
18548,0,train
1839,0,train
8060,0,train
8551,0,train
5191,0,train
9722,1,train
8136,0,train
23635,0,train
11685,0,train
22678,0,train
2717,0,train
19961,1,train
19994,0,train
18722,0,train
5913,1,train
12399,0,train
2533,0,train
20244,0,train
118,1,train
25248,0,train
26552,1,train
2783,0,train
21278,0,train
24961,0,train
8606,0,train
286,0,train
10277,0,train
24850,0,train
22821,0,train
3684,0,train
5543,0,train
22104,0,train
14595,0,train
12764,0,train
3002,0,train
24834,0,train
23628,0,train
25255,1,train
10656,1,train
29331,0,train
15717,0,train
4855,0,train
9480,1,train
8067,0,train
11011,1,train
1058,0,train
10518,0,train
8493,1,train
9478,1,train
21201,0,train
27997,0,train
4426,1,train
15416,0,train
10864,0,train
18010,1,train
24849,0,train
23956,0,train
7736,0,train
23155,0,train
6700,0,train
28370,0,train
16181,0,train
326,0,train
4590,0,train
22594,0,train
22861,1,train
11397,0,train
25038,0,train
29482,0,train
13304,0,train
16896,1,train
9950,0,train
29369,0,train
15866,0,train
27150,1,train
16584,0,train
17281,0,train
24858,0,train
1070,0,train
27832,0,train
24323,0,train
27719,1,train
26155,0,train
26983,0,train
23456,0,train
19272,0,train
20290,0,train
6135,1,train
20384,0,train
24025,1,train
11216,0,train
25553,1,train
24707,0,train
27432,1,train
12807,0,train
1653,0,train
29835,0,train
10980,1,train
4600,0,train
15053,1,train
24100,0,train
10586,0,train
11404,0,train
15387,0,train
14877,0,train
13626,0,train
26641,1,train
23417,0,train
5881,0,train
21326,1,train
25033,1,train
23352,0,train
24489,0,train
8009,0,train
5816,1,train
6930,1,train
23866,1,train
14014,1,train
24022,0,train
8254,0,train
2951,0,train
20913,0,train
29673,0,train
6028,0,train
21075,0,train
19204,0,train
8872,0,train
28396,0,train
5511,0,train
17989,1,train
20267,1,train
26586,1,train
29546,1,train
7697,1,train
17160,1,train
24662,0,train
992,1,train
25341,0,train
10279,1,train
14354,0,train
16365,0,train
29007,0,train
12079,0,train
8665,0,train
12920,0,train
24994,0,train
24986,0,train
4148,1,train
11157,0,train
15484,0,train
2825,1,train
469,0,train
15887,0,train
17199,0,train
586,0,train
1046,0,train
17408,0,train
26827,1,train
12103,0,train
28656,1,train
4118,0,train
3127,0,train
8528,0,train
12985,0,train
4504,0,train
10286,0,train
18097,1,train
2286,0,train
21363,0,train
26392,0,train
2671,0,train
24758,0,train
3387,0,train
22614,0,train
26557,1,train
8290,0,train
19580,0,train
16691,1,train
4627,0,train
11662,1,train
3985,0,train
20424,0,train
25835,1,train
26508,0,train
10532,0,train
19385,0,train
21215,0,train
22988,0,train
18842,0,train
15976,1,train
14156,0,train
10205,0,train
11502,0,train
13367,0,train
15629,0,train
2385,0,train
22579,0,train
15223,0,train
6405,0,train
13951,0,train
1508,0,train
27913,1,train
1927,0,train
5814,0,train
8250,1,train
20459,0,train
13062,0,train
24217,1,train
827,0,train
6305,1,train
11134,0,train
14857,0,train
23983,0,train
4654,0,train
10654,0,train
1202,0,train
7247,0,train
23109,0,train
24176,0,train
10135,0,train
3378,0,train
9421,0,train
26361,0,train
18966,0,train
20284,0,train
2365,0,train
23126,1,train
20341,0,train
23397,0,train
15633,1,train
3360,0,train
14186,0,train
3945,0,train
9445,0,train
6974,0,train
15838,0,train
2658,0,train
25179,0,train
19864,1,train
24474,0,train
23767,0,train
6060,0,train
18074,1,train
4604,0,train
13601,0,train
14832,0,train
13372,0,train
29711,0,train
16385,0,train
2955,0,train
29616,1,train
7075,0,train
29953,0,train
27464,0,train
20674,1,train
24181,0,train
27202,0,train
13434,0,train
17620,1,train
24408,1,train
2931,0,train
4439,0,train
12911,0,train
19661,1,train
22427,0,train
26504,0,train
17394,1,train
24868,0,train
13385,0,train
8960,0,train
7733,1,train
13116,0,train
6927,1,train
5661,0,train
12291,0,train
24696,0,train
19790,0,train
11653,0,train
25885,1,train
11324,0,train
26880,0,train
311,0,train
15326,0,train
3715,0,train
26990,0,train
27796,0,train
20211,1,train
11386,0,train
4189,1,train
23323,1,train
2446,1,train
15540,0,train
16376,1,train
8244,0,train
8416,0,train
27777,0,train
1536,0,train
13549,1,train
26731,0,train
17984,0,train
29393,0,train
19760,0,train
1924,0,train
4961,0,train
21602,1,train
11553,0,train
1207,1,train
4816,0,train
6059,0,train
24997,1,train
8652,0,train
12711,0,train
26845,0,train
2306,0,train
22917,0,train
10133,0,train
2211,0,train
26292,0,train
9403,0,train
28082,1,train
29484,1,train
1788,0,train
13557,0,train
25588,1,train
23205,0,train
15080,0,train
6649,0,train
28431,0,train
23510,0,train
6105,1,train
342,0,train
4540,0,train
9446,1,train
12992,0,train
4005,0,train
22588,0,train
13560,0,train
24097,0,train
26358,0,train
16897,0,train
28057,0,train
26018,0,train
10669,0,train
17917,1,train
19493,0,train
23508,0,train
23361,0,train
2144,1,train
2230,0,train
10559,0,train
14281,1,train
27732,0,train
28774,0,train
18630,0,train
26280,0,train
2874,0,train
5665,0,train
21604,0,train
15744,0,train
7382,1,train
22153,1,train
16687,1,train
23888,0,train
24252,0,train
28475,0,train
125,0,train
22038,0,train
20137,0,train
14599,1,train
6787,0,train
29627,0,train
13554,0,train
9937,0,train
19741,0,train
3213,0,train
10204,0,train
17581,1,train
8788,0,train
20118,0,train
10966,0,train
24955,0,train
3872,1,train
10035,1,train
7111,0,train
25640,0,train
6976,0,train
3338,0,train
3211,0,train
12303,1,train
27519,0,train
26118,0,train
23754,0,train
15218,0,train
18947,1,train
17855,0,train
22029,0,train
22618,0,train
5813,1,train
1776,1,train
3874,1,train
11869,0,train
17872,1,train
16461,0,train
10917,0,train
23297,1,train
8685,0,train
1553,0,train
16067,1,train
14683,0,train
2026,1,train
14807,0,train
6364,1,train
18066,0,train
12167,0,train
11044,1,train
5242,0,train
5904,0,train
8760,0,train
2551,0,train
29601,0,train
23176,0,train
8518,0,train
17232,0,train
20512,1,train
28707,0,train
2351,0,train
26853,0,train
23608,1,train
21335,0,train
29709,0,train
12063,0,train
10735,0,train
27640,0,train
25011,0,train
7910,0,train
27148,0,train
1820,0,train
1732,1,train
27023,0,train
18236,0,train
25309,0,train
18428,0,train
16544,1,train
19160,0,train
11269,0,train
27396,0,train
4019,1,train
2470,0,train
14456,0,train
18444,1,train
19126,0,train
8373,0,train
24033,1,train
25799,1,train
7984,0,train
21634,1,train
25215,0,train
24015,0,train
28722,0,train
27375,1,train
26573,0,train
17496,0,train
9173,0,train
20433,0,train
4435,0,train
29797,0,train
9702,0,train
12880,0,train
15875,0,train
17910,1,train
330,0,train
26753,0,train
16432,0,train
16653,0,train
6436,0,train
3935,0,train
27082,0,train
1930,0,train
9608,0,train
6084,1,train
21148,1,train
22446,0,train
12075,0,train
6269,1,train
11889,0,train
12758,0,train
17099,0,train
5043,0,train
461,0,train
25108,0,train
20945,0,train
14558,0,train
27279,1,train
5858,0,train
22850,0,train
29327,0,train
17548,1,train
2747,1,train
29025,1,train
26413,0,train
2069,1,train
2504,1,train
2899,1,train
13438,0,train
3311,1,train
18510,0,train
27923,1,train
10445,0,train
9221,0,train
24274,0,train
4498,1,train
5996,0,train
9913,0,train
25443,1,train
8263,1,train
5166,0,train
23134,1,train
7148,0,train
20398,0,train
5623,0,train
26444,0,train
21617,0,train
5220,1,train
20611,0,train
17990,0,train
17948,0,train
1378,0,train
29846,1,train
8230,0,train
12006,1,train
7890,0,train
14806,0,train
14205,1,train
27567,0,train
18212,0,train
8143,1,train
11958,0,train
12577,1,train
13334,0,train
19682,0,train
2368,0,train
22396,0,train
18437,0,train
24627,1,train
4876,0,train
3427,0,train
16693,0,train
7405,1,train
4660,1,train
16744,0,train
8552,0,train
13906,0,train
7835,0,train
26616,1,train
18610,1,train
18779,0,train
7330,1,train
22906,0,train
14589,0,train
3154,1,train
18251,1,train
14187,1,train
26786,0,train
3703,0,train
8310,0,train
8880,0,train
28879,0,train
603,0,train
7300,0,train
231,0,train
14655,0,train
18957,0,train
7888,0,train
4469,0,train
9126,0,train
27738,0,train
20165,1,train
26316,1,train
19725,0,train
7782,0,train
8431,0,train
23959,0,train
25915,0,train
3569,1,train
3617,0,train
27779,0,train
15498,1,train
27290,0,train
17089,0,train
25419,1,train
10245,0,train
27760,1,train
3971,0,train
4509,0,train
11008,0,train
18513,0,train
2736,0,train
20219,0,train
15844,1,train
21473,0,train
8030,0,train
6726,1,train
13948,0,train
7813,0,train
7223,0,train
9469,1,train
1423,0,train
3117,0,train
3165,0,train
24357,0,train
29564,0,train
19105,1,train
7960,0,train
19482,0,train
22127,0,train
16413,0,train
15453,0,train
22305,0,train
10048,0,train
1819,0,train
11058,0,train
25323,0,train
1195,0,train
11959,0,train
4584,1,train
23182,0,train
3541,1,train
11857,0,train
6772,0,train
20984,1,train
6892,0,train
1115,0,train
26742,0,train
27400,0,train
20485,0,train
4676,0,train
28968,0,train
19520,1,train
25297,0,train
14624,1,train
4109,0,train
17391,0,train
15067,0,train
6233,0,train
5785,0,train
4982,1,train
14940,0,train
11624,0,train
22777,1,train
2978,0,train
14860,0,train
8702,1,train
21375,0,train
3158,0,train
19382,0,train
18282,1,train
4513,0,train
13512,0,train
5865,1,train
5398,0,train
21088,0,train
27996,0,train
22650,0,train
4887,0,train
17999,0,train
26268,0,train
5926,0,train
25668,0,train
2957,1,train
17678,0,train
12259,0,train
13533,0,train
23998,0,train
8780,0,train
28046,0,train
15447,0,train
29603,0,train
7004,0,train
9452,1,train
14432,0,train
25780,0,train
22640,0,train
16991,0,train
19844,1,train
15737,0,train
28697,0,train
28804,0,train
25980,0,train
5359,0,train
25242,0,train
4153,0,train
26385,0,train
27454,1,train
16327,1,train
11838,1,train
17434,0,train
19671,0,train
28493,1,train
23124,0,train
5651,0,train
13844,0,train
23292,1,train
5487,0,train
15674,0,train
25667,0,train
20385,1,train
12678,0,train
8399,0,train
5213,0,train
5953,0,train
7956,0,train
11797,1,train
29462,0,train
24484,1,train
15795,0,train
9710,0,train
6199,0,train
10541,0,train
27894,0,train
3555,0,train
2194,0,train
2045,0,train
25205,0,train
12189,1,train
17342,0,train
1812,0,train
28159,0,train
4009,0,train
13642,0,train
7564,0,train
27219,0,train
21753,0,train
11165,0,train
6555,0,train
6621,0,train
27674,1,train
13305,0,train
16129,1,train
19505,0,train
25791,0,train
15430,0,train
19767,0,train
2983,0,train
2108,0,train
16880,0,train
24482,1,train
26089,0,train
7196,1,train
18500,0,train
9100,0,train
11967,0,train
11981,1,train
26661,0,train
28688,0,train
29693,0,train
7569,1,train
4423,0,train
27559,0,train
2099,0,train
17118,0,train
18034,1,train
12407,1,train
27842,0,train
19186,0,train
12487,0,train
23525,0,train
9218,1,train
15078,0,train
8740,0,train
4978,0,train
4428,0,train
5523,0,train
26269,0,train
1790,0,train
10832,0,train
26333,0,train
28462,0,train
23953,1,train
8708,1,train
6596,0,train
20786,0,train
6564,0,train
19266,1,train
21135,0,train
22345,0,train
7976,0,train
6706,0,train
7897,1,train
20377,0,train
24944,1,train
2919,1,train
3637,0,train
3976,0,train
26140,0,train
10459,0,train
4413,0,train
20604,1,train
16083,0,train
1605,0,train
14070,0,train
2855,1,train
20096,0,train
4735,0,train
20753,0,train
23874,0,train
9719,1,train
22972,0,train
9279,0,train
1667,0,train
829,0,train
4733,0,train
22015,0,train
27625,0,train
8439,0,train
28974,1,train
27160,1,train
13239,1,train
14369,0,train
25630,1,train
26277,0,train
20223,0,train
26288,0,train
23185,0,train
23146,0,train
14387,0,train
18852,1,train
22098,0,train
16242,0,train
2636,0,train
23613,0,train
21430,0,train
27563,0,train
4723,1,train
21510,1,train
28398,0,train
20246,0,train
21698,0,train
2278,0,train
28838,0,train
14693,1,train
23051,0,train
9697,1,train
255,0,train
10797,0,train
2518,0,train
3752,0,train
987,0,train
29901,1,train
10075,0,train
2046,1,train
14107,0,train
12321,0,train
25091,0,train
5750,0,train
24916,1,train
18509,1,train
8005,1,train
7807,0,train
19667,0,train
12467,0,train
29508,0,train
8537,0,train
20672,1,train
7353,0,train
20575,0,train
622,0,train
20272,0,train
19561,0,train
24178,0,train
23542,0,train
27518,0,train
24463,0,train
9132,1,train
23493,0,train
27792,0,train
3188,1,train
5293,0,train
18351,1,train
4422,0,train
23097,0,train
26947,0,train
16266,0,train
29381,0,train
19963,0,train
1677,0,train
21160,0,train
23968,0,train
8241,0,train
22364,0,train
29678,0,train
29626,0,train
17430,1,train
10187,1,train
15505,0,train
9472,0,train
15292,0,train
3754,0,train
9644,0,train
20262,0,train
12785,1,train
5032,1,train
19181,0,train
1330,0,train
4811,0,train
13277,0,train
16180,1,train
14888,1,train
10028,0,train
16040,1,train
24119,0,train
1454,0,train
2018,1,train
7990,0,train
26789,1,train
1558,0,train
18188,0,train
25661,0,train
1011,0,train
20202,0,train
21680,0,train
1205,0,train
16642,0,train
6086,1,train
15307,1,train
29520,0,train
27008,0,train
11456,0,train
9653,0,train
12856,0,train
11558,0,train
23870,0,train
20034,0,train
5069,1,train
21292,1,train
27540,1,train
28215,0,train
8507,0,train
4896,0,train
26584,0,train
5337,0,train
7041,0,train
7669,0,train
12104,0,train
10641,0,train
6778,0,train
8935,0,train
1155,0,train
21553,0,train
15409,0,train
1241,0,train
9952,1,train
2121,0,train
29491,0,train
9698,0,train
16389,0,train
12387,1,train
11189,0,train
2418,1,train
6712,0,train
20228,0,train
22531,0,train
27201,0,train
3522,0,train
1311,1,train
9536,0,train
25984,0,train
25480,0,train
8696,0,train
27472,0,train
4201,0,train
21290,0,train
6810,0,train
8014,0,train
18857,1,train
4300,0,train
468,0,train
9958,1,train
14003,0,train
7358,1,train
12170,1,train
5844,0,train
17144,0,train
20820,1,train
27036,0,train
15927,0,train
13540,1,train
29908,1,train
8114,1,train
28923,0,train
21244,0,train
7170,1,train
14846,0,train
2156,1,train
25122,1,train
20513,0,train
29395,0,train
3525,0,train
8260,1,train
22528,0,train
9341,1,train
6884,0,train
20411,0,train
531,0,train
28005,1,train
11416,0,train
25252,0,train
19297,0,train
24303,1,train
12808,0,train
14298,0,train
19606,0,train
20765,1,train
160,0,train
29199,0,train
13386,0,train
1045,1,train
17238,0,train
12735,1,train
11452,1,train
22380,0,train
14916,0,train
24801,0,train
3803,0,train
25750,1,train
26180,0,train
16664,0,train
11493,0,train
15499,0,train
24876,0,train
9346,0,train
27379,0,train
7112,0,train
16537,0,train
9220,0,train
23224,0,train
16980,0,train
15923,1,train
20194,0,train
22981,0,train
3413,0,train
22030,0,train
1791,0,train
27014,1,train
21061,0,train
14851,0,train
15768,0,train
17223,0,train
9516,0,train
12078,0,train
5515,0,train
18602,0,train
10489,0,train
9891,0,train
24756,0,train
7140,0,train
4820,0,train
25664,0,train
13605,1,train
21481,1,train
5310,0,train
24668,0,train
27861,0,train
22712,1,train
9687,0,train
11264,0,train
18689,1,train
10567,0,train
23509,0,train
9156,0,train
6657,0,train
24328,1,train
1458,1,train
20158,0,train
6175,1,train
2676,0,train
20327,0,train
25941,0,train
4451,0,train
21288,0,train
26785,1,train
14768,0,train
4701,0,train
20155,0,train
5021,0,train
21263,1,train
27836,0,train
23757,0,train
16304,0,train
13013,0,train
20359,1,train
14666,1,train
3250,0,train
8243,0,train
22492,1,train
14707,1,train
7793,1,train
28204,0,train
9868,0,train
15444,1,train
3652,0,train
6629,0,train
8791,0,train
11968,0,train
14329,1,train
26672,0,train
501,0,train
1602,0,train
8899,1,train
22852,1,train
8862,0,train
26829,0,train
10672,0,train
3761,0,train
14127,0,train
8352,0,train
22892,0,train
6805,0,train
25886,0,train
23365,0,train
5775,0,train
21349,0,train
11411,0,train
7086,1,train
28236,1,train
325,0,train
19894,0,train
29202,1,train
6298,0,train
24682,0,train
15452,0,train
15617,0,train
6989,1,train
23413,0,train
12669,1,train
4932,1,train
19028,0,train
9473,1,train
16387,1,train
5058,0,train
11909,0,train
17299,0,train
17760,0,train
5946,0,train
13813,0,train
1573,0,train
1581,0,train
20730,0,train
25280,0,train
5199,0,train
22249,0,train
8429,0,train
19250,0,train
10111,0,train
19948,0,train
24239,0,train
12653,0,train
8620,0,train
18798,0,train
24483,0,train
18020,1,train
2146,0,train
12148,0,train
22102,1,train
20986,0,train
29562,0,train
17375,1,train
6923,0,train
3816,1,train
9521,0,train
14990,0,train
19639,0,train
12493,0,train
1055,0,train
19711,0,train
19591,0,train
14893,0,train
11428,1,train
20938,0,train
10353,0,train
13464,0,train
10025,1,train
7452,0,train
4483,0,train
18870,0,train
27740,1,train
23231,0,train
3659,0,train
11499,0,train
28063,0,train
10964,1,train
23665,1,train
5790,0,train
3858,0,train
5704,0,train
16757,0,train
24372,0,train
20701,0,train
8402,0,train
24638,0,train
22321,0,train
15331,0,train
17435,0,train
8549,0,train
18333,0,train
29760,0,train
948,0,train
19470,0,train
14848,0,train
13712,1,train
28439,0,train
13997,0,train
8783,0,train
17997,0,train
13306,1,train
290,0,train
28146,0,train
23366,0,train
26724,0,train
9018,0,train
18345,0,train
27130,1,train
12054,1,train
19501,0,train
2815,0,train
1242,0,train
4255,0,train
22255,0,train
29959,0,train
18855,0,train
3514,0,train
23229,0,train
7691,0,train
9076,1,train
19127,1,train
28081,0,train
3204,0,train
1704,0,train
10417,0,train
25039,0,train
2917,0,train
22686,0,train
26213,0,train
13687,0,train
14289,1,train
12811,1,train
27936,0,train
12224,1,train
9846,0,train
7500,0,train
24947,0,train
17124,0,train
9143,1,train
19069,0,train
11327,0,train
20004,0,train
26678,0,train
7911,0,train
25955,0,train
29643,1,train
21155,0,train
9338,1,train
27186,0,train
12929,0,train
16515,1,train
3440,0,train
16635,1,train
1419,0,train
9933,1,train
28848,0,train
3441,0,train
3000,0,train
3006,0,train
15956,0,train
4911,0,train
22727,0,train
24551,0,train
14555,0,train
11750,1,train
20514,0,train
21311,1,train
12126,0,train
17689,0,train
13559,1,train
21872,0,train
28061,0,train
20536,0,train
6604,0,train
18687,0,train
27038,0,train
13983,0,train
24596,0,train
10927,0,train
23425,0,train
22796,1,train
21389,0,train
21799,0,train
27452,0,train
4915,0,train
15172,0,train
14718,0,train
26531,1,train
12100,0,train
12443,0,train
8432,0,train
10122,0,train
27799,0,train
1870,1,train
12055,1,train
7674,0,train
23440,0,train
28476,0,train
10036,0,train
17080,0,train
28359,0,train
5327,0,train
5369,0,train
13551,0,train
25047,0,train
1181,0,train
5301,0,train
25096,0,train
11366,0,train
28987,0,train
18703,0,train
27978,0,train
6984,0,train
11646,0,train
11352,0,train
12029,0,train
8044,1,train
13782,0,train
10912,0,train
1526,0,train
14440,1,train
9996,0,train
14420,1,train
26039,0,train
27715,0,train
26322,1,train
5891,0,train
16571,1,train
11636,0,train
22899,0,train
20929,0,train
21762,0,train
13682,0,train
24465,0,train
27318,0,train
18156,0,train
1599,0,train
22706,0,train
18751,0,train
24732,0,train
13446,0,train
23992,0,train
7997,0,train
22793,0,train
12688,0,train
18777,0,train
10604,0,train
14279,1,train
6343,0,train
320,0,train
25866,0,train
11848,0,train
11549,0,train
18128,0,train
1136,0,train
27689,1,train
27591,0,train
25490,0,train
5136,1,train
19739,0,train
8662,0,train
10992,0,train
81,0,train
17474,1,train
7123,1,train
25912,0,train
10726,0,train
26225,0,train
3990,1,train
887,0,train
3899,1,train
14602,0,train
27550,1,train
6345,1,train
9750,0,train
539,0,train
17231,1,train
3876,0,train
7299,0,train
4618,0,train
2308,0,train
25518,0,train
10855,0,train
20878,0,train
13142,0,train
16857,0,train
12876,1,train
2890,0,train
6806,0,train
13087,1,train
7556,1,train
10573,0,train
9758,0,train
24595,1,train
21783,0,train
894,0,train
18441,0,train
10190,0,train
26716,1,train
25574,0,train
29822,0,train
8368,0,train
13462,0,train
7527,0,train
20040,0,train
5167,0,train
13375,0,train
27542,0,train
13325,0,train
29249,1,train
1672,0,train
4958,1,train
28213,0,train
21612,0,train
13221,0,train
3936,0,train
17834,0,train
19729,0,train
15238,0,train
21381,1,train
27097,0,train
24256,1,train
24617,1,train
14515,0,train
10643,0,train
28345,0,train
2478,0,train
183,0,train
23180,0,train
12822,0,train
29507,0,train
11224,0,train
21864,0,train
371,1,train
4606,0,train
23567,0,train
23480,1,train
13603,0,train
17311,0,train
18790,0,train
16579,1,train
11877,0,train
21484,0,train
56,0,train
1296,0,train
10802,1,train
9249,0,train
12305,0,train
23669,0,train
18465,0,train
18065,1,train
129,1,train
22112,1,train
7618,1,train
11927,0,train
15565,0,train
22973,1,train
29355,1,train
1461,1,train
3457,0,train
8608,0,train
20078,0,train
14735,0,train
12498,1,train
10583,0,train
5717,0,train
12414,0,train
7538,0,train
27074,0,train
24107,0,train
17594,0,train
22726,0,train
28837,0,train
22478,0,train
1030,1,train
12589,1,train
3193,0,train
14100,0,train
19159,0,train
1717,0,train
24684,0,train
8317,0,train
13505,1,train
19828,0,train
13298,0,train
7088,1,train
17681,0,train
23117,0,train
5885,1,train
984,0,train
6005,0,train
579,0,train
27060,1,train
17333,0,train
8082,0,train
3924,0,train
15883,0,train
21524,1,train
3911,1,train
7989,0,train
10012,0,train
4082,0,train
24976,0,train
24569,0,train
16284,0,train
12038,0,train
24717,1,train
7477,1,train
20723,0,train
22965,0,train
25170,0,train
1310,0,train
15544,0,train
19294,0,train
13108,0,train
18743,0,train
21493,0,train
24338,0,train
7161,0,train
505,0,train
4988,0,train
6724,1,train
24001,0,train
28543,0,train
5609,0,train
19304,0,train
5156,0,train
3014,0,train
770,0,train
5530,0,train
2132,0,train
10827,0,train
28564,0,train
13729,0,train
8795,1,train
21685,0,train
8097,0,train
6645,0,train
1559,1,train
11418,1,train
15019,0,train
7451,1,train
12132,1,train
10193,0,train
2051,0,train
2364,1,train
28750,0,train
4755,0,train
5551,0,train
3043,0,train
5811,0,train
141,1,train
26399,0,train
10623,1,train
17630,0,train
17956,0,train
4331,0,train
14751,0,train
22755,0,train
2107,0,train
25393,0,train
26435,0,train
9046,0,train
9841,1,train
22106,0,train
15642,0,train
22824,0,train
17112,0,train
19252,1,train
7250,1,train
4532,0,train
25598,0,train
1910,0,train
17122,1,train
570,0,train
27819,0,train
26036,0,train
24833,0,train
2034,0,train
24502,0,train
20467,0,train
22672,0,train
3111,0,train
3731,0,train
15877,0,train
23192,0,train
2487,0,train
7303,0,train
11694,0,train
19988,0,train
1165,0,train
15034,1,train
2497,0,train
25165,0,train
5374,0,train
6873,0,train
4950,0,train
28134,0,train
10151,0,train
2869,0,train
5085,1,train
19650,1,train
29657,0,train
752,0,train
20371,1,train
14191,0,train
95,0,train
15401,0,train
6253,0,train
6536,0,train
2682,0,train
881,0,train
549,0,train
15077,1,train
20367,1,train
26613,0,train
9745,0,train
13699,0,train
5450,0,train
29128,0,train
24132,0,train
7680,1,train
24998,0,train
8690,1,train
4844,0,train
5290,0,train
14155,0,train
8980,0,train
29856,0,train
29726,0,train
12631,0,train
6874,0,train
17534,1,train
25301,0,train
8278,1,train
8055,0,train
26398,0,train
14915,1,train
16869,0,train
21066,0,train
1194,0,train
14050,1,train
9828,0,train
27071,0,train
1765,0,train
6260,0,train
15525,0,train
22881,0,train
10781,0,train
20,0,train
2345,0,train
4363,0,train
13154,1,train
24218,0,train
28093,0,train
3107,0,train
2341,0,train
26604,0,train
22860,0,train
15840,0,train
10750,0,train
18636,0,train
12586,0,train
18298,0,train
27270,0,train
20650,0,train
4651,0,train
18673,1,train
14037,1,train
4985,0,train
26324,0,train
11983,0,train
19148,0,train
25353,0,train
14563,1,train
6102,0,train
6461,0,train
8412,0,train
29820,1,train
25838,1,train
14137,0,train
7340,1,train
2705,0,train
11667,1,train
22795,0,train
29581,0,train
22195,0,train
29119,1,train
4703,1,train
20833,0,train
17909,1,train
3316,0,train
24052,0,train
5644,0,train
1122,1,train
22601,1,train
10675,0,train
2314,0,train
2462,1,train
12319,1,train
5004,0,train
24615,0,train
28190,0,train
12717,0,train
12439,0,train
13187,0,train
6616,1,train
3967,0,train
3713,0,train
7750,1,train
23560,0,train
8725,0,train
3011,0,train
5809,0,train
15352,0,train
29992,1,train
17652,0,train
23552,0,train
4247,0,train
3937,0,train
23441,0,train
7357,1,train
25420,0,train
24991,0,train
9001,0,train
29,0,train
8410,0,train
3903,0,train
15112,1,train
20570,0,train
19708,1,train
148,0,train
6211,0,train
17783,0,train
21659,0,train
17563,1,train
17777,0,train
27424,0,train
29061,0,train
9282,0,train
9498,0,train
14587,1,train
24120,0,train
12862,1,train
18984,0,train
10144,0,train
11574,0,train
5584,0,train
18600,0,train
29405,0,train
18641,0,train
17607,0,train
28921,1,train
15660,0,train
6703,1,train
14344,0,train
14884,1,train
20909,0,train
5821,0,train
7152,1,train
361,1,train
3984,0,train
18218,0,train
25531,1,train
285,0,train
7696,0,train
27524,1,train
10689,0,train
16773,1,train
19131,1,train
4261,0,train
25556,0,train
7619,0,train
14772,0,train
12909,1,train
11300,1,train
5574,0,train
4361,0,train
12400,0,train
22226,0,train
10154,0,train
2976,0,train
18019,0,train
28931,0,train
22221,0,train
4491,0,train
2062,0,train
21068,0,train
23403,0,train
3398,1,train
4477,0,train
4381,0,train
4675,1,train
20635,0,train
10771,0,train
17545,1,train
675,0,train
13213,0,train
11591,0,train
18149,0,train
12881,0,train
19900,1,train
22567,0,train
22837,1,train
13197,1,train
8851,0,train
8749,0,train
1347,0,train
783,1,train
19521,1,train
4400,0,train
21728,0,train
20083,0,train
22936,0,train
7949,0,train
22700,1,train
3970,0,train
13495,0,train
11711,0,train
24897,0,train
23187,1,train
5320,0,train
14472,1,train
25581,0,train
24589,0,train
14711,0,train
22865,0,train
20142,0,train
10162,0,train
22915,0,train
16789,1,train
24807,0,train
29409,1,train
6087,0,train
29888,0,train
15300,0,train
5165,0,train
7379,0,train
17993,0,train
13656,1,train
15469,1,train
28983,0,train
11494,0,train
26284,0,train
18069,0,train
18533,0,train
5722,1,train
2892,0,train
18232,0,train
28220,0,train
29190,1,train
29892,0,train
2359,0,train
1963,0,train
29831,1,train
8815,0,train
10644,0,train
29928,0,train
12316,0,train
14145,1,train
19615,0,train
9550,0,train
14435,1,train
17444,0,train
5137,1,train
3008,0,train
24113,0,train
7566,0,train
10577,0,train
17784,0,train
2981,0,train
8187,0,train
1128,0,train
22999,0,train
14181,0,train
6197,0,train
5542,0,train
8613,0,train
19977,0,train
25196,0,train
2556,0,train
24435,1,train
12045,0,train
9128,0,train
10158,1,train
10849,0,train
8366,0,train
27571,0,train
12755,0,train
5597,0,train
18531,0,train
5834,0,train
10948,0,train
8965,0,train
9951,0,train
24057,1,train
28020,1,train
23877,0,train
16345,0,train
25113,0,train
1517,0,train
3922,0,train
8167,0,train
21041,0,train
23476,0,train
24819,0,train
17605,0,train
4432,0,train
6002,0,train
29358,0,train
13722,0,train
7046,0,train
5246,0,train
26283,0,train
26464,1,train
12674,1,train
22093,0,train
25389,0,train
23506,1,train
7832,0,train
17079,0,train
15427,1,train
16891,0,train
569,0,train
26601,0,train
28165,0,train
23622,1,train
16399,0,train
27931,0,train
24766,1,train
547,1,train
14760,0,train
15308,0,train
26360,0,train
20266,0,train
27320,0,train
16626,1,train
17706,0,train
19893,0,train
8668,1,train
18187,1,train
3412,0,train
12703,0,train
11215,0,train
2453,0,train
3138,0,train
27366,0,train
3968,0,train
13159,0,train
24621,0,train
13845,0,train
20877,0,train
27624,1,train
12188,0,train
2450,1,train
26545,0,train
1534,0,train
7291,0,train
12782,0,train
19834,0,train
24611,0,train
2614,0,train
27679,0,train
11437,1,train
11783,0,train
9955,1,train
20717,0,train
2563,1,train
21138,0,train
10405,0,train
18507,0,train
23159,0,train
8386,0,train
5089,0,train
13755,0,train
27951,1,train
20688,0,train
24172,0,train
10616,0,train
23295,0,train
12158,0,train
11866,0,train
9203,0,train
8868,1,train
18840,0,train
6647,0,train
5632,0,train
26645,1,train
9884,0,train
23641,0,train
24035,1,train
21432,0,train
27751,0,train
7440,1,train
27865,0,train
1752,1,train
17693,1,train
26796,0,train
28208,0,train
23363,0,train
10661,0,train
877,0,train
29366,0,train
616,0,train
4918,1,train
15950,0,train
19388,1,train
12425,0,train
17965,0,train
20977,0,train
14255,0,train
5347,0,train
28346,0,train
15093,0,train
190,0,train
13245,0,train
18157,0,train
11204,0,train
11863,1,train
23219,0,train
24291,0,train
24798,0,train
29523,0,train
29753,0,train
14017,0,train
25359,0,train
27749,1,train
13459,1,train
25572,0,train
19472,1,train
14242,0,train
29335,0,train
19264,0,train
20108,0,train
25541,1,train
8964,0,train
5650,0,train
15322,0,train
9373,0,train
15603,1,train
2500,0,train
5424,0,train
891,0,train
6258,0,train
22454,0,train
23328,0,train
11800,0,train
24610,0,train
21630,0,train
7779,0,train
11815,0,train
21852,0,train
16072,0,train
25173,0,train
4587,0,train
12163,1,train
1766,1,train
2977,1,train
5490,0,train
19998,0,train
17464,1,train
23329,0,train
10105,0,train
17004,0,train
22985,0,train
16114,0,train
12164,0,train
1589,0,train
4832,1,train
17045,0,train
27985,0,train
22118,0,train
4489,0,train
23593,0,train
27886,1,train
18386,1,train
8831,0,train
22831,1,train
20425,1,train
21474,0,train
21489,0,train
2183,0,train
4536,1,train
13918,0,train
18664,0,train
1104,0,train
7487,0,train
18967,0,train
4231,0,train
4935,0,train
18006,1,train
23661,0,train
1340,1,train
18995,0,train
4121,0,train
9389,0,train
15216,0,train
29452,1,train
13144,0,train
26649,1,train
19836,0,train
7019,0,train
27914,0,train
24823,0,train
8330,0,train
1944,0,train
28615,0,train
22149,0,train
13065,0,train
1840,1,train
21258,0,train
25916,0,train
14218,0,train
7605,0,train
27857,0,train
20552,0,train
4208,0,train
6303,0,train
23006,1,train
222,0,train
10497,0,train
15279,0,train
10298,0,train
9859,0,train
4143,0,train
25611,0,train
17393,0,train
15556,1,train
23566,0,train
19456,0,train
6249,0,train
99,0,train
2584,0,train
20242,0,train
16302,0,train
381,0,train
23943,0,train
1729,0,train
29300,0,train
10074,0,train
1344,0,train
2349,0,train
949,0,train
6623,0,train
14533,0,train
28752,1,train
8116,0,train
12841,1,train
21956,0,train
9021,0,train
28683,0,train
20560,1,train
18280,0,train
6153,0,train
22237,0,train
5047,0,train
24821,0,train
14709,0,train
16784,1,train
21769,0,train
10383,0,train
5747,1,train
25683,0,train
13393,0,train
16695,0,train
25174,0,train
2787,0,train
204,0,train
21519,0,train
15835,1,train
4682,0,train
5992,0,train
18363,1,train
8169,0,train
24956,0,train
23601,0,train
18231,0,train
4134,1,train
24279,1,train
12575,0,train
1393,0,train
21191,0,train
22256,0,train
22183,0,train
2449,0,train
3600,0,train
18132,0,train
1032,0,train
465,0,train
25627,0,train
16518,1,train
980,0,train
25416,1,train
596,0,train
20807,1,train
24872,0,train
20053,0,train
20060,0,train
17757,1,train
8982,0,train
6679,1,train
20434,0,train
8117,0,train
113,0,train
7677,0,train
22622,0,train
13425,0,train
4857,0,train
26375,1,train
3716,0,train
17247,0,train
97,0,train
23605,0,train
26783,0,train
2850,0,train
7528,0,train
7833,0,train
1843,0,train
20550,0,train
12263,0,train
8359,0,train
12689,0,train
8480,0,train
6128,1,train
2228,0,train
10406,1,train
16825,1,train
20300,0,train
4728,1,train
15815,0,train
14111,0,train
24533,0,train
15538,0,train
19319,0,train
6960,0,train
16253,0,train
28273,0,train
7017,1,train
14068,0,train
29927,0,train
1622,0,train
12820,0,train
12454,1,train
4612,0,train
10905,0,train
28133,0,train
28242,0,train
16987,1,train
12474,0,train
8311,0,train
18813,1,train
7932,0,train
1647,1,train
16613,1,train
26727,0,train
7023,1,train
7941,0,train
27406,0,train
26422,0,train
18339,0,train
5780,0,train
11826,1,train
29120,0,train
12821,0,train
10506,0,train
14494,0,train
9416,0,train
12665,0,train
17055,0,train
4671,1,train
6154,1,train
15281,0,train
24452,1,train
21411,0,train
23201,0,train
20562,0,train
1086,0,train
19315,0,train
5787,1,train
28106,0,train
721,0,train
22220,0,train
18430,1,train
575,0,train
25890,0,train
24517,0,train
12480,0,train
12526,1,train
16551,0,train
1285,0,train
18384,1,train
22252,0,train
10638,0,train
27253,0,train
16178,1,train
11971,1,train
3353,0,train
16008,0,train
2375,1,train
15000,0,train
22575,0,train
13335,0,train
4101,1,train
967,0,train
20036,0,train
20915,1,train
1651,0,train
8032,0,train
28129,0,train
11529,0,train
7285,0,train
21045,0,train
14664,0,train
11004,0,train
24664,1,train
25310,1,train
23503,0,train
16640,1,train
12039,0,train
23761,0,train
274,0,train
12198,1,train
467,1,train
16502,0,train
24249,1,train
24889,0,train
17239,0,train
17528,0,train
12300,0,train
23154,0,train
6131,0,train
12398,0,train
9146,0,train
17750,0,train
6034,0,train
29834,1,train
18138,0,train
27957,0,train
28111,0,train
9432,0,train
17041,0,train
21394,1,train
15589,0,train
5793,0,train
10636,0,train
11458,0,train
19862,1,train
23691,0,train
8256,0,train
7090,1,train
29179,0,train
2372,0,train
26429,0,train
24902,0,train
21831,1,train
17973,0,train
25899,0,train
12444,0,train
11446,0,train
3742,0,train
25593,0,train
10384,0,train
13242,0,train
15552,1,train
12870,0,train
27286,0,train
16833,1,train
29721,0,train
13619,0,train
5000,0,train
18565,0,train
27788,0,train
23271,0,train
29479,0,train
3870,0,train
22797,0,train
28820,0,train
22635,0,train
1222,0,train
180,0,train
13173,1,train
10218,0,train
23158,0,train
21849,0,train
21883,0,train
12987,1,train
1645,1,train
18644,0,train
14225,0,train
5275,1,train
26326,0,train
16100,1,train
11207,1,train
85,0,train
10858,0,train
24744,0,train
12093,0,train
17576,1,train
3092,0,train
10230,0,train
8707,0,train
19737,0,train
22498,0,train
9210,0,train
17091,0,train
26010,0,train
15501,1,train
19421,0,train
17646,0,train
19473,0,train
4917,0,train
23643,0,train
26406,0,train
23248,0,train
23861,0,train
26624,0,train
26474,0,train
20531,0,train
11311,0,train
22180,0,train
24034,0,train
24678,1,train
28858,0,train
28152,0,train
21414,0,train
17540,0,train
26956,0,train
4620,0,train
22315,0,train
8738,0,train
20646,1,train
15612,0,train
28664,1,train
26146,0,train
4014,1,train
7739,1,train
22995,0,train
15277,0,train
23584,0,train
10491,0,train
22264,0,train
12023,0,train
7814,0,train
11053,1,train
176,1,train
28411,0,train
26372,0,train
14280,1,train
9359,0,train
28226,0,train
11730,0,train
26797,0,train
3740,0,train
25740,1,train
13645,0,train
5418,0,train
23929,0,train
28714,0,train
3778,0,train
19604,1,train
9226,0,train
9087,0,train
19485,0,train
26901,0,train
3960,0,train
21268,1,train
28438,0,train
23436,0,train
13204,0,train
9010,0,train
10180,0,train
17189,1,train
22744,0,train
7238,1,train
15448,1,train
7936,0,train
15497,0,train
28812,0,train
22326,1,train
5954,1,train
27631,1,train
10922,0,train
8768,0,train
16527,0,train
11280,0,train
6831,0,train
21146,0,train
27727,0,train
14757,0,train
1891,0,train
8466,0,train
14359,0,train
29715,0,train
1430,0,train
11763,0,train
513,0,train
21541,0,train
19861,0,train
19150,1,train
8503,0,train
6257,0,train
16497,0,train
28884,0,train
17978,0,train
1433,1,train
2023,0,train
585,0,train
1590,0,train
11873,0,train
7374,1,train
4034,0,train
20919,0,train
12380,0,train
1803,0,train
27697,1,train
8464,0,train
12896,0,train
22818,0,train
18960,0,train
17480,0,train
20203,0,train
13295,0,train
29615,1,train
10818,0,train
19024,1,train
4877,0,train
5976,0,train
19227,0,train
21043,0,train
21212,0,train
19223,0,train
24794,1,train
20896,0,train
27122,1,train
15822,0,train
15759,1,train
10175,0,train
20184,0,train
15982,0,train
4133,0,train
26922,1,train
11262,0,train
10052,0,train
13679,0,train
27525,0,train
1575,0,train
21930,0,train
28167,1,train
8856,1,train
13947,0,train
25853,0,train
15726,0,train
27744,0,train
29200,0,train
1594,0,train
14402,0,train
25982,0,train
26749,0,train
18784,0,train
8448,1,train
11031,1,train
13744,1,train
19745,0,train
27805,1,train
13058,0,train
3836,0,train
9031,0,train
27545,0,train
21010,0,train
29652,1,train
26218,0,train
12137,0,train
3422,0,train
22602,0,train
26090,0,train
7415,1,train
27316,0,train
957,0,train
15361,0,train
10102,0,train
769,0,train
13113,0,train
1987,0,train
14995,0,train
8726,1,train
8188,1,train
21017,1,train
629,0,train
18681,0,train
26285,1,train
4125,1,train
2800,0,train
17827,0,train
26108,0,train
21282,0,train
24980,0,train
21018,1,train
25121,0,train
21331,1,train
16078,0,train
11984,0,train
27193,1,train
29275,0,train
6617,0,train
17070,1,train
12927,0,train
14120,0,train
19850,0,train
28602,0,train
5547,0,train
18217,1,train
11865,0,train
25898,1,train
16005,0,train
19664,0,train
2659,0,train
27580,1,train
4506,0,train
19017,0,train
27639,0,train
10923,0,train
13104,0,train
13857,1,train
13390,0,train
3448,1,train
18422,1,train
17029,0,train
13732,0,train
29041,0,train
19855,0,train
9714,0,train
10359,0,train
27773,1,train
10401,0,train
27694,0,train
18262,0,train
9266,0,train
443,0,train
18355,0,train
8381,0,train
16294,0,train
17150,0,train
6856,0,train
7524,0,train
16796,0,train
4615,1,train
29555,1,train
16488,1,train
25290,0,train
5890,0,train
25025,1,train
17135,0,train
27165,0,train
20947,0,train
25873,0,train
3307,0,train
1919,0,train
12190,0,train
2186,0,train
16771,1,train
13669,0,train
20014,0,train
11276,0,train
1636,0,train
15771,1,train
21416,0,train
8561,0,train
11853,0,train
3052,0,train
25373,0,train
2612,0,train
10080,1,train
11174,0,train
21378,0,train
9417,0,train
23335,1,train
15247,0,train
4539,0,train
6818,0,train
16198,0,train
25384,0,train
26065,0,train
21175,0,train
25804,0,train
27311,0,train
28252,0,train
23709,0,train
27822,0,train
21232,0,train
22138,0,train
18388,0,train
5726,0,train
26728,0,train
27759,0,train
26141,0,train
8610,0,train
29313,1,train
27637,0,train
19085,0,train
6658,0,train
25779,0,train
2681,0,train
14674,0,train
21774,0,train
9885,0,train
100,1,train
28542,0,train
24227,1,train
7049,1,train
8923,0,train
23433,0,train
29485,0,train
9201,0,train
17625,1,train
21044,0,train
29306,0,train
13497,0,train
6946,1,train
19730,0,train
4941,0,train
29548,0,train
23921,1,train
6520,0,train
12889,1,train
26127,0,train
1290,0,train
22803,0,train
25457,0,train
12302,0,train
2098,0,train
14681,0,train
23600,0,train
24365,0,train
5680,0,train
1986,1,train
18477,0,train
18899,1,train
28920,0,train
2690,0,train
139,1,train
4030,1,train
22834,0,train
13545,0,train
28083,0,train
25034,1,train
22286,1,train
5924,0,train
26969,0,train
4923,0,train
12375,1,train
756,0,train
25398,0,train
10086,0,train
4779,0,train
14158,0,train
2562,0,train
24733,0,train
8587,0,train
27369,0,train
3325,0,train
27118,0,train
14510,0,train
29853,0,train
6903,0,train
17764,0,train
6354,0,train
12269,1,train
20693,0,train
3340,1,train
21735,0,train
26253,0,train
13639,0,train
10267,0,train
17489,1,train
26247,1,train
7602,0,train
5541,0,train
26599,1,train
24206,0,train
20413,0,train
26468,0,train
2384,0,train
11292,0,train
25967,0,train
20997,0,train
18964,1,train
7108,0,train
8364,0,train
29060,0,train
19839,0,train
5239,0,train
26232,0,train
1863,0,train
24793,0,train
23116,0,train
10762,1,train
16024,0,train
12109,0,train
17598,0,train
14825,1,train
3800,0,train
1887,0,train
20998,0,train
7079,0,train
24411,0,train
7163,0,train
26900,1,train
17925,1,train
26128,1,train
14041,0,train
29519,1,train
26919,0,train
2610,0,train
5224,1,train
23890,0,train
14900,0,train
19984,0,train
14249,0,train
29240,0,train
3765,0,train
19205,0,train
28444,0,train
18914,1,train
20453,1,train
760,0,train
1149,0,train
8398,0,train
27275,0,train
653,0,train
4494,0,train
12658,0,train
27368,0,train
9030,0,train
21169,1,train
12776,0,train
23683,0,train
24086,0,train
15344,0,train
15608,0,train
28741,0,train
23411,0,train
14412,0,train
6222,1,train
18385,0,train
6651,0,train
21150,0,train
12482,1,train
17134,1,train
28109,1,train
27117,0,train
27112,1,train
413,0,train
14817,0,train
29123,0,train
10886,0,train
20164,1,train
29040,0,train
11728,1,train
23550,0,train
14410,1,train
13453,1,train
23458,0,train
15592,0,train
4283,0,train
22324,0,train
5570,0,train
1172,0,train
14009,0,train
17059,1,train
6413,1,train
1925,1,train
5429,0,train
25334,0,train
611,0,train
1772,0,train
25193,0,train
450,0,train
7518,0,train
23925,0,train
21200,0,train
2936,1,train
13750,0,train
8854,0,train
20869,0,train
22992,0,train
27423,0,train
4729,1,train
1565,1,train
16362,0,train
3212,0,train
10040,0,train
6714,0,train
6562,0,train
28865,0,train
3368,1,train
12855,0,train
9324,1,train
17585,0,train
61,1,train
21969,0,train
19180,0,train
13456,0,train
11191,0,train
26773,0,train
985,0,train
8597,0,train
13667,0,train
9500,0,train
1620,1,train
22470,1,train
20355,0,train
29518,0,train
12195,1,train
29406,0,train
5277,0,train
22314,0,train
14957,0,train
19801,0,train
27152,0,train
11439,0,train
27362,1,train
6901,0,train
17823,0,train
4144,1,train
14955,0,train
4704,1,train
11717,1,train
6594,0,train
9843,1,train
3757,0,train
8992,1,train
6403,1,train
24856,1,train
22066,1,train
28312,0,train
11296,1,train
21401,0,train
12000,1,train
24211,0,train
26491,0,train
26925,0,train
14069,0,train
18553,1,train
29443,0,train
16882,0,train
23638,0,train
13530,0,train
23961,0,train
14258,0,train
17413,0,train
28766,0,train
7584,0,train
3560,0,train
17486,1,train
13648,1,train
21015,1,train
25653,1,train
16346,0,train
481,0,train
14164,0,train
3273,0,train
10854,1,train
23614,0,train
10972,0,train
25109,0,train
7129,1,train
9319,0,train
5777,0,train
19397,0,train
23967,1,train
357,0,train
25998,0,train
8017,0,train
19244,1,train
12496,1,train
21316,0,train
23670,0,train
24077,0,train
3640,0,train
4573,1,train
6495,0,train
12246,0,train
480,0,train
8157,0,train
6415,0,train
4663,0,train
16792,0,train
3868,0,train
29828,1,train
29510,0,train
19555,0,train
22974,1,train
17890,0,train
20213,1,train
5721,0,train
24541,0,train
28829,0,train
11686,0,train
26161,0,train
26424,0,train
24487,0,train
29421,0,train
25674,0,train
29982,0,train
12057,0,train
13184,0,train
18221,0,train
16467,0,train
20337,1,train
17395,0,train
21279,0,train
7930,0,train
5143,0,train
8930,1,train
2836,1,train
10718,0,train
28392,0,train
9932,0,train
12193,0,train
29362,0,train
4012,0,train
27154,0,train
27124,0,train
16810,0,train
23286,0,train
9130,0,train
29722,0,train
28309,0,train
24591,1,train
14331,1,train
2358,0,train
16487,0,train
11930,0,train
28593,0,train
2670,1,train
21086,0,train
8027,0,train
24661,0,train
516,0,train
27575,0,train
27242,0,train
23530,1,train
27120,1,train
27288,0,train
1383,0,train
223,0,train
4952,0,train
23497,0,train
19224,1,train
13996,0,train
28830,0,train
29915,0,train
13,0,train
3350,0,train
3053,0,train
2678,0,train
8062,0,train
17362,0,train
9545,0,train
11112,0,train
10462,0,train
10697,1,train
6936,0,train
10568,1,train
841,0,train
858,1,train
28107,0,train
29103,0,train
12652,0,train
13345,1,train
11948,0,train
21830,0,train
12971,0,train
25095,0,train
22087,0,train
1315,0,train
489,1,train
2113,0,train
25949,0,train
22461,0,train
22638,0,train
11365,0,train
23833,0,train
7650,0,train
9912,0,train
22739,0,train
12320,0,train
21154,0,train
20819,0,train
8805,0,train
4175,1,train
16644,0,train
4795,0,train
16009,0,train
929,0,train
8214,0,train
9520,0,train
22560,0,train
20415,0,train
8028,0,train
10700,0,train
16927,0,train
16408,0,train
3766,0,train
19259,1,train
3145,0,train
8013,0,train
19099,1,train
5544,0,train
16776,0,train
27627,0,train
2339,0,train
21494,1,train
21176,0,train
17716,0,train
994,1,train
1336,0,train
14498,0,train
17334,0,train
6848,0,train
22160,0,train
27088,0,train
5040,1,train
26030,1,train
6041,1,train
23784,0,train
19847,0,train
903,0,train
17882,0,train
5015,0,train
21321,0,train
17219,0,train
2879,0,train
5513,1,train
10725,0,train
27526,0,train
29083,0,train
12154,0,train
3706,0,train
11593,0,train
16049,0,train
20429,1,train
5164,1,train
11582,1,train
7709,0,train
5051,0,train
5238,0,train
16470,1,train
29926,0,train
24469,0,train
22982,0,train
10850,0,train
19026,1,train
14734,1,train
10148,0,train
21741,1,train
9830,0,train
28708,0,train
26707,1,train
19956,0,train
14160,1,train
7808,0,train
10555,0,train
14154,0,train
11637,1,train
17366,0,train
20905,0,train
21950,0,train
24351,1,train
18717,0,train
16629,0,train
23745,0,train
28262,1,train
19075,0,train
25842,0,train
20543,1,train
16064,0,train
1922,0,train
14509,0,train
8427,0,train
20736,0,train
1204,0,train
12957,0,train
9667,0,train
26044,1,train
19288,0,train
14577,0,train
20524,1,train
1555,0,train
5328,0,train
9960,0,train
10540,1,train
2602,0,train
29702,1,train
21907,0,train
8176,1,train
6975,0,train
23023,0,train
22857,0,train
11430,1,train
21618,1,train
11094,0,train
27516,0,train
27050,1,train
23459,0,train
7276,0,train
11426,0,train
6012,0,train
10652,0,train
25442,0,train
9377,1,train
2979,0,train
1976,0,train
24342,1,train
29133,1,train
9748,0,train
14159,1,train
2039,0,train
12670,0,train
6511,0,train
7182,0,train
16737,0,train
22189,0,train
24212,0,train
7635,0,train
2628,0,train
5640,0,train
17242,0,train
19635,0,train
269,0,train
28934,0,train
18336,1,train
6138,1,train
9816,0,train
6469,0,train
26867,1,train
26794,0,train
13229,0,train
14998,0,train
18713,0,train
18377,0,train
52,0,train
8520,0,train
7018,0,train
9794,0,train
5029,0,train
10292,0,train
8915,0,train
20509,0,train
17865,0,train
682,0,train
19056,1,train
24776,0,train
17774,0,train
16211,0,train
23467,0,train
25635,0,train
5083,0,train
3017,0,train
24977,0,train
27566,0,train
8733,0,train
25101,0,train
12612,0,train
3216,0,train
28782,0,train
5695,1,train
3370,0,train
14917,0,train
15763,1,train
3356,0,train
2302,1,train
28763,0,train
21889,1,train
25945,0,train
29341,0,train
17346,0,train
16762,0,train
19270,1,train
28132,0,train
5838,1,train
19558,0,train
14635,0,train
7517,0,train
537,0,train
25026,0,train
29931,0,train
2331,0,train
25889,0,train
4003,1,train
24575,0,train
28043,0,train
23946,0,train
29423,0,train
8873,0,train
9029,0,train
10386,0,train
23538,0,train
25991,0,train
27361,0,train
23266,0,train
9919,1,train
17153,0,train
16738,0,train
6549,0,train
17967,1,train
11796,0,train
5733,0,train
21996,0,train
1883,0,train
748,1,train
8656,0,train
10282,0,train
15932,0,train
23372,0,train
4890,0,train
17249,1,train
18201,0,train
24326,0,train
2460,0,train
18793,0,train
5732,0,train
12144,0,train
28523,0,train
9182,0,train
6325,0,train
27695,0,train
15610,0,train
13840,1,train
22598,1,train
23922,0,train
12736,0,train
13486,0,train
13878,0,train
23025,0,train
29502,0,train
3973,0,train
26212,0,train
9205,0,train
16934,0,train
11302,1,train
24494,0,train
9051,0,train
27494,1,train
7094,0,train
22989,0,train
5060,0,train
17994,0,train
29171,1,train
2921,0,train
20074,0,train
6103,0,train
23965,0,train
6484,1,train
20925,0,train
8002,0,train
29023,0,train
22072,0,train
29977,1,train
5388,1,train
24525,1,train
11912,0,train
1978,0,train
17011,0,train
24784,0,train
271,0,train
22784,0,train
29568,0,train
28810,0,train
15064,0,train
973,1,train
11541,0,train
4273,0,train
29938,0,train
19622,1,train
24209,0,train
15655,0,train
5309,0,train
14766,0,train
24282,0,train
7463,0,train
21475,0,train
27300,0,train
15977,1,train
17511,1,train
563,0,train
16050,0,train
8701,0,train
28976,0,train
9411,0,train
19164,0,train
3639,0,train
15966,0,train
18089,0,train
19702,0,train
402,0,train
23448,0,train
19721,0,train
20762,1,train
16658,0,train
11957,0,train
7341,0,train
17887,0,train
14365,0,train
10872,0,train
4041,0,train
10315,1,train
13033,0,train
23349,0,train
843,0,train
24250,0,train
22511,0,train
20383,0,train
18735,0,train
23420,0,train
28340,0,train
2550,0,train
13411,0,train
21694,0,train
4992,0,train
2877,0,train
14389,0,train
10416,0,train
15134,0,train
23343,1,train
13073,1,train
29173,0,train
25774,0,train
4038,0,train
24651,0,train
18076,1,train
12436,1,train
13849,0,train
12714,0,train
24472,1,train
4473,1,train
14106,0,train
26610,1,train
19019,0,train
12571,0,train
17355,0,train
12891,0,train
19612,0,train
13246,0,train
2473,0,train
25752,0,train
23496,1,train
10714,1,train
13823,1,train
10655,0,train
17193,0,train
21845,0,train
16545,0,train
29607,1,train
14064,1,train
12435,0,train
21415,0,train
24095,0,train
11169,0,train
22564,0,train
25959,0,train
291,1,train
28693,0,train
19805,0,train
7212,0,train
28681,0,train
6631,0,train
2995,0,train
29575,0,train
6444,0,train
4455,1,train
25394,0,train
14178,0,train
1231,1,train
11704,0,train
12244,1,train
18737,1,train
4137,0,train
26205,0,train
9045,0,train
25212,0,train
5307,0,train
12545,0,train
13112,0,train
23688,1,train
19191,0,train
26928,0,train
24341,0,train
7760,0,train
4292,0,train
27327,0,train
20652,1,train
23113,0,train
26577,0,train
8349,1,train
16740,0,train
1529,0,train
16120,0,train
3506,0,train
27533,0,train
6586,0,train
3507,0,train
25027,0,train
8021,1,train
9383,0,train
20288,1,train
22166,0,train
19915,0,train
24674,0,train
12592,0,train
12934,0,train
348,1,train
1612,0,train
15083,0,train
2232,1,train
1112,0,train
6294,0,train
16452,1,train
408,0,train
5895,1,train
29042,1,train
17192,0,train
7662,1,train
27789,0,train
20548,0,train
28289,0,train
5464,0,train
16235,0,train
9264,0,train
15229,0,train
6611,0,train
25132,0,train
28537,0,train
4069,1,train
377,0,train
17287,0,train
3589,0,train
9306,1,train
7033,0,train
3136,0,train
21413,0,train
6769,0,train
540,0,train
11043,0,train
21709,0,train
22884,0,train
11677,0,train
7266,1,train
17463,0,train
27466,0,train
29257,0,train
15132,0,train
23077,0,train
19350,0,train
10010,1,train
25186,0,train
19662,0,train
23174,0,train
4997,0,train
11164,0,train
19964,0,train
20924,0,train
18690,0,train
10996,0,train
12549,0,train
18631,0,train
10343,0,train
17729,0,train
3648,0,train
25018,1,train
2971,0,train
2389,0,train
17870,0,train
11524,0,train
22670,0,train
18340,1,train
19097,0,train
5673,0,train
9956,0,train
16397,0,train
16656,0,train
19949,0,train
19347,1,train
9195,1,train
14756,1,train
7484,0,train
12938,0,train
24014,1,train
20021,0,train
1201,0,train
12835,1,train
19046,0,train
23893,0,train
11349,0,train
23631,1,train
19055,0,train
5412,0,train
13535,0,train
22888,0,train
4368,0,train
735,0,train
21072,0,train
15590,0,train
15418,0,train
1792,0,train
3871,1,train
20645,1,train
24198,1,train
1862,1,train
3478,0,train
7278,1,train
62,0,train
16948,0,train
14575,0,train
22862,0,train
21821,0,train
9401,1,train
8925,0,train
16475,0,train
14912,0,train
17901,0,train
19766,0,train
25296,0,train
13675,1,train
22779,0,train
14112,0,train
25935,0,train
20423,0,train
28419,0,train
820,0,train
13901,0,train
24121,0,train
3736,0,train
27703,0,train
12254,0,train
25655,0,train
13966,0,train
10145,0,train
27463,0,train
29628,0,train
14853,0,train
7908,0,train
726,1,train
2906,0,train
10509,0,train
27383,0,train
20902,0,train
16578,0,train
15126,0,train
21460,0,train
22910,0,train
23780,0,train
27970,0,train
16131,0,train
2451,1,train
13442,0,train
23214,1,train
18928,1,train
28099,0,train
14840,0,train
2052,0,train
19032,0,train
5458,1,train
4336,0,train
3366,1,train
14375,0,train
23639,0,train
14676,0,train
17296,0,train
15353,0,train
7695,0,train
12416,0,train
9438,1,train
18114,1,train
23382,0,train
29400,0,train
5914,0,train
334,0,train
20281,0,train
1059,0,train
10085,0,train
17523,0,train
20847,0,train
29957,0,train
18198,0,train
12349,0,train
26447,1,train
16282,0,train
8363,1,train
16055,0,train
8508,0,train
22720,0,train
17075,0,train
11212,1,train
22495,1,train
10959,1,train
1700,0,train
10169,0,train
26686,1,train
10030,0,train
10976,0,train
6245,0,train
6010,0,train
17385,1,train
21351,0,train
19003,0,train
23924,0,train
9247,1,train
11187,1,train
22150,0,train
1569,0,train
22339,0,train
7944,0,train
313,0,train
19091,0,train
1245,0,train
29752,0,train
27174,0,train
29396,0,train
29501,1,train
3621,0,train
14511,0,train
11153,0,train
16434,1,train
4748,0,train
21732,0,train
520,0,train
10097,0,train
2844,0,train
8043,1,train
16025,0,train
28731,0,train
15968,1,train
27852,0,train
5264,0,train
3404,0,train
22488,0,train
12698,0,train
8178,1,train
16917,0,train
12529,0,train
27255,0,train
14296,0,train
21964,0,train
6602,0,train
5633,0,train
21399,1,train
2695,0,train
28247,0,train
17013,0,train
3660,0,train
5432,0,train
25669,1,train
26506,0,train
6248,0,train
147,1,train
18753,0,train
16999,0,train
17081,0,train
15882,0,train
3981,1,train
13734,0,train
5300,0,train
29293,1,train
7948,0,train
15936,1,train
3741,0,train
20455,0,train
25511,1,train
11213,1,train
11162,0,train
25957,0,train
14272,0,train
26497,0,train
3536,1,train
27026,0,train
27593,1,train
29918,1,train
21955,0,train
25458,1,train
12969,0,train
6506,1,train
13057,0,train
897,1,train
9053,0,train
15818,0,train
27381,0,train
4668,0,train
19298,1,train
26633,0,train
23734,0,train
10940,0,train
24507,0,train
2663,0,train
5739,1,train
15597,0,train
17436,0,train
26787,0,train
6524,0,train
17621,0,train
14687,0,train
13363,0,train
15124,1,train
26510,0,train
8502,0,train
9833,1,train
4348,0,train
5760,0,train
14859,0,train
4956,1,train
12813,1,train
22503,1,train
21158,0,train
17980,0,train
6771,0,train
15989,1,train
14237,0,train
9463,1,train
9098,0,train
12931,1,train
25054,1,train
3227,0,train
26271,1,train
26235,1,train
21058,1,train
27355,1,train
19564,1,train
5187,0,train
9151,0,train
21511,0,train
24387,0,train
19363,0,train
22979,1,train
18949,0,train
21376,0,train
21902,0,train
23228,0,train
6313,1,train
6766,0,train
29975,1,train
2511,1,train
6326,0,train
2662,0,train
11129,0,train
1955,0,train
12460,0,train
16637,1,train
19103,0,train
8657,0,train
7821,0,train
21462,0,train
18090,0,train
10379,0,train
14005,0,train
23837,0,train
6879,0,train
3693,1,train
9783,0,train
29613,1,train
6486,0,train
18414,0,train
8983,0,train
740,1,train
2987,0,train
6292,1,train
18943,0,train
23740,1,train
4229,0,train
8704,0,train
19652,0,train
13933,0,train
19225,0,train
5676,0,train
24407,0,train
17842,0,train
19428,0,train
45,0,train
20243,0,train
26230,0,train
9293,1,train
2319,1,train
230,0,train
16088,1,train
2043,0,train
16832,1,train
24710,0,train
11073,1,train
3791,1,train
27216,0,train
12814,0,train
3974,0,train
22173,0,train
1710,0,train
29962,0,train
6663,1,train
25052,0,train
29554,0,train
6925,0,train
20468,0,train
21371,1,train
24549,0,train
17844,0,train
26302,0,train
9665,1,train
11368,1,train
27426,1,train
13409,0,train
11824,0,train
8163,0,train
29245,0,train
6546,0,train
18574,1,train
16986,0,train
24782,1,train
15999,1,train
3101,1,train
23718,1,train
1192,0,train
14695,1,train
24398,1,train
10452,0,train
4861,1,train
18353,0,train
11921,0,train
29512,1,train
16574,0,train
11107,0,train
10055,0,train
5852,0,train
25115,1,train
29259,0,train
29338,0,train
7861,1,train
9754,0,train
22695,0,train
1778,1,train
135,0,train
5684,0,train
7427,0,train
11698,1,train
17332,1,train
5860,0,train
17067,0,train
9778,0,train
28116,1,train
28840,1,train
8797,1,train
8093,0,train
10142,0,train
24832,0,train
1586,0,train
24131,0,train
1582,0,train
26694,0,train
27203,0,train
2820,0,train
18211,0,train
22819,0,train
26100,0,train
3769,0,train
22687,1,train
21900,1,train
6485,0,train
10514,0,train
13833,0,train
120,0,train
14650,1,train
7462,0,train
18064,0,train
20077,1,train
9632,0,train
21526,0,train
11062,1,train
20802,0,train
2772,0,train
11665,0,train
26861,0,train
308,0,train
5899,0,train
1157,0,train
2179,0,train
8777,0,train
19285,1,train
6983,0,train
10129,1,train
23684,0,train
668,0,train
8361,0,train
9197,1,train
25928,0,train
1750,0,train
26782,1,train
16606,0,train
13574,0,train
27828,0,train
3220,0,train
18796,1,train
18752,0,train
2677,0,train
18077,0,train
21576,0,train
21499,0,train
29734,0,train
15011,0,train
22872,1,train
96,0,train
22867,0,train
11005,0,train
12986,0,train
3021,1,train
27662,1,train
18728,0,train
7859,0,train
14512,0,train
26581,0,train
8654,0,train
6867,0,train
12182,0,train
23719,0,train
8217,1,train
10366,0,train
20621,1,train
28631,0,train
10957,0,train
13315,0,train
15090,0,train
21971,0,train
24071,0,train
23794,0,train
27497,0,train
12122,1,train
24225,0,train
26152,0,train
28706,0,train
5204,0,train
5471,0,train
4697,0,train
14771,1,train
25802,0,train
6020,1,train
9352,0,train
2920,0,train
23197,0,train
15494,0,train
28315,1,train
24670,0,train
26349,0,train
23950,1,train
20175,0,train
27091,0,train
21186,0,train
29072,0,train
14906,0,train
13728,0,train
19383,0,train
28145,0,train
12629,0,train
22561,1,train
13811,0,train
18462,0,train
14963,0,train
18888,0,train
4486,0,train
18435,0,train
29771,1,train
21974,0,train
7114,0,train
29660,0,train
27469,0,train
15715,0,train
20493,1,train
14444,0,train
24421,0,train
2856,0,train
17564,1,train
17065,0,train
2596,0,train
4813,1,train
14007,0,train
14920,0,train
19249,1,train
765,0,train
21506,0,train
13395,0,train
28623,0,train
4027,0,train
9069,0,train
23317,0,train
26317,0,train
25968,0,train
2223,0,train
332,1,train
11394,0,train
21663,0,train
28694,1,train
16407,1,train
25951,0,train
6784,1,train
19116,0,train
9165,1,train
15042,0,train
5604,0,train
18125,0,train
14849,0,train
16673,0,train
13010,0,train
23599,0,train
10020,1,train
2044,1,train
7272,0,train
23253,1,train
25462,0,train
16566,0,train
9988,0,train
10519,0,train
5863,0,train
28012,0,train
9809,0,train
13342,0,train
20804,1,train
24579,0,train
23011,1,train
3088,0,train
5390,0,train
9577,1,train
21105,0,train
24073,0,train
3234,0,train
24397,1,train
23223,0,train
13429,0,train
22787,1,train
29352,0,train
23646,1,train
4734,0,train
26053,0,train
14631,1,train
11408,0,train
29529,0,train
2101,0,train
24836,0,train
9170,0,train
15102,0,train
28878,0,train
8615,0,train
21574,1,train
12275,1,train
24264,1,train
19968,0,train
10229,0,train
26559,1,train
7221,0,train
18758,0,train
24378,0,train
8081,0,train
23941,0,train
10785,0,train
16139,1,train
23776,0,train
21761,1,train
4872,0,train
10579,0,train
27054,1,train
19133,0,train
3946,1,train
10226,0,train
24058,0,train
4346,0,train
28249,0,train
11065,0,train
12946,0,train
6055,1,train
15769,1,train
4695,0,train
22068,1,train
1468,0,train
5373,0,train
5492,0,train
22691,0,train
13418,1,train
28852,1,train
15350,0,train
25085,0,train
5117,0,train
17861,0,train
6022,0,train
22832,1,train
25367,0,train
7754,0,train
4835,0,train
29526,0,train
3135,0,train
20100,1,train
24526,1,train
24456,1,train
20495,1,train
29029,1,train
20685,1,train
18491,1,train
10458,0,train
7383,0,train
27345,0,train
10073,0,train
1681,1,train
4497,0,train
14288,0,train
13785,0,train
9381,0,train
13455,0,train
23016,0,train
16012,0,train
145,0,train
20960,0,train
2775,0,train
12864,0,train
7226,0,train
27429,1,train
17970,0,train
20904,1,train
14625,0,train
3486,1,train
19799,1,train
9791,0,train
7475,1,train
6198,0,train
13012,0,train
7499,0,train
22696,0,train
19654,0,train
9080,0,train
11895,0,train
23863,0,train
12411,0,train
1250,1,train
22235,0,train
29768,0,train
29804,0,train
10289,0,train
5042,1,train
10944,0,train
12530,0,train
25848,0,train
17174,0,train
16247,1,train
12750,0,train
10910,0,train
12696,0,train
947,0,train
13283,0,train
16862,0,train
485,0,train
18439,0,train
21923,0,train
22182,0,train
479,0,train
2109,0,train
13510,0,train
22731,0,train
18447,0,train
24940,0,train
10662,0,train
149,0,train
12731,0,train
23543,0,train
3572,0,train
12657,0,train
5741,0,train
12865,0,train
7141,0,train
319,0,train
11209,0,train
9598,0,train
24297,0,train
6447,0,train
11551,0,train
17631,0,train
5817,1,train
21373,0,train
11091,0,train
20442,0,train
17806,0,train
24477,0,train
16490,1,train
20796,0,train
26938,0,train
3456,0,train
16840,1,train
21173,0,train
5920,0,train
13652,0,train
6422,0,train
6920,0,train
29105,0,train
10378,0,train
21206,0,train
21853,0,train
6737,0,train
1352,1,train
9262,0,train
19117,0,train
6807,1,train
28511,0,train
730,1,train
16441,1,train
2968,1,train
732,0,train
14632,0,train
639,0,train
26002,1,train
12113,0,train
14997,0,train
15772,0,train
21649,0,train
7412,0,train
15943,0,train
12386,0,train
24236,0,train
18622,0,train
16683,0,train
3743,1,train
13326,0,train
7797,0,train
6043,0,train
25182,0,train
11246,1,train
14715,0,train
15667,0,train
6929,0,train
26122,1,train
23697,1,train
16823,0,train
13863,0,train
24242,0,train
3275,0,train
3303,1,train
20057,0,train
17058,1,train
4762,0,train
9023,0,train
14894,0,train
13555,0,train
13719,0,train
14378,0,train
28549,0,train
21557,0,train
24697,0,train
25591,1,train
25048,1,train
10894,0,train
29621,0,train
10614,0,train
19351,1,train
2530,0,train
25319,1,train
13681,0,train
4696,0,train
28162,0,train
12070,0,train
17400,0,train
6968,0,train
26963,0,train
27259,0,train
3452,0,train
3408,0,train
20841,0,train
11887,0,train
4763,1,train
9987,0,train
9027,0,train
21093,0,train
14284,0,train
25143,0,train
11306,1,train
792,0,train
4070,0,train
23463,0,train
2060,0,train
7198,0,train
8828,0,train
10529,0,train
1668,1,train
5446,0,train
1299,1,train
2999,1,train
12718,1,train
20322,0,train
14358,0,train
12535,0,train
349,0,train
25723,0,train
28571,0,train
14342,0,train
6141,0,train
4803,0,train
28544,0,train
13779,1,train
498,0,train
1254,0,train
17,1,train
9510,0,train
16439,1,train
12965,0,train
17809,1,train
3866,0,train
69,0,train
11504,0,train
17524,0,train
16726,0,train
23427,0,train
10006,0,train
26612,0,train
12494,1,train
18260,1,train
4301,1,train
17345,0,train
9798,0,train
8866,1,train
6813,0,train
1798,0,train
5025,0,train
20372,1,train
13788,0,train
11867,0,train
10119,0,train
11603,0,train
13379,0,train
20093,0,train
18184,0,train
27752,0,train
4804,1,train
3893,0,train
27745,0,train
6123,1,train
4731,0,train
26310,0,train
21722,0,train
23045,0,train
27263,1,train
5121,0,train
27655,1,train
16109,0,train
11185,0,train
26996,0,train
3480,0,train
1027,0,train
18924,0,train
22204,0,train
24354,0,train
4973,0,train
21181,0,train
13091,0,train
29290,0,train
5284,0,train
6421,1,train
6299,0,train
9307,0,train
13819,0,train
1338,0,train
13575,0,train
20708,1,train
25812,0,train
25797,0,train
8342,1,train
21094,0,train
11098,0,train
11370,0,train
4286,1,train
7729,0,train
5997,0,train
774,0,train
13042,0,train
5334,0,train
29108,0,train
9490,0,train
7928,0,train
11770,1,train
20311,0,train
15598,1,train
1473,0,train
9949,1,train
4925,1,train
7436,1,train
17885,0,train
12008,0,train
9863,0,train
20641,0,train
10476,0,train
9392,1,train
6492,0,train
24884,0,train
17499,0,train
7820,0,train
26256,0,train
21109,1,train
24490,0,train
24629,0,train
21515,0,train
606,0,train
13914,0,train
8302,0,train
9246,0,train
9637,0,train
21583,1,train
20901,0,train
26720,1,train
6718,1,train
17203,0,train
17290,1,train
3681,0,train
27736,0,train
11751,0,train
13524,0,train
21581,1,train
15841,0,train
6843,0,train
26083,0,train
8449,0,train
22815,0,train
13128,1,train
16384,0,train
2790,1,train
693,1,train
10740,1,train
11375,0,train
2575,0,train
24590,0,train
13984,0,train
13763,0,train
20001,1,train
19928,0,train
4687,0,train
8372,0,train
18975,0,train
11674,0,train
13423,1,train
18805,0,train
9633,1,train
17627,0,train
9057,0,train
7507,1,train
25421,1,train
24292,0,train
19087,0,train
19398,0,train
9893,1,train
7790,0,train
11419,0,train
19348,0,train
14273,1,train
22012,1,train
29903,0,train
3123,0,train
11991,0,train
9582,0,train
29209,0,train
1628,1,train
8761,0,train
9630,0,train
20793,0,train
27323,0,train
8327,0,train
17198,0,train
11141,0,train
12317,0,train
3523,0,train
27461,0,train
21482,0,train
25139,0,train
3283,0,train
17637,0,train
13312,0,train
5395,0,train
2793,0,train
13558,1,train
25696,0,train
15320,0,train
28034,0,train
2549,0,train
8237,0,train
22977,0,train
16267,0,train
5774,0,train
2235,0,train
13954,0,train
8865,1,train
18080,0,train
25632,0,train
6419,0,train
15724,0,train
21751,0,train
10071,0,train
28147,0,train
22094,1,train
3988,0,train
5758,0,train
18688,0,train
2531,1,train
19340,0,train
20741,0,train
22606,0,train
24076,0,train
845,0,train
19430,0,train
18606,0,train
3314,0,train
1412,0,train
2667,0,train
3264,0,train
25787,1,train
2645,1,train
17612,0,train
18698,0,train
27158,1,train
24736,0,train
5135,0,train
19497,0,train
5495,0,train
17918,0,train
23819,1,train
6080,0,train
29454,0,train
4072,0,train
28847,0,train
24450,0,train
9628,0,train
14105,0,train
26736,0,train
18608,0,train
7392,0,train
1607,1,train
9991,0,train
2806,0,train
22753,0,train
25107,0,train
8134,0,train
7065,1,train
7589,0,train
20071,0,train
7914,0,train
14580,0,train
7213,1,train
25944,0,train
2693,0,train
4317,0,train
25079,0,train
12495,1,train
18151,0,train
18324,0,train
23112,1,train
18794,0,train
10257,0,train
2642,1,train
4808,0,train
2861,1,train
1499,0,train
65,0,train
19784,0,train
23143,0,train
5467,1,train
10325,0,train
25682,0,train
26499,0,train
22983,0,train
17114,0,train
25846,1,train
4525,0,train
12702,0,train
26512,0,train
20156,0,train
17106,1,train
16944,0,train
806,0,train
11145,0,train
9183,0,train
7481,1,train
3869,1,train
3026,0,train
7882,0,train
19933,0,train
29489,0,train
28580,0,train
16292,0,train
24228,0,train
15529,0,train
17212,0,train
5065,1,train
10001,0,train
9310,0,train
27312,0,train
19002,0,train
22986,0,train
12139,1,train
8401,0,train
24992,0,train
9426,0,train
23080,0,train
16058,0,train
3268,0,train
9071,0,train
8204,0,train
9799,1,train
220,0,train
16864,1,train
19697,0,train
26517,0,train
27946,0,train
21022,0,train
9184,0,train
8282,0,train
13572,0,train
4462,1,train
21339,1,train
21487,0,train
14403,1,train
5453,1,train
9493,1,train
21340,0,train
6694,0,train
17732,0,train
6024,0,train
8706,0,train
21059,0,train
10913,1,train
6387,1,train
1325,0,train
26542,1,train
4076,1,train
22736,0,train
20588,0,train
6402,0,train
26666,0,train
9989,0,train
2163,0,train
7209,0,train
3933,0,train
10486,0,train
29646,0,train
13061,0,train
15636,0,train
28180,0,train
2178,0,train
9356,0,train
12964,1,train
19584,0,train
2126,0,train
20196,0,train
29911,0,train
18692,0,train
1551,1,train
20044,0,train
16538,0,train
23744,0,train
20780,0,train
13400,1,train
26192,0,train
10255,1,train
24216,0,train
7939,0,train
691,0,train
21768,0,train
5260,0,train
23306,0,train
19121,0,train
23135,0,train
25499,0,train
27600,1,train
3341,0,train
22323,0,train
23927,0,train
5237,1,train
5902,0,train
15422,1,train
18707,0,train
2918,0,train
10812,0,train
736,0,train
24906,0,train
3,0,train
20479,0,train
16611,0,train
19102,1,train
824,0,train
28717,0,train
28541,0,train
28492,0,train
20983,0,train
6045,1,train
18179,0,train
13437,0,train
13449,0,train
2900,0,train
24455,0,train
27961,0,train
10437,0,train
4429,0,train
18027,1,train
18675,0,train
13643,0,train
25124,0,train
2408,1,train
4470,0,train
7612,0,train
6676,0,train
29132,0,train
18021,0,train
3160,0,train
3355,0,train
912,0,train
9477,0,train
28646,0,train
17785,1,train
20182,0,train
18233,0,train
7661,1,train
4825,0,train
551,1,train
24995,1,train
8832,1,train
13623,0,train
22262,0,train
8966,1,train
23282,0,train
1063,1,train
17862,0,train
2973,0,train
19464,0,train
19110,0,train
27664,1,train
6592,0,train
12026,0,train
24910,0,train
9345,0,train
13291,0,train
23990,0,train
13929,0,train
25521,0,train
4649,1,train
11564,0,train
13019,0,train
21047,1,train
22549,0,train
23804,0,train
27076,0,train
25999,0,train
17879,0,train
25845,1,train
12157,0,train
29704,0,train
11530,0,train
2714,0,train
10374,0,train
4221,0,train
9701,0,train
13990,0,train
27577,0,train
20581,0,train
27041,0,train
10562,0,train
8291,0,train
4350,0,train
15659,0,train
15058,0,train
5460,0,train
26142,0,train
23247,0,train
14514,0,train
3163,1,train
12328,0,train
11776,1,train
20430,1,train
15495,1,train
7332,1,train
12265,0,train
26904,0,train
16928,0,train
21104,0,train
8249,1,train
8697,0,train
15113,0,train
5041,1,train
6886,0,train
19136,0,train
20476,1,train
27089,1,train
3435,1,train
434,0,train
20946,0,train
26822,0,train
8333,0,train
12951,0,train
7746,0,train
26556,0,train
1278,0,train
14992,0,train
28022,0,train
3357,0,train
18476,0,train
23731,0,train
8151,0,train
22389,0,train
22494,0,train
20314,1,train
21754,0,train
2965,0,train
25337,0,train
18604,0,train
1162,0,train
13916,0,train
161,0,train
60,0,train
20460,0,train
9938,0,train
29315,0,train
4074,0,train
12150,0,train
10824,0,train
26825,0,train
5810,0,train
18062,0,train
13671,0,train
21422,0,train
22563,0,train
16657,0,train
20380,0,train
20703,0,train
2669,0,train
4213,0,train
9504,0,train
17624,0,train
9962,0,train
5377,0,train
6315,0,train
25019,0,train
2503,0,train
8313,0,train
29689,0,train
15931,0,train
5223,0,train
13416,0,train
6090,0,train
3091,0,train
6916,0,train
15383,0,train
3248,1,train
17719,1,train
28390,0,train
27856,0,train
24582,0,train
13435,0,train
8730,0,train
28422,0,train
13548,0,train
11933,0,train
22485,0,train
16871,0,train
29572,0,train
16043,0,train
12715,0,train
20230,1,train
15762,0,train
29220,0,train
10566,0,train
4778,1,train
23446,0,train
28583,0,train
13567,0,train
1733,0,train
12149,0,train
25429,0,train
21999,0,train
16074,0,train
10461,0,train
23396,0,train
12534,0,train
11360,1,train
19396,0,train
11175,0,train
13824,0,train
6677,0,train
29347,0,train
6434,0,train
15889,0,train
9727,1,train
21621,0,train
315,0,train
11779,0,train
12585,0,train
4050,0,train
13050,1,train
3290,0,train
5778,0,train
28456,0,train
6386,0,train
29095,0,train
19436,0,train
26433,0,train
4991,0,train
8823,0,train
11836,0,train
15942,0,train
25335,0,train
21942,0,train
21535,0,train
11545,1,train
7794,0,train
21243,0,train
2635,1,train
22168,0,train
11170,0,train
22421,0,train
7535,0,train
24510,0,train
17717,0,train
23742,1,train
26498,0,train
22828,0,train
24448,0,train
11613,0,train
5980,1,train
6203,0,train
260,1,train
322,0,train
32,1,train
7031,0,train
29342,0,train
21675,0,train
14246,0,train
3034,0,train
716,0,train
17767,0,train
22836,0,train
7316,0,train
19600,0,train
21658,0,train
20668,0,train
22406,0,train
13085,0,train
16147,0,train
7012,0,train
28777,0,train
17642,0,train
19142,0,train
3455,0,train
3256,0,train
29168,1,train
12928,0,train
1246,0,train
23131,0,train
24593,1,train
26479,0,train
18424,1,train
28469,0,train
29461,0,train
11610,0,train
21600,0,train
26718,0,train
6911,0,train
3919,1,train
14847,1,train
17034,1,train
8112,1,train
5861,0,train
23101,0,train
4347,0,train
7064,0,train
6774,1,train
9044,1,train
8336,0,train
14878,0,train
25120,0,train
9334,0,train
23555,1,train
4858,1,train
1598,0,train
5489,0,train
27280,0,train
19417,1,train
1755,0,train
5066,0,train
18479,0,train
16163,1,train
4409,0,train
24287,0,train
21507,0,train
26826,0,train
22566,0,train
2434,0,train
3904,0,train
6640,1,train
18923,0,train
8275,0,train
1775,0,train
21083,0,train
11016,0,train
16197,0,train
156,0,train
5859,0,train
18410,1,train
21700,0,train
22540,0,train
4678,0,train
18977,0,train
12347,1,train
28295,0,train
27501,0,train
9295,0,train
11248,0,train
5091,0,train
9954,0,train
3905,0,train
2281,0,train
10235,0,train
15365,0,train
24775,1,train
3613,0,train
13084,1,train
19806,1,train
815,1,train
3487,0,train
21610,1,train
14982,1,train
3737,0,train
550,0,train
26138,0,train
725,0,train
23980,1,train
7947,1,train
16068,0,train
5822,0,train
7134,0,train
25354,0,train
6076,0,train
2754,1,train
12892,0,train
3402,0,train
1730,0,train
2996,1,train
22883,0,train
4865,0,train
4386,0,train
12025,1,train
16973,1,train
20135,0,train
268,1,train
19066,1,train
19647,0,train
1425,0,train
24276,0,train
15241,0,train
28515,1,train
29860,1,train
16731,0,train
8852,0,train
12552,0,train
20868,0,train
25663,0,train
7270,0,train
7423,0,train
27638,0,train
3465,0,train
17740,0,train
11237,0,train
167,0,train
22572,0,train
6637,1,train
29359,0,train
24039,1,train
4018,0,train
26723,0,train
24643,0,train
5344,0,train
2057,1,train
4406,0,train
18489,0,train
123,0,train
13940,0,train
10391,1,train
26627,1,train
7973,0,train
10853,1,train
6910,1,train
19368,0,train
25040,0,train
20606,1,train
12213,0,train
26839,0,train
21536,1,train
19500,0,train
1034,0,train
1317,0,train
1326,0,train
20914,1,train
20497,1,train
20636,0,train
18617,0,train
29886,1,train
17180,1,train
14541,0,train
25423,0,train
27551,1,train
11351,0,train
10683,0,train
17171,0,train
4116,0,train
12314,0,train
3885,1,train
15755,0,train
13622,0,train
13941,0,train
4757,0,train
21448,0,train
2812,1,train
15809,0,train
19422,1,train
16254,0,train
18123,0,train
26202,0,train
10821,0,train
29907,0,train
10790,0,train
23409,0,train
12373,0,train
3047,0,train
29751,0,train
15143,0,train
19607,0,train
9801,0,train
7262,0,train
9776,0,train
6142,0,train
8806,0,train
22155,0,train
17252,1,train
20105,0,train
22907,0,train
27471,1,train
15555,0,train
17691,0,train
12611,0,train
29085,1,train
21273,0,train
10862,1,train
22333,1,train
21250,0,train
10775,0,train
2501,1,train
14864,0,train
5231,0,train
26832,0,train
27164,0,train
12528,0,train
22347,0,train
27435,1,train
19373,0,train
13430,0,train
10174,0,train
12466,1,train
10887,0,train
21752,0,train
3942,1,train
5437,0,train
15478,0,train
13194,1,train
12129,1,train
28335,0,train
20520,0,train
16963,0,train
15614,0,train
4146,1,train
166,0,train
7410,0,train
1323,0,train
26204,0,train
3721,1,train
15121,0,train
5433,0,train
26857,1,train
25134,0,train
23321,0,train
19234,1,train
22443,1,train
7126,0,train
3308,0,train
16982,0,train
26131,0,train
26080,0,train
18951,1,train
23826,0,train
11483,0,train
18629,0,train
14603,0,train
11901,0,train
5688,0,train
6333,1,train
22604,0,train
22079,0,train
21828,0,train
14727,0,train
12076,0,train
11842,0,train
17098,0,train
1914,0,train
7349,0,train
6009,0,train
16217,0,train
22657,1,train
24396,0,train
28586,0,train
9135,0,train
18057,0,train
21359,0,train
18445,1,train
6082,0,train
834,0,train
17018,1,train
9669,0,train
26300,0,train
11608,0,train
18778,0,train
10069,0,train
24771,0,train
1916,0,train
12272,0,train
23380,0,train
4110,0,train
10412,0,train
3698,0,train
20574,0,train
15207,0,train
435,0,train
22251,1,train
29739,0,train
26619,1,train
2153,0,train
2694,0,train
10125,0,train
8843,0,train
16443,0,train
13709,0,train
18919,1,train
5283,0,train
28746,1,train
18674,0,train
3951,0,train
26113,0,train
12625,0,train
6159,0,train
18956,1,train
5517,0,train
4218,1,train
11761,0,train
8058,0,train
17758,0,train
5528,0,train
21184,0,train
27022,0,train
2626,0,train
28467,0,train
21213,0,train
11257,0,train
15725,0,train
1625,0,train
25366,0,train
309,1,train
21782,1,train
28952,0,train
20687,1,train
7304,0,train
4770,1,train
27251,0,train
3433,0,train
18193,1,train
17181,1,train
13684,0,train
28796,0,train
14566,0,train
12186,0,train
11890,0,train
11629,0,train
10333,1,train
22142,0,train
5206,0,train
16903,0,train
8530,0,train
14932,0,train
11373,0,train
6859,0,train
16714,1,train
21747,0,train
6066,0,train
21428,1,train
25321,0,train
5705,1,train
17111,0,train
4500,0,train
22651,0,train
8634,0,train
1871,0,train
13935,0,train
23037,0,train
8752,0,train
9706,0,train
11253,0,train
19389,0,train
3789,0,train
6779,0,train
23556,0,train
9971,1,train
9651,1,train
14220,1,train
24433,0,train
7085,0,train
9889,0,train
17407,0,train
25330,1,train
2138,0,train
3708,0,train
25203,0,train
18192,0,train
25282,0,train
2970,0,train
14675,0,train
9441,0,train
27170,0,train
6539,0,train
16085,0,train
2534,0,train
14188,0,train
15778,1,train
3823,1,train
22329,0,train
2623,0,train
25377,0,train
29059,1,train
15685,0,train
18715,0,train
22444,0,train
27569,0,train
3103,0,train
18639,0,train
19512,0,train
3891,0,train
28824,0,train
22438,0,train
8108,0,train
609,0,train
10031,0,train
9925,0,train
29252,0,train
23849,0,train
23145,0,train
11645,0,train
3786,1,train
5773,0,train
22620,0,train
11580,0,train
20959,0,train
9177,0,train
24375,0,train
19675,0,train
4939,0,train
294,1,train
27332,0,train
24806,0,train
22099,0,train
21030,1,train
5233,0,train
19187,0,train
7711,0,train
7034,0,train
2760,0,train
21444,0,train
4015,0,train
18454,1,train
16364,0,train
27451,0,train
16585,1,train
681,0,train
19595,0,train
25028,0,train
27866,0,train
27171,0,train
21188,0,train
12417,1,train
27331,0,train
16983,0,train
1998,0,train
5559,1,train
2282,0,train
28895,0,train
29494,0,train
23084,0,train
18946,0,train
15079,0,train
26590,0,train
21815,0,train
21556,1,train
28650,0,train
5251,0,train
21577,0,train
10225,0,train
18861,0,train
16041,0,train
28193,0,train
11986,0,train
24671,0,train
17000,0,train
11033,0,train
27808,1,train
20940,0,train
21073,0,train
12542,1,train
21925,0,train
2245,0,train
5564,0,train
29301,1,train
5119,0,train
13016,0,train
2935,0,train
4460,0,train
3292,1,train
22565,0,train
22754,1,train
15136,0,train
5120,0,train
15626,0,train
12442,0,train
25908,0,train
18492,0,train
6014,0,train
1908,0,train
20439,0,train
29213,0,train
21825,0,train
2089,0,train
29440,0,train
20882,0,train
19391,0,train
10258,0,train
784,1,train
7795,0,train
4886,0,train
11579,1,train
19660,1,train
14943,0,train
2586,0,train
7366,0,train
8049,1,train
3018,1,train
23915,0,train
8754,0,train
29309,0,train
6262,0,train
12805,0,train
19154,0,train
20364,1,train
19414,0,train
10480,0,train
22272,0,train
1900,0,train
8462,0,train
24167,0,train
24867,0,train
16957,0,train
9241,0,train
2517,0,train
3159,0,train
25268,0,train
8642,1,train
1537,0,train
26009,0,train
512,1,train
16914,0,train
5302,0,train
12101,0,train
29044,0,train
16865,0,train
6209,0,train
8231,1,train
19641,1,train
3082,0,train
7015,0,train
8389,1,train
15190,1,train
9995,1,train
21087,0,train
27173,0,train
10128,1,train
26076,0,train
2342,0,train
29651,1,train
11061,1,train
15436,0,train
2791,1,train
12123,0,train
1926,0,train
16930,0,train
24390,0,train
6785,0,train
22415,1,train
12301,0,train
23753,1,train
937,0,train
21814,0,train
25705,1,train
17864,1,train
9185,1,train
21711,0,train
7676,1,train
21676,0,train
15533,1,train
15914,1,train
27583,0,train
10835,0,train
18427,0,train
18907,0,train
28254,0,train
9382,0,train
29706,0,train
9273,1,train
17129,0,train
11194,0,train
15196,0,train
3110,0,train
22070,0,train
21220,0,train
2333,0,train
9635,0,train
20727,1,train
17404,0,train
22667,1,train
3045,0,train
19917,0,train
4713,0,train
15997,1,train
11468,1,train
14183,0,train
14025,0,train
24320,1,train
2006,0,train
27222,1,train
26343,0,train
29344,0,train
14578,0,train
21425,0,train
11907,1,train
1230,0,train
27830,0,train
15582,0,train
27386,0,train
12043,0,train
26737,1,train
9561,0,train
10774,0,train
7608,0,train
7751,0,train
25291,0,train
12744,0,train
16185,1,train
16969,0,train
23031,1,train
18994,0,train
23907,0,train
17419,0,train
24431,0,train
11577,1,train
9649,0,train
1123,0,train
24888,0,train
103,0,train
8628,0,train
14336,0,train
22229,1,train
23479,0,train
12330,1,train
19883,0,train
25958,0,train
14790,0,train
14303,0,train
25259,0,train
26233,0,train
25250,0,train
14720,0,train
28228,0,train
23275,1,train
17604,0,train
20587,0,train
14312,1,train
19888,1,train
6866,0,train
26248,0,train
15542,0,train
18371,1,train
24847,1,train
13713,1,train
29891,0,train
27607,1,train
13988,0,train
17475,0,train
17228,0,train
19747,0,train
5908,0,train
7237,0,train
25864,0,train
3279,0,train
18854,0,train
16529,0,train
12997,1,train
3955,0,train
22522,0,train
14739,0,train
19780,0,train
28306,0,train
5995,0,train
22644,0,train
22292,0,train
146,0,train
18529,0,train
24118,0,train
21006,0,train
12332,0,train
3139,0,train
15758,1,train
1726,0,train
25435,0,train
29353,1,train
13164,1,train
11478,1,train
2939,0,train
7254,0,train
29453,1,train
23438,0,train
28120,0,train
12993,1,train
25189,0,train
27527,1,train
5706,1,train
10327,1,train
13340,0,train
15938,0,train
7391,0,train
29949,0,train
21894,0,train
23883,0,train
29885,0,train
14538,1,train
410,0,train
643,0,train
19216,0,train
1867,0,train
16454,0,train
28535,1,train
16429,0,train
9444,0,train
530,0,train
28634,1,train
25693,0,train
9547,0,train
16814,1,train
20534,0,train
5279,0,train
17878,0,train
19980,0,train
6368,0,train
25652,0,train
12114,0,train
20936,0,train
22641,1,train
13717,0,train
8621,0,train
17082,0,train
5261,1,train
23682,0,train
14418,0,train
17825,1,train
10450,0,train
11696,0,train
21221,0,train
17279,0,train
27693,0,train
27032,0,train
11952,0,train
16143,0,train
21467,1,train
13738,0,train
25202,1,train
4252,0,train
24155,1,train
9470,0,train
16753,0,train
21714,0,train
28164,0,train
960,1,train
18892,0,train
1947,0,train
4186,0,train
18694,0,train
9900,0,train
6481,0,train
11932,0,train
26048,0,train
23318,0,train
5400,1,train
18004,0,train
15096,1,train
1437,1,train
26206,0,train
8166,0,train
25234,1,train
10914,0,train
24366,0,train
6117,0,train
13753,0,train
27364,0,train
4874,0,train
8415,0,train
14426,0,train
9558,0,train
7418,0,train
15306,0,train
29686,1,train
25289,0,train
14486,0,train
19419,0,train
11249,1,train
13224,0,train
5798,0,train
22053,0,train
19112,0,train
11143,0,train
3692,0,train
6370,0,train
5281,0,train
10834,1,train
2771,0,train
24101,1,train
7966,1,train
18522,0,train
14500,0,train
28510,0,train
13244,0,train
28472,0,train
29334,0,train
16961,1,train
21497,0,train
15648,0,train
20387,0,train
11119,0,train
26172,0,train
8529,0,train
21151,0,train
10385,0,train
23963,0,train
20293,0,train
20894,0,train
3495,0,train
19101,1,train
25406,1,train
14568,0,train
12590,0,train
4842,0,train
22920,0,train
2416,0,train
29534,0,train
8699,0,train
17048,0,train
18530,0,train
8936,0,train
11897,0,train
22042,0,train
8942,0,train
18986,0,train
28395,0,train
12294,0,train
405,1,train
29055,1,train
939,1,train
7474,0,train
9372,0,train
8185,0,train
11090,1,train
11309,0,train
18677,0,train
20438,1,train
25586,0,train
27190,1,train
2814,0,train
17014,0,train
5565,1,train
22823,0,train
15736,1,train
19765,0,train
5189,0,train
21362,0,train
24140,1,train
21503,0,train
28883,1,train
14110,0,train
20222,0,train
22527,0,train
2090,1,train
26942,0,train
18472,0,train
10826,0,train
10786,0,train
24722,0,train
6053,0,train
13474,0,train
21025,0,train
20600,0,train
10044,0,train
3631,0,train
10252,1,train
25754,0,train
12948,1,train
28897,0,train
1556,1,train
14088,0,train
6949,0,train
1203,0,train
5842,0,train
15115,0,train
19510,0,train
8019,0,train
12322,0,train
10160,0,train
26276,0,train
16465,0,train
22320,0,train
1302,1,train
8156,0,train
22242,0,train
12485,0,train
17577,0,train
6875,1,train
21547,0,train
10034,0,train
3377,0,train
8626,0,train
26420,0,train
26514,1,train
4122,0,train
25102,0,train
17788,0,train
25436,1,train
5930,0,train
18162,0,train
10504,0,train
3226,0,train
18886,0,train
353,1,train
22341,0,train
28417,0,train
4656,0,train
14301,0,train
7062,1,train
22167,0,train
8710,0,train
1225,0,train
14256,0,train
20547,0,train
554,0,train
8142,0,train
15268,0,train
1868,0,train
24539,0,train
24725,0,train
14787,1,train
9427,0,train
8378,1,train
9888,0,train
17611,0,train
29680,0,train
42,0,train
23785,0,train
17609,0,train
2548,0,train
10974,0,train
20838,0,train
28150,0,train
14746,0,train
22487,0,train
22207,0,train
18502,0,train
21660,0,train
23891,0,train
12015,0,train
28857,0,train
28321,0,train
12146,0,train
21586,0,train
12897,0,train
17405,0,train
1339,0,train
15616,1,train
27677,0,train
17071,0,train
14579,0,train
13689,0,train
2303,0,train
29285,0,train
2519,0,train
16803,0,train
21833,0,train
17641,1,train
3554,0,train
17455,0,train
19884,0,train
15154,1,train
16156,1,train
17517,1,train
4465,0,train
14543,1,train
8149,1,train
4296,0,train
20529,0,train
10723,1,train
1420,0,train
4796,0,train
6541,1,train
2187,1,train
27791,1,train
16876,0,train
9654,0,train
18017,0,train
5116,0,train
6845,0,train
16239,0,train
3229,0,train
7388,0,train
10525,1,train
9572,0,train
9507,0,train
18301,0,train
18808,0,train
15480,0,train
4787,1,train
7447,0,train
18129,0,train
25626,0,train
21341,0,train
20003,0,train
11111,0,train
22707,0,train
6722,0,train
2297,0,train
10607,0,train
23675,1,train
23501,0,train
6697,0,train
10581,0,train
14052,0,train
21452,0,train
7562,0,train
20154,1,train
29163,0,train
26636,1,train
17019,0,train
20557,0,train
5922,0,train
14670,0,train
695,0,train
4849,0,train
18547,0,train
9227,0,train
7716,0,train
20145,0,train
4033,0,train
13192,0,train
389,0,train
19713,0,train
14151,1,train
20094,0,train
13883,0,train
14304,0,train
26748,1,train
2042,0,train
22757,0,train
23590,0,train
12214,0,train
615,0,train
5700,0,train
16424,1,train
12124,1,train
2120,0,train
14614,0,train
12614,0,train
12706,1,train
10981,0,train
14850,0,train
14487,0,train
8408,0,train
6877,0,train
2769,0,train
6852,1,train
7283,0,train
5383,0,train
5563,0,train
19768,1,train
10153,0,train
18344,0,train
11038,1,train
29595,1,train
8560,0,train
10960,0,train
10498,0,train
16019,0,train
7998,0,train
4782,0,train
10002,0,train
21795,0,train
9590,1,train
2348,1,train
25470,0,train
22359,0,train
16636,0,train
21745,0,train
27223,1,train
7757,0,train
10208,0,train
29590,0,train
27304,0,train
6943,1,train
19300,0,train
16044,1,train
2253,0,train
19923,1,train
18115,0,train
22624,0,train
1574,1,train
29898,1,train
13493,0,train
29951,0,train
22416,0,train
12094,0,train
282,0,train
15560,0,train
19903,0,train
8532,0,train
5872,0,train
22462,1,train
16318,0,train
25734,0,train
5568,0,train
24527,0,train
11080,0,train
16576,0,train
22297,0,train
10039,0,train
9532,1,train
12390,0,train
22367,0,train
8066,0,train
2512,1,train
25262,1,train
6489,0,train
16369,0,train
27827,1,train
12292,0,train
25715,0,train
21683,0,train
28522,1,train
24773,0,train
21796,0,train
24518,0,train
12120,0,train
7022,0,train
23571,0,train
5364,0,train
12338,0,train
4444,0,train
5071,0,train
22660,0,train
23952,0,train
808,1,train
2604,0,train
19970,0,train
3689,0,train
926,1,train
20388,1,train
26274,0,train
4457,1,train
14615,1,train
12697,0,train
13344,0,train
26792,0,train
7935,1,train
4324,0,train
2058,0,train
1121,1,train
20277,0,train
7991,0,train
27948,0,train
3099,0,train
7979,1,train
17119,0,train
3500,1,train
22196,0,train
26396,0,train
21944,0,train
9707,1,train
9897,0,train
6501,1,train
25920,0,train
927,0,train
27106,1,train
19280,0,train
28337,0,train
22799,0,train
29808,0,train
27350,0,train
16790,1,train
16821,0,train
17751,0,train
16688,0,train
10791,0,train
20814,0,train
5656,0,train
20320,0,train
6277,0,train
5028,0,train
26708,0,train
2621,0,train
11443,1,train
28843,0,train
18165,1,train
20958,0,train
26698,0,train
12722,0,train
22966,0,train
17084,0,train
25298,0,train
26129,0,train
5478,0,train
19429,0,train
2139,0,train
11643,0,train
9761,0,train
14417,0,train
631,0,train
18882,0,train
20091,1,train
9712,0,train
19870,0,train
14904,0,train
20899,0,train
20555,0,train
15595,0,train
13917,1,train
11527,0,train
24781,0,train
5477,0,train
5154,0,train
20198,0,train
22886,0,train
22165,0,train
20124,0,train
9921,0,train
17440,0,train
15479,0,train
4382,0,train
11009,0,train
10598,1,train
23681,0,train
26415,0,train
12455,0,train
28149,0,train
8264,0,train
14212,1,train
10304,0,train
23889,0,train
10394,0,train
24409,0,train
26823,0,train
14804,0,train
22084,1,train
3415,0,train
23096,0,train
12215,0,train
26005,1,train
15949,0,train
12973,1,train
6451,0,train
12041,0,train
24520,0,train
8479,0,train
1782,0,train
16022,0,train
7913,0,train
20069,0,train
12209,0,train
4022,0,train
13051,1,train
3481,0,train
9434,1,train
6404,1,train
9918,0,train
16989,0,train
11152,1,train
29875,1,train
8543,1,train
17995,0,train
17662,0,train
16733,0,train
2411,0,train
8950,0,train
17289,0,train
25045,0,train
2829,1,train
16926,1,train
25358,0,train
17053,1,train
26348,0,train
19683,0,train
7511,0,train
25871,0,train
29283,0,train
9325,0,train
9064,0,train
25633,0,train
7389,0,train
5715,1,train
9911,0,train
4226,0,train
9616,0,train
24713,1,train
3618,0,train
12867,0,train
18911,1,train
29611,0,train
13309,0,train
27491,0,train
19865,0,train
2719,0,train
3875,0,train
5745,0,train
29839,1,train
10549,0,train
10793,1,train
9907,0,train
713,0,train
11978,0,train
3851,1,train
15851,1,train
341,0,train
23426,0,train
24864,1,train
3055,1,train
3022,0,train
29495,0,train
2293,1,train
18748,0,train
22116,0,train
3570,0,train
2883,0,train
15072,1,train
25224,0,train
24302,0,train
11447,0,train
17964,1,train
16168,0,train
26791,0,train
12603,0,train
7840,0,train
11738,0,train
4828,0,train
1244,1,train
4791,1,train
21016,1,train
19318,1,train
22937,0,train
12560,0,train
14,1,train
3148,1,train
29999,1,train
10650,1,train
12097,0,train
4341,0,train
26574,0,train
7251,1,train
4446,0,train
437,0,train
25311,0,train
1386,0,train
11158,0,train
4447,0,train
28533,1,train
2689,1,train
20403,0,train
22971,0,train
17146,0,train
27797,0,train
18164,0,train
11024,0,train
5193,0,train
13415,0,train
17096,0,train
20325,0,train
25960,0,train
29700,0,train
4392,0,train
21418,0,train
12565,1,train
28748,0,train
1466,0,train
28011,0,train
22581,0,train
16375,1,train
9539,0,train
12187,0,train
3817,1,train
22681,0,train
2403,0,train
4694,1,train
17992,0,train
26712,0,train
26966,1,train
17270,0,train
28795,0,train
14701,0,train
10899,0,train
26658,0,train
7269,0,train
12372,1,train
3573,0,train
16698,0,train
5423,1,train
16320,0,train
2438,1,train
29658,1,train
22408,0,train
24939,1,train
1463,0,train
27402,0,train
5755,1,train
4442,0,train
4053,0,train
2660,0,train
18590,0,train
1899,0,train
2019,0,train
26412,0,train
171,0,train
10984,0,train
13748,0,train
13022,1,train
8461,0,train
27882,0,train
18931,0,train
25900,0,train
16232,1,train
8684,0,train
18238,0,train
16278,0,train
4147,0,train
10232,0,train
21498,0,train
4947,1,train
22558,0,train
4567,0,train
11310,0,train
26788,0,train
28658,0,train
12671,0,train
16936,0,train
29583,0,train
18436,0,train
7554,0,train
1496,0,train
25086,1,train
4955,0,train
19887,0,train
5128,0,train
4495,1,train
27066,0,train
8849,0,train
7106,0,train
6893,0,train
23839,1,train
11006,1,train
26614,0,train
11718,1,train
3760,0,train
21159,0,train
16213,0,train
2231,0,train
302,0,train
16094,0,train
19203,0,train
17113,0,train
705,0,train
25606,0,train
1763,0,train
28961,0,train
26687,0,train
10365,0,train
15009,1,train
19955,0,train
23725,0,train
14010,0,train
14104,0,train
2941,0,train
4591,1,train
3995,0,train
29784,0,train
22934,0,train
11929,0,train
9166,0,train
28160,0,train
8281,0,train
26107,0,train
241,0,train
29070,0,train
17893,0,train
7218,1,train
24583,0,train
5730,0,train
3326,1,train
27952,0,train
9454,0,train
18580,0,train
7830,1,train
23499,0,train
26706,0,train
27488,0,train
20263,0,train
8905,0,train
170,0,train
17136,0,train
29183,0,train
27407,0,train
27647,0,train
3333,1,train
4176,1,train
3166,0,train
4639,0,train
1693,0,train
9397,0,train
15192,0,train
19954,0,train
9744,0,train
19200,1,train
17064,1,train
18228,0,train
21758,0,train
13776,0,train
25276,1,train
11230,1,train
18086,0,train
3691,0,train
9924,0,train
25686,0,train
16453,0,train
20556,0,train
27389,0,train
19012,1,train
17320,1,train
9294,0,train
26105,0,train
6743,0,train
14590,0,train
19853,0,train
12538,0,train
29766,0,train
237,0,train
229,1,train
20025,0,train
25169,0,train
13898,0,train
29980,0,train
12771,0,train
25579,0,train
3950,0,train
22213,1,train
4528,1,train
13427,0,train
27801,1,train
21736,0,train
20326,0,train
2030,1,train
28669,0,train
10019,0,train
7419,0,train
17749,0,train
7205,0,train
10703,0,train
8488,0,train
27260,1,train
429,0,train
16594,0,train
395,0,train
7572,0,train
8517,0,train
8539,1,train
12339,0,train
9239,0,train
4168,0,train
16662,0,train
21875,0,train
20890,1,train
29756,0,train
22224,0,train
17934,0,train
5846,0,train
24675,1,train
5183,0,train
1331,0,train
3051,0,train
3614,1,train
11623,1,train
17094,0,train
9280,1,train
20912,1,train
22328,0,train
8928,0,train
24240,0,train
21527,0,train
22336,0,train
22451,0,train
13043,0,train
13802,0,train
22737,0,train
13741,0,train
22067,0,train
20554,0,train
11724,0,train
27198,0,train
15828,0,train
4913,0,train
14349,0,train
25600,0,train
6680,0,train
14918,0,train
21110,1,train
23207,0,train
9647,0,train
19655,1,train
17508,1,train
1304,1,train
27297,0,train
22615,0,train
18807,0,train
2733,0,train
2177,0,train
13135,1,train
11671,0,train
22582,0,train
19273,0,train
15333,0,train
13553,1,train
16411,0,train
14492,0,train
10931,0,train
7548,0,train
26139,1,train
2206,0,train
23858,0,train
2464,1,train
5465,0,train
837,0,train
4344,0,train
9749,0,train
25412,0,train
16592,0,train
27884,0,train
17557,0,train
5375,0,train
11081,1,train
26214,0,train
23978,0,train
21916,0,train
20517,0,train
6178,1,train
14313,1,train
23693,0,train
17659,0,train
11151,0,train
23933,0,train
13641,1,train
3489,0,train
10241,1,train
12276,0,train
8463,0,train
2502,0,train
20431,0,train
10942,0,train
17745,0,train
4854,1,train
25328,0,train
29308,0,train
11926,0,train
2260,0,train
27057,0,train
6452,0,train
16556,0,train
15930,1,train
6751,1,train
1937,1,train
23779,1,train
17761,0,train
5210,0,train
1596,0,train
20649,0,train
25612,0,train
17905,1,train
24565,0,train
27816,0,train
3369,0,train
21119,0,train
29382,0,train
9642,0,train
12694,0,train
2822,1,train
23996,0,train
29150,0,train
15142,0,train
29698,0,train
333,0,train
3461,0,train
18772,1,train
7884,0,train
20571,0,train
10916,0,train
21899,0,train
2954,0,train
26353,1,train
2267,0,train
28527,0,train
13469,1,train
5974,0,train
1666,0,train
17853,0,train
6790,0,train
26648,1,train
22747,0,train
6330,0,train
15490,0,train
16183,0,train
18554,1,train
8510,0,train
391,0,train
18480,0,train
10503,1,train
25404,0,train
3509,0,train
16593,1,train
29408,0,train
21294,0,train
22377,0,train
9691,0,train
6727,1,train
532,0,train
3599,0,train
28287,1,train
11183,0,train
16898,0,train
18868,1,train
2992,1,train
24953,1,train
7329,0,train
15170,1,train
6046,1,train
6610,0,train
2150,0,train
16447,1,train
4130,0,train
23106,0,train
18747,0,train
13834,0,train
1396,0,train
27818,0,train
4326,0,train
17699,0,train
12682,1,train
28978,0,train
5586,0,train
6832,0,train
12644,0,train
16563,0,train
1467,1,train
10398,0,train
19821,1,train
4047,0,train
19735,0,train
15824,0,train
6513,1,train
11500,0,train
23472,0,train
17295,0,train
27441,1,train
27669,1,train
6388,0,train
8659,0,train
6837,0,train
2040,0,train
6449,0,train
16941,1,train
21308,1,train
14045,1,train
13999,0,train
11420,0,train
12681,0,train
15504,1,train
24498,1,train
21749,0,train
27015,0,train
15450,0,train
5473,1,train
17377,0,train
7843,1,train
5647,0,train
16312,0,train
3842,0,train
2240,0,train
25745,0,train
24996,0,train
871,0,train
9384,0,train
1191,0,train
11846,0,train
4351,1,train
9276,0,train
4980,0,train
13653,0,train
28831,0,train
7969,1,train
6557,1,train
1273,0,train
9762,0,train
421,0,train
2222,0,train
17141,1,train
22418,0,train
5735,1,train
24454,0,train
23692,1,train
5659,1,train
5411,0,train
20661,1,train
9985,0,train
8711,0,train
14737,0,train
10088,0,train
11273,0,train
22360,0,train
12169,0,train
519,0,train
10265,0,train
4140,0,train
28662,0,train
26159,1,train
11548,0,train
4308,0,train
9599,0,train
11757,0,train
9684,0,train
8485,0,train
18650,0,train
19931,0,train
23218,0,train
3997,1,train
28849,0,train
19684,1,train
23997,0,train
1428,0,train
9167,1,train
7878,0,train
7950,0,train
8558,0,train
16368,1,train
20625,0,train
13284,0,train
19583,0,train
22569,0,train
16495,0,train
2344,0,train
22239,0,train
11546,0,train
25736,0,train
16798,0,train
16748,0,train
7740,0,train
11753,0,train
20783,0,train
17236,1,train
27012,0,train
15948,1,train
26286,0,train
20418,0,train
1227,0,train
29740,0,train
23287,0,train
7202,0,train
25471,0,train
11284,0,train
23466,1,train
2355,0,train
14619,0,train
8246,0,train
17349,0,train
5836,1,train
27404,0,train
12249,0,train
29744,0,train
19078,0,train
29397,0,train
20932,0,train
11455,0,train
10202,0,train
538,0,train
5376,0,train
2742,0,train
24281,0,train
28257,0,train
17062,0,train
11675,0,train
29170,1,train
8433,0,train
10574,0,train
5856,0,train
14436,0,train
8592,0,train
12066,0,train
27613,1,train
20353,0,train
22311,0,train
13290,0,train
20161,0,train
21456,0,train
14171,0,train
17471,0,train
7995,1,train
15813,0,train
18360,1,train
29039,0,train
618,0,train
18041,0,train
17201,0,train
28603,0,train
22245,0,train
6104,0,train
9275,0,train
17468,0,train
3447,1,train
28702,0,train
2811,0,train
5869,0,train
19716,0,train
15551,0,train
24210,0,train
17561,1,train
14516,0,train
3896,0,train
13445,1,train
1040,0,train
21567,0,train
623,0,train
13451,0,train
11114,1,train
13508,0,train
20526,1,train
8700,0,train
4519,0,train
7233,0,train
24301,0,train
8523,0,train
8773,1,train
23577,0,train
16209,1,train
23640,0,train
25905,1,train
2493,0,train
10046,0,train
10068,0,train
29138,0,train
23385,1,train
16689,1,train
23817,0,train
11178,0,train
18773,1,train
18453,0,train
9688,0,train
27177,0,train
15962,0,train
22955,0,train
5663,0,train
4366,0,train
4542,0,train
27487,1,train
2692,0,train
28698,0,train
27468,1,train
14263,0,train
29126,0,train
13725,0,train
1263,0,train
7849,1,train
6992,0,train
25551,0,train
17418,0,train
26485,1,train
26260,0,train
14702,0,train
15135,0,train
26245,0,train
23859,0,train
3632,0,train
3253,0,train
9353,0,train
3538,1,train
22990,0,train
8633,0,train
14594,0,train
25917,0,train
6570,1,train
26646,1,train
19590,0,train
7561,1,train
23727,0,train
8092,0,train
26515,0,train
26432,0,train
1166,0,train
18800,0,train
13838,0,train
16039,0,train
12086,1,train
12507,0,train
1483,0,train
13771,0,train
20119,0,train
8998,0,train
2078,1,train
19624,0,train
29723,0,train
3516,0,train
24254,0,train
6337,0,train
19596,1,train
25185,0,train
25782,0,train
19366,0,train
2123,0,train
6460,0,train
29989,0,train
16708,0,train
15675,0,train
1208,0,train
27278,0,train
8490,0,train
14128,1,train
11261,0,train
3574,1,train
2875,0,train
23799,1,train
4173,0,train
7390,0,train
28819,1,train
10686,0,train
21286,0,train
3828,0,train
2465,1,train
12004,0,train
6828,1,train
7486,1,train
14185,0,train
25489,0,train
16648,0,train
26362,0,train
10313,0,train
26475,0,train
28342,0,train
4285,1,train
27465,0,train
9068,0,train
9428,0,train
818,0,train
21029,0,train
18431,0,train
1051,0,train
25307,0,train
16336,0,train
14092,0,train
20312,0,train
3217,1,train
20749,0,train
24194,1,train
7513,0,train
169,0,train
25141,0,train
13635,1,train
37,0,train
4505,0,train
4564,0,train
28371,0,train
1507,0,train
20247,0,train
7870,0,train
6093,0,train
27096,0,train
16536,1,train
12630,0,train
11508,0,train
9530,0,train
19944,0,train
15176,0,train
4617,0,train
12994,0,train
9447,0,train
20976,0,train
9693,1,train
27601,0,train
12989,0,train
26923,0,train
6821,1,train
15310,0,train
5887,0,train
24011,0,train
4949,0,train
17210,0,train
24127,1,train
28161,0,train
15197,0,train
14960,0,train
4099,1,train
26644,1,train
23085,0,train
6000,0,train
1611,0,train
14080,0,train
28886,0,train
19924,0,train
13544,0,train
17337,0,train
19770,0,train
26519,0,train
11585,0,train
19680,0,train
25372,0,train
7734,0,train
26486,0,train
8385,0,train
18049,1,train
8101,0,train
2513,1,train
25397,0,train
1446,0,train
7712,0,train
8265,0,train
856,0,train
6775,0,train
16238,1,train
21168,0,train
22788,0,train
15213,1,train
1983,0,train
16577,0,train
29865,0,train
25318,0,train
9890,0,train
25726,1,train
25819,0,train
6868,0,train
12171,0,train
2486,0,train
13313,0,train
8910,0,train
3027,1,train
15537,1,train
8842,0,train
7491,1,train
28758,0,train
44,0,train
16234,0,train
4436,0,train
16921,0,train
23210,0,train
23621,0,train
24550,0,train
17057,0,train
2673,0,train
12913,1,train
12659,0,train
24272,1,train
11905,1,train
15414,0,train
29195,0,train
19143,0,train
16145,0,train
20516,0,train
5794,0,train
17485,1,train
4295,1,train
18163,0,train
10811,0,train
9800,1,train
25537,0,train
27244,1,train
24267,0,train
24223,0,train
26403,0,train
6759,1,train
6638,0,train
25822,1,train
8645,0,train
15843,1,train
11453,1,train
3208,0,train
7651,1,train
3041,1,train
12426,0,train
8387,0,train
15831,0,train
2969,0,train
23827,0,train
12650,0,train
23843,1,train
11604,0,train
13758,1,train
4902,0,train
29802,0,train
24188,0,train
2650,0,train
19326,0,train
11573,0,train
9265,0,train
4367,1,train
16859,1,train
5921,1,train
24491,0,train
5491,0,train
16514,0,train
23172,0,train
1125,0,train
8253,0,train
1416,0,train
22369,0,train
19139,0,train
21789,0,train
11465,1,train
22228,0,train
21839,1,train
12083,0,train
19442,0,train
4117,1,train
22017,0,train
24720,0,train
15041,0,train
18695,1,train
19686,1,train
5138,0,train
17759,1,train
7147,0,train
9735,0,train
16,0,train
21400,0,train
27903,0,train
29695,0,train
1462,0,train
22432,0,train
2986,0,train
4315,0,train
17300,0,train
18653,0,train
20131,0,train
20017,0,train
4798,0,train
7607,1,train
2730,0,train
21272,0,train
917,0,train
12550,0,train
181,0,train
19459,0,train
13828,0,train
3186,1,train
11060,0,train
5178,1,train
6147,0,train
3012,0,train
7875,0,train
6457,0,train
9330,0,train
24150,0,train
9379,0,train
13406,1,train
5356,0,train
4653,0,train
17229,0,train
20957,0,train
12925,1,train
26465,0,train
4726,0,train
3944,0,train
8292,0,train
14865,1,train
14875,0,train
10730,1,train
9322,0,train
15445,0,train
3153,0,train
27976,0,train
28336,0,train
13473,0,train
4626,0,train
28486,0,train
18803,0,train
19336,0,train
23412,0,train
7190,0,train
9742,0,train
15493,1,train
514,1,train
13037,0,train
5009,0,train
8279,0,train
18575,0,train
12518,0,train
21874,0,train
625,0,train
8338,0,train
11210,0,train
4910,1,train
26934,0,train
13428,0,train
7838,0,train
28331,0,train
18563,0,train
13593,0,train
22900,0,train
5399,1,train
8557,0,train
19220,0,train
16625,0,train
18082,0,train
20012,0,train
20292,0,train
5875,1,train
24957,0,train
5158,1,train
13958,0,train
13387,0,train
5207,0,train
22240,0,train
17169,0,train
24842,0,train
18417,0,train
2137,0,train
12932,0,train
4060,0,train
20350,0,train
18095,1,train
25293,1,train
14083,0,train
9854,0,train
27498,0,train
13251,0,train
1001,0,train
8267,0,train
3601,0,train
21224,0,train
2786,0,train
25080,0,train
12541,0,train
26620,1,train
13059,1,train
8050,0,train
24647,1,train
26101,0,train
21706,0,train
4576,0,train
8198,0,train
8545,1,train
9705,0,train
5243,1,train
25472,1,train
11844,0,train
9770,0,train
12775,1,train
5440,0,train
22556,0,train
26516,0,train
20067,0,train
10424,0,train
24134,0,train
899,1,train
26549,0,train
20466,0,train
18058,1,train
5848,0,train
17538,0,train
2842,0,train
87,1,train
8069,0,train
21863,0,train
27392,0,train
577,0,train
7785,1,train
11346,1,train
10211,0,train
2250,1,train
24013,1,train
5864,0,train
18247,0,train
4421,0,train
11988,1,train
25339,1,train
17972,1,train
6860,0,train
12958,1,train
22365,0,train
7350,1,train
18234,0,train
29223,0,train
18178,0,train
26968,0,train
19992,0,train
14394,1,train
5385,0,train
23204,0,train
14268,0,train
29963,0,train
5789,0,train
23762,0,train
18055,0,train
14645,0,train
23582,1,train
4611,0,train
1879,0,train
18780,0,train
12809,0,train
26883,0,train
10469,0,train
29466,0,train
3381,0,train
20836,0,train
18744,0,train
16630,0,train
3323,0,train
26124,0,train
29522,0,train
4635,0,train
28085,0,train
28912,0,train
9482,0,train
9666,1,train
12852,0,train
20209,0,train
26228,0,train
17962,1,train
24049,0,train
11860,0,train
9655,0,train
28282,0,train
9738,0,train
13991,0,train
12607,1,train
28334,0,train
21978,0,train
3287,0,train
3712,0,train
2237,0,train
22441,0,train
23388,1,train
13610,0,train
18241,0,train
8932,0,train
12499,0,train
15586,1,train
25198,0,train
7099,0,train
18660,0,train
13308,0,train
1877,0,train
15961,0,train
12691,0,train
27690,0,train
29624,0,train
28276,0,train
28436,0,train
4739,1,train
6410,0,train
1318,0,train
10772,0,train
29385,0,train
19871,0,train
27182,0,train
22812,0,train
11063,1,train
28070,0,train
2620,1,train
29588,0,train
25811,0,train
3499,0,train
1880,1,train
13599,0,train
20445,0,train
16860,0,train
13953,0,train
23003,0,train
24761,1,train
4967,0,train
24017,0,train
16479,1,train
29109,1,train
25488,0,train
1781,0,train
1905,0,train
14786,1,train
19082,0,train
8473,1,train
20716,0,train
17040,1,train
26765,1,train
8444,0,train
29434,0,train
29606,0,train
5348,0,train
26757,0,train
24886,0,train
835,0,train
12402,0,train
16344,1,train
24081,0,train
13066,0,train
29394,0,train
1137,0,train
10007,0,train
24685,1,train
1189,0,train
7465,0,train
7292,1,train
5993,0,train
9466,0,train
4335,0,train
13348,0,train
17476,0,train
561,0,train
27965,0,train
20533,0,train
17151,0,train
22433,0,train
7040,0,train
11160,0,train
21571,0,train
7080,0,train
474,0,train
9215,1,train
11626,1,train
18570,0,train
2147,0,train
10873,0,train
6037,0,train
253,1,train
18514,1,train
1928,0,train
9043,0,train
12282,1,train
26217,1,train
3528,0,train
16649,0,train
41,0,train
21608,0,train
7723,0,train
28451,0,train
8424,0,train
1698,0,train
14116,1,train
9117,0,train
8985,1,train
28790,0,train
29774,0,train
18841,1,train
4860,0,train
16937,0,train
27878,0,train
24927,1,train
29677,0,train
27505,0,train
17725,1,train
17494,0,train
17484,0,train
1723,1,train
16194,0,train
5998,0,train
23443,0,train
299,0,train
10389,1,train
24023,0,train
23073,0,train
4342,0,train
17504,0,train
18415,0,train
16431,0,train
2075,0,train
7974,0,train
21005,1,train
29446,0,train
19953,0,train
27919,0,train
14658,0,train
5349,1,train
25628,1,train
27927,0,train
11445,0,train
18719,1,train
13017,0,train
21682,0,train
9865,0,train
4841,1,train
3588,0,train
4417,0,train
29996,0,train
16586,0,train
10407,0,train
895,1,train
16617,0,train
22119,0,train
24537,0,train
18658,0,train
20854,0,train
13130,0,train
23656,1,train
3013,0,train
14493,0,train
24741,1,train
6152,0,train
15681,0,train
24926,0,train
3090,0,train
13864,0,train
6633,0,train
3994,1,train
24214,0,train
9119,1,train
5682,1,train
25978,1,train
8563,1,train
29238,0,train
15908,0,train
18012,0,train
24646,0,train
12211,0,train
22449,0,train
26056,0,train
18979,0,train
18504,0,train
10715,0,train
2182,0,train
28943,0,train
688,0,train
19124,0,train
9289,1,train
14924,0,train
5840,0,train
17492,0,train
28078,0,train
10798,0,train
24066,0,train
6652,0,train
9385,0,train
11254,0,train
25758,0,train
17097,0,train
18294,0,train
20696,1,train
24399,0,train
25603,0,train
3420,0,train
9094,1,train
14129,0,train
70,0,train
15857,0,train
18118,0,train
25192,1,train
7273,1,train
12440,0,train
5642,0,train
5008,0,train
26182,0,train
13053,0,train
11482,0,train
12273,0,train
28652,0,train
21347,0,train
5767,0,train
25888,0,train
22607,0,train
26022,0,train
10667,0,train
3133,1,train
16600,0,train
28368,0,train
22313,0,train
822,1,train
3262,0,train
23407,0,train
9393,0,train
19409,1,train
16787,0,train
1364,0,train
21561,0,train
4067,0,train
16853,0,train
25874,1,train
25485,1,train
22294,0,train
13926,1,train
855,0,train
1199,1,train
18087,1,train
19156,0,train
12241,0,train
10709,0,train
11693,0,train
16573,0,train
23244,0,train
445,1,train
19166,0,train
7076,0,train
823,0,train
12156,1,train
6980,0,train
27682,0,train
19571,0,train
4585,0,train
28302,0,train
2974,0,train
11380,0,train
2398,0,train
2287,0,train
22537,1,train
8506,0,train
16639,0,train
19630,0,train
22789,0,train
4643,0,train
8582,0,train
27047,0,train
15893,0,train
12524,0,train
9457,0,train
29272,0,train
23002,0,train
4206,0,train
5280,0,train
8903,0,train
7531,1,train
17773,0,train
12608,0,train
8236,0,train
15661,0,train
7154,0,train
27416,1,train
16743,0,train
18143,1,train
13618,0,train
27433,0,train
6566,0,train
4113,0,train
13034,0,train
7396,0,train
21062,0,train
6145,0,train
14142,1,train
23033,0,train
25496,0,train
20298,0,train
21449,0,train
9235,0,train
12502,0,train
28117,0,train
21941,0,train
4098,0,train
28428,0,train
22924,0,train
28942,0,train
6882,0,train
22056,0,train
18116,0,train
26659,1,train
14724,0,train
17953,0,train
28416,0,train
3545,1,train
6548,0,train
25432,0,train
7480,0,train
8370,0,train
9835,0,train
27926,0,train
29219,0,train
11654,1,train
28928,0,train
969,0,train
14036,0,train
21136,1,train
15800,0,train
24534,0,train
10233,1,train
17797,0,train
28914,0,train
15049,0,train
27584,0,train
11509,0,train
14392,0,train
8943,0,train
20872,0,train
18093,1,train
14192,1,train
27306,0,train
7574,0,train
743,0,train
4056,0,train
18072,1,train
22743,0,train
18059,0,train
20873,0,train
17458,0,train
18182,0,train
26390,0,train
12903,0,train
21443,0,train
12646,0,train
14190,0,train
5226,0,train
2491,0,train
1408,0,train
19965,0,train
15569,0,train
27453,1,train
21738,0,train
24373,0,train
4501,1,train
14283,0,train
12709,0,train
5991,0,train
9646,0,train
21972,0,train
15245,0,train
12513,0,train
13774,0,train
20498,1,train
29505,0,train
3254,1,train
4644,0,train
10592,0,train
29648,0,train
21790,1,train
8057,0,train
4613,0,train
7347,0,train
22274,0,train
6802,0,train
22853,0,train
11990,0,train
21133,0,train
19628,0,train
22875,0,train
17503,0,train
18988,0,train
26640,0,train
10777,0,train
14310,1,train
16419,0,train
7256,0,train
4722,0,train
15985,1,train
13569,0,train
17163,0,train
23030,0,train
27478,0,train
25678,0,train
5106,0,train
21669,0,train
25271,0,train
20444,0,train
12551,1,train
21027,0,train
15371,0,train
23958,0,train
19334,0,train
19763,0,train
25110,1,train
5360,0,train
20700,0,train
23227,0,train
21954,0,train
23217,0,train
5145,1,train
16157,1,train
18564,0,train
29895,1,train
29614,0,train
2889,0,train
12817,1,train
19657,0,train
2735,0,train
6192,1,train
11294,1,train
16378,0,train
26726,0,train
11714,1,train
7773,0,train
28614,0,train
3009,0,train
17617,0,train
29735,1,train
15666,0,train
27586,1,train
18771,1,train
2930,0,train
19449,0,train
27930,1,train
26916,0,train
6437,0,train
20713,0,train
24695,0,train
28054,0,train
425,0,train
11356,0,train
5535,1,train
8496,0,train
6085,1,train
21008,1,train
17321,0,train
9634,0,train
9695,1,train
1369,0,train
21014,1,train
6719,0,train
18693,1,train
5232,0,train
4710,0,train
23847,0,train
26237,0,train
25230,0,train
3424,1,train
11479,0,train
22516,0,train
26598,0,train
22002,0,train
23629,0,train
29645,0,train
22122,0,train
1982,1,train
7216,1,train
27274,1,train
18607,1,train
16264,0,train
19018,0,train
4150,0,train
7325,0,train
8423,0,train
9484,1,train
6701,1,train
13292,1,train
12105,0,train
22603,0,train
19060,1,train
24532,1,train
13851,0,train
8881,0,train
29637,0,train
14941,0,train
4492,0,train
11578,0,train
22772,0,train
19668,0,train
17265,1,train
5133,0,train
2041,0,train
19068,0,train
1702,0,train
16501,1,train
19578,1,train
11782,0,train
11787,0,train
29967,1,train
7393,0,train
23630,0,train
17161,0,train
9803,0,train
16338,1,train
11764,1,train
21898,0,train
17165,0,train
23110,0,train
5258,0,train
17601,0,train
5925,1,train
14562,0,train
29001,0,train
2038,0,train
1409,1,train
27839,0,train
8879,0,train
11668,0,train
7541,0,train
25994,0,train
7778,1,train
7642,0,train
16006,0,train
7438,0,train
13276,0,train
29458,0,train
18592,1,train
417,0,train
4546,0,train
6744,0,train
1884,0,train
3810,0,train
17359,1,train
2634,1,train
11855,1,train
346,0,train
26536,1,train
12829,0,train
12441,0,train
23162,0,train
13690,1,train
20308,0,train
21409,0,train
11768,1,train
13262,0,train
7975,0,train
24521,0,train
9910,1,train
7802,1,train
15297,0,train
17602,0,train
21689,1,train
29525,1,train
4049,1,train
1014,0,train
19845,0,train
29487,0,train
5566,0,train
11398,1,train
10903,0,train
1920,0,train
4805,0,train
28994,1,train
22188,0,train
6098,1,train
14199,0,train
10356,0,train
15517,1,train
14228,0,train
24869,0,train
8912,0,train
6944,0,train
26885,1,train
879,0,train
19025,0,train
8867,0,train
6026,1,train
19748,0,train
9252,0,train
15348,0,train
11940,0,train
20417,0,train
3550,0,train
12253,0,train
7441,0,train
22212,0,train
2484,1,train
23468,0,train
10171,0,train
13882,1,train
3291,1,train
15781,0,train
10809,0,train
2770,0,train
7314,1,train
28655,0,train
26795,0,train
17902,0,train
16220,1,train
23161,0,train
6627,0,train
13272,0,train
26323,0,train
15252,0,train
21935,0,train
24085,0,train
15951,1,train
22984,0,train
17799,1,train
2440,0,train
12088,0,train
16482,0,train
6635,0,train
26088,0,train
5557,0,train
13511,1,train
13199,0,train
28102,0,train
14446,1,train
28762,1,train
15532,1,train
22354,0,train
21198,0,train
4328,0,train
6518,0,train
20979,0,train
9675,1,train
9576,0,train
10543,0,train
4055,0,train
25595,0,train
8680,1,train
665,0,train
15336,0,train
6441,0,train
20270,0,train
13884,1,train
2984,0,train
16241,0,train
17532,0,train
27888,0,train
11725,0,train
18831,0,train
5214,0,train
16992,1,train
21562,0,train
587,1,train
2554,0,train
700,0,train
20885,0,train
25469,0,train
16480,1,train
22062,0,train
10303,0,train
27651,0,train
7896,0,train
19699,0,train
21253,0,train
27007,0,train
15220,0,train
29208,0,train
23764,0,train
25235,0,train
8319,0,train
6921,1,train
17791,0,train
1892,0,train
12797,1,train
21089,0,train
20393,0,train
1343,1,train
15165,0,train
20115,0,train
14210,0,train
8624,1,train
24818,1,train
9523,0,train
12450,0,train
17589,0,train
19754,0,train
18177,0,train
25526,0,train
28530,1,train
13591,0,train
11095,0,train
6708,0,train
11874,0,train
4453,0,train
25145,0,train
13680,1,train
18407,0,train
22969,0,train
8486,0,train
26173,0,train
23875,1,train
26314,1,train
27031,0,train
12860,0,train
610,0,train
7029,1,train
13121,0,train
9070,1,train
16449,1,train
1953,0,train
18056,0,train
23910,0,train
25441,0,train
17466,0,train
20449,0,train
23391,1,train
28285,0,train
14162,1,train
2547,0,train
28353,0,train
5805,0,train
24426,0,train
23095,1,train
23782,1,train
12212,1,train
7385,0,train
18567,0,train
4276,1,train
26762,0,train
13366,0,train
20996,1,train
2495,1,train
19114,0,train
15458,0,train
51,1,train
29703,0,train
16655,1,train
68,0,train
24880,0,train
11641,0,train
8667,1,train
8419,0,train
3352,0,train
29422,0,train
23700,0,train
4307,0,train
15133,0,train
26523,0,train
5147,1,train
20082,0,train
19031,0,train
20862,0,train
9460,0,train
26988,0,train
14026,1,train
23279,0,train
28862,0,train
19642,0,train
19876,0,train
6732,0,train
172,0,train
9751,0,train
19875,0,train
18474,0,train
567,1,train
16722,0,train
18442,1,train
14620,0,train
26692,0,train
19208,0,train
20970,0,train
29324,0,train
21245,0,train
28124,1,train
21084,0,train
25833,0,train
24737,0,train
12663,0,train
25566,0,train
26296,0,train
28098,0,train
11749,0,train
29779,1,train
5148,1,train
6339,0,train
11290,0,train
16256,0,train
15605,0,train
2945,1,train
5250,0,train
4819,0,train
23000,0,train
9792,1,train
11118,0,train
3288,1,train
13126,0,train
1414,0,train
6083,0,train
28219,0,train
4387,0,train
3626,1,train
22694,0,train
10427,0,train
9839,1,train
22636,0,train
26667,0,train
7171,0,train
10602,0,train
8497,0,train
22246,0,train
10382,0,train
22933,0,train
9620,1,train
26086,0,train
17451,1,train
13378,0,train
17541,1,train
20260,0,train
5585,0,train
6078,0,train
13399,0,train
6334,0,train
12786,0,train
11320,1,train
26197,0,train
18856,0,train
22159,0,train
11339,1,train
26600,0,train
4640,0,train
21385,0,train
19119,0,train
3856,0,train
15986,0,train
4302,1,train
19372,0,train
15622,0,train
22362,0,train
18815,0,train
802,1,train
2565,0,train
6465,0,train
9906,0,train
26589,1,train
26186,0,train
7098,0,train
12098,0,train
8594,0,train
23957,0,train
7354,0,train
5408,0,train
14938,0,train
29387,0,train
15749,0,train
6196,0,train
29296,0,train
22631,0,train
10512,0,train
8161,0,train
24644,1,train
19433,0,train
5401,0,train
4760,0,train
27817,0,train
11395,0,train
27293,0,train
19775,0,train
23951,0,train
3849,0,train
15570,0,train
16126,1,train
25924,1,train
18335,0,train
20480,0,train
11566,0,train
22804,0,train
4026,0,train
5198,0,train
18274,1,train
224,0,train
3205,0,train
26752,0,train
11057,1,train
26193,1,train
15750,0,train
10439,0,train
14712,0,train
648,0,train
20042,0,train
7817,0,train
21808,0,train
26067,0,train
25063,0,train
27728,1,train
16348,0,train
10699,1,train
7344,0,train
8719,0,train
18809,0,train
23027,0,train
10533,0,train
19565,1,train
14858,0,train
3483,0,train
9242,1,train
28560,1,train
906,0,train
24586,0,train
367,0,train
4741,0,train
2225,0,train
27585,1,train
16888,0,train
14327,0,train
10430,0,train
624,0,train
9085,1,train
18726,1,train
23294,1,train
2103,1,train
10547,1,train
6212,0,train
21627,0,train
59,0,train
5130,0,train
29596,0,train
21756,0,train
1319,0,train
3354,0,train
5714,0,train
26402,0,train
5096,0,train
817,1,train
8889,1,train
25548,0,train
23606,0,train
10719,0,train
6314,0,train
12381,0,train
19265,0,train
2807,0,train
23083,1,train
20494,1,train
18054,0,train
1407,0,train
15360,0,train
5641,0,train
25231,0,train
8556,0,train
11475,0,train
16155,1,train
14048,0,train
9179,0,train
10442,0,train
6872,0,train
24355,0,train
3497,0,train
23454,0,train
5894,0,train
25464,0,train
15874,0,train
9848,1,train
16602,0,train
6236,0,train
21887,0,train
8644,0,train
17981,0,train
26960,0,train
27684,1,train
11286,0,train
2210,0,train
15549,1,train
15864,0,train
20734,1,train
22634,1,train
28209,0,train
12096,0,train
20234,0,train
6958,1,train
2782,0,train
2032,0,train
9154,0,train
21957,0,train
20406,0,train
23357,0,train
8395,0,train
6259,0,train
15029,0,train
27623,0,train
4851,0,train
29354,0,train
14815,0,train
15723,0,train
27479,0,train
27778,0,train
23851,0,train
19458,0,train
17294,0,train
8016,1,train
13461,0,train
21333,0,train
25408,0,train
11489,0,train
2213,0,train
12448,0,train
19212,0,train
12207,0,train
4096,0,train
13850,0,train
3878,0,train
22459,0,train
17427,0,train
25433,0,train
1028,0,train
14103,0,train
2299,0,train
16150,0,train
9404,0,train
14152,0,train
23422,0,train
4228,0,train
21024,1,train
3315,0,train
2865,0,train
16077,0,train
17968,0,train
16048,0,train
27458,1,train
5430,0,train
25992,0,train
3005,0,train
17429,0,train
20381,1,train
10572,1,train
29833,0,train
18647,0,train
26299,0,train
5444,0,train
7915,0,train
236,0,train
5712,0,train
19688,0,train
7039,0,train
16250,0,train
3605,0,train
20177,0,train
7865,0,train
14364,1,train
16410,0,train
11736,0,train
17639,0,train
16863,1,train
574,1,train
16414,0,train
19029,0,train
18272,0,train
18446,0,train
27136,0,train
22351,0,train
23379,0,train
29325,0,train
7035,0,train
3277,0,train
1942,0,train
6217,0,train
24524,0,train
7261,0,train
6533,0,train
19308,0,train
18672,0,train
15217,0,train
23041,0,train
20823,0,train
4706,0,train
21970,0,train
3196,0,train
16795,0,train
9883,0,train
6114,0,train
9422,0,train
16245,0,train
8470,1,train
17852,0,train
15980,0,train
3504,1,train
3563,1,train
8524,1,train
23052,0,train
7257,0,train
15658,0,train
19727,0,train
7220,1,train
9011,0,train
29498,1,train
1316,1,train
10185,0,train
29879,1,train
724,0,train
29298,0,train
5254,0,train
15646,0,train
1525,0,train
28565,0,train
5897,0,train
20704,1,train
20969,0,train
20630,0,train
13391,1,train
20416,0,train
2543,0,train
7659,0,train
20871,1,train
24516,0,train
25493,0,train
28700,0,train
7955,0,train
13076,0,train
8672,0,train
14395,0,train
2576,0,train
29370,0,train
1691,0,train
20059,0,train
2872,0,train
6049,0,train
15761,1,train
26734,1,train
7683,0,train
16228,0,train
11568,0,train
6693,0,train
7230,0,train
29783,0,train
4740,0,train
25340,0,train
27388,0,train
4011,0,train
26617,0,train
25005,0,train
16035,0,train
18541,0,train
10558,0,train
27114,0,train
24027,0,train
1821,1,train
11274,0,train
10062,0,train
562,0,train
21167,1,train
10817,0,train
9724,0,train
29356,1,train
8235,0,train
7426,0,train
18408,0,train
12956,1,train
6016,1,train
7526,0,train
21108,1,train
8625,0,train
12099,0,train
23392,0,train
10275,0,train
23814,0,train
3033,0,train
1697,1,train
5257,0,train
8796,0,train
3477,1,train
16036,0,train
25507,0,train
9487,0,train
7590,0,train
3707,0,train
5638,0,train
23713,0,train
25346,0,train
7917,0,train
1052,0,train
25140,0,train
7858,0,train
19527,0,train
3195,1,train
4051,0,train
12806,0,train
883,0,train
9587,1,train
12490,1,train
14214,0,train
23400,1,train
9908,0,train
25315,0,train
771,0,train
16110,0,train
3902,1,train
25356,0,train
15945,0,train
1159,0,train
403,1,train
399,0,train
20049,0,train
16265,1,train
9723,0,train
10595,1,train
26466,1,train
11127,1,train
9692,0,train
7646,1,train
15819,0,train
10381,1,train
6540,1,train
4364,0,train
11754,0,train
15521,0,train
14383,0,train
29472,0,train
23808,0,train
15188,0,train
2607,0,train
26473,1,train
26306,0,train
27248,0,train
13069,0,train
19633,0,train
9812,1,train
6472,0,train
10951,0,train
13336,1,train
483,0,train
20489,0,train
14429,1,train
23904,0,train
5230,0,train
14345,0,train
22143,0,train
9915,1,train
29848,0,train
20990,0,train
16249,0,train
4259,0,train
20336,1,train
19392,0,train
8207,0,train
1786,1,train
14606,0,train
9079,1,train
29920,1,train
10272,0,train
9302,1,train
19196,0,train
12579,0,train
24930,0,train
19416,1,train
19720,0,train
22140,0,train
9775,0,train
21142,0,train
900,0,train
7640,1,train
27475,0,train
1322,0,train
25375,0,train
1033,1,train
9073,0,train
1066,0,train
27067,1,train
19905,0,train
11409,0,train
14211,0,train
17401,0,train
19822,0,train
13843,1,train
2559,0,train
5272,0,train
633,0,train
15376,0,train
6851,0,train
6440,0,train
27786,0,train
23694,0,train
4875,0,train
11709,0,train
19377,0,train
25286,1,train
14476,0,train
5792,0,train
20920,1,train
2545,1,train
15785,1,train
19568,0,train
1356,0,train
2985,0,train
19522,1,train
20299,0,train
19034,1,train
2823,0,train
18271,0,train
2915,0,train
24309,0,train
8150,0,train
18505,0,train
19559,0,train
11438,0,train
17539,0,train
12223,1,train
126,0,train
1502,0,train
18908,0,train
3548,0,train
2432,0,train
26537,0,train
6888,0,train
5211,1,train
8437,0,train
24969,1,train
16995,1,train
10524,1,train
15637,0,train
22186,0,train
21177,0,train
10109,0,train
14911,0,train
21715,0,train
4818,0,train
21892,1,train
1471,0,train
5947,1,train
9267,0,train
7599,0,train
11436,1,train
16724,0,train
18585,0,train
219,0,train
13579,1,train
26494,0,train
1077,0,train
9216,1,train
20599,0,train
26278,0,train
6296,0,train
18801,0,train
404,0,train
26546,0,train
20474,0,train
21721,0,train
23649,1,train
7514,0,train
26169,1,train
21695,0,train
17709,0,train
9591,0,train
13327,1,train
20305,0,train
867,0,train
7836,0,train
18373,1,train
25942,0,train
12795,1,train
10159,0,train
7503,0,train
21911,0,train
9374,0,train
15012,0,train
7168,0,train
23171,0,train
22176,0,train
24115,0,train
15790,0,train
1533,0,train
18583,0,train
21345,0,train
6373,0,train
15162,0,train
29473,0,train
10664,1,train
16849,0,train
14773,0,train
28684,1,train
18944,0,train
8155,0,train
18456,0,train
1719,0,train
25260,1,train
24788,0,train
5736,0,train
11297,1,train
19687,1,train
21366,0,train
1486,1,train
3910,1,train
7983,0,train
29638,0,train
1762,0,train
25768,1,train
234,1,train
23706,0,train
15797,0,train
17546,0,train
15403,0,train
14274,0,train
24429,0,train
24812,0,train
27959,1,train
28711,0,train
27249,0,train
6865,0,train
29998,1,train
2218,1,train
26015,0,train
7193,1,train
24814,0,train
13867,0,train
20677,0,train
15473,0,train
21995,0,train
2802,1,train
15004,0,train
24895,0,train
19774,0,train
4010,0,train
19874,0,train
935,0,train
16160,0,train
19245,0,train
9560,1,train
17068,0,train
28383,0,train
13095,0,train
1918,0,train
26074,0,train
20746,0,train
27945,0,train
18904,0,train
12121,0,train
25181,0,train
7866,0,train
26945,0,train
23316,1,train
14770,0,train
6952,1,train
21896,0,train
689,0,train
19009,0,train
6803,0,train
10285,0,train
25294,0,train
7241,0,train
21832,0,train
21856,0,train
2175,0,train
21131,1,train
2424,0,train
8131,0,train
686,0,train
24146,0,train
12134,0,train
10418,0,train
14267,0,train
24109,0,train
11747,0,train
21360,0,train
13371,1,train
4510,0,train
5188,0,train
8413,0,train
6200,0,train
3561,1,train
29303,0,train
26921,0,train
5828,1,train
9777,0,train
2154,0,train
23264,1,train
18085,0,train
14091,0,train
14975,0,train
17802,1,train
1103,0,train
14001,0,train
22808,0,train
9339,0,train
18450,0,train
14034,0,train
4822,0,train
13707,0,train
25292,0,train
29827,0,train
13383,0,train
17734,0,train
12800,0,train
5571,0,train
20289,0,train
24343,1,train
4107,0,train
29307,0,train
7027,0,train
23979,0,train
4566,1,train
6346,1,train
14902,0,train
22889,0,train
1213,1,train
28963,0,train
20620,0,train
23152,0,train
19792,1,train
1456,0,train
4448,0,train
28954,0,train
17661,0,train
14386,0,train
15095,1,train
17521,0,train
18243,0,train
17768,0,train
2054,0,train
25098,1,train
9578,0,train
14236,0,train
25751,1,train
9320,0,train
19879,0,train
16843,0,train
22938,0,train
12367,0,train
23054,0,train
25993,0,train
14090,0,train
25515,1,train
8344,0,train
8756,1,train
19309,0,train
28776,1,train
4802,1,train
27272,0,train
3567,0,train
7756,0,train
20719,0,train
9415,0,train
26970,0,train
1521,0,train
19991,0,train
23345,0,train
27653,0,train
8103,0,train
17892,1,train
2788,1,train
11720,1,train
5531,0,train
11664,0,train
18000,1,train
22542,0,train
19452,0,train
7282,0,train
10357,0,train
2725,0,train
168,0,train
8600,1,train
10064,0,train
18614,0,train
29231,0,train
26008,0,train
15996,0,train
23107,0,train
24440,0,train
5253,0,train
24571,1,train
4220,0,train
26799,0,train
24497,0,train
24567,0,train
8483,0,train
7003,0,train
930,0,train
17241,0,train
25020,0,train
4379,1,train
10203,0,train
23549,0,train
6223,0,train
4380,0,train
15144,0,train
28112,0,train
21638,0,train
26750,1,train
28,0,train
18702,0,train
17843,0,train
4972,0,train
26023,0,train
10920,0,train
16208,0,train
22716,0,train
25714,1,train
20609,0,train
27785,0,train
8589,0,train
23673,0,train
17763,0,train
21867,0,train
13633,0,train
6224,0,train
2622,0,train
21701,0,train
3004,1,train
12473,0,train
24152,0,train
21707,0,train
28712,1,train
16422,0,train
924,0,train
4248,0,train
24973,0,train
542,0,train
242,0,train
7255,0,train
24585,0,train
28100,1,train
26848,0,train
28095,0,train
28576,1,train
15477,0,train
23093,1,train
4810,0,train
28609,0,train
29812,0,train
10794,1,train
6412,0,train
22472,0,train
27142,0,train
28278,0,train
18081,0,train
8053,0,train
16201,0,train
6473,0,train
6565,0,train
1954,1,train
24935,0,train
18046,0,train
18884,0,train
9175,1,train
5355,0,train
1365,0,train
6229,1,train
8340,0,train
9437,0,train
14844,1,train
102,0,train
14285,0,train
26270,0,train
28039,1,train
14653,1,train
573,0,train
2390,0,train
26040,0,train
26713,0,train
15449,0,train
29248,1,train
28715,0,train
6684,1,train
9387,0,train
2824,1,train
20881,0,train
17869,1,train
3246,0,train
11018,0,train
7705,0,train
25524,0,train
22717,0,train
21323,0,train
25426,0,train
1742,0,train
20602,0,train
8078,0,train
3494,0,train
19608,0,train
12087,0,train
17529,0,train
197,0,train
21085,0,train
13064,1,train
10508,1,train
17586,1,train
29995,1,train
4484,0,train
11367,0,train
2765,0,train
29241,1,train
10234,0,train
6324,0,train
15382,0,train
26939,1,train
4192,1,train
7770,0,train
4647,0,train
17447,1,train
29764,0,train
11331,0,train
3635,0,train
5104,0,train
21639,0,train
10032,0,train
16667,1,train
11085,0,train
9332,0,train
9756,0,train
888,0,train
26503,1,train
18867,0,train
17365,1,train
29216,0,train
21643,0,train
5005,0,train
4289,0,train
7184,0,train
10768,0,train
25508,0,train
12370,1,train
19811,0,train
4962,0,train
29079,0,train
29674,0,train
8799,0,train
27564,0,train
22647,1,train
17726,0,train
23763,0,train
20769,0,train
5034,0,train
19413,0,train
14499,0,train
13353,0,train
7053,1,train
3938,0,train
23699,0,train
25629,0,train
10871,1,train
19194,0,train
2653,0,train
11708,0,train
16704,0,train
4912,0,train
25963,0,train
27042,0,train
3327,0,train
22373,0,train
25578,0,train
24322,0,train
24136,1,train
4048,1,train
9283,0,train
10123,0,train
2117,1,train
1737,1,train
14140,1,train
2373,0,train
12593,1,train
6552,1,train
2541,0,train
4165,0,train
2646,0,train
29900,1,train
4619,0,train
11138,0,train
24089,0,train
6231,0,train
16772,1,train
3709,0,train
17536,0,train
12228,0,train
4907,0,train
28532,1,train
12664,1,train
7719,1,train
27643,0,train
9081,1,train
18142,0,train
15373,0,train
12936,1,train
5701,1,train
29532,1,train
11476,0,train
954,0,train
200,1,train
26655,0,train
7587,0,train
8536,0,train
26935,1,train
16770,0,train
15546,1,train
10576,1,train
5077,0,train
20917,0,train
8550,0,train
4964,0,train
27110,0,train
5803,0,train
6118,0,train
25455,0,train
13458,0,train
13067,0,train
7186,0,train
7306,0,train
23947,0,train
5470,0,train
11198,0,train
27218,1,train
27793,0,train
28736,0,train
12999,0,train
9685,1,train
10804,1,train
16812,0,train
4267,0,train
21787,1,train
28727,1,train
2819,0,train
19152,0,train
15362,0,train
24584,1,train
13891,0,train
21979,0,train
3612,0,train
8469,1,train
23405,0,train
19071,0,train
14680,0,train
29890,0,train
4884,1,train
21028,1,train
21788,0,train
17560,0,train
15764,0,train
22206,0,train
23359,0,train
15718,0,train
15579,0,train
5723,0,train
5488,1,train
26011,0,train
23923,0,train
5318,1,train
18741,0,train
17453,1,train
18538,0,train
25829,1,train
19582,0,train
3921,1,train
25151,0,train
23421,1,train
19451,0,train
15839,0,train
1127,0,train
23840,0,train
20153,0,train
658,1,train
9378,1,train
13920,0,train
1382,0,train
29818,1,train
11550,1,train
29322,0,train
25183,1,train
21293,1,train
27283,0,train
14437,0,train
8826,0,train
7912,1,train
5425,0,train
16990,0,train
1524,1,train
8751,0,train
27576,0,train
4467,0,train
5575,1,train
4103,1,train
9515,0,train
11805,0,train
13035,0,train
8933,1,train
13267,1,train
12637,0,train
3194,0,train
8677,0,train
23339,0,train
24492,0,train
29053,1,train
7072,0,train
12125,0,train
27357,0,train
15850,0,train
18111,1,train
10312,0,train
17571,0,train
17347,0,train
28065,0,train
6525,0,train
19715,0,train
19354,0,train
2516,0,train
16765,0,train
13532,1,train
20309,0,train
10513,0,train
19837,0,train
20523,0,train
4598,0,train
21968,0,train
5367,0,train
4871,1,train
3059,0,train
21554,0,train
17258,1,train
24479,1,train
3788,0,train
17314,0,train
29793,0,train
7701,1,train
29826,0,train
2763,0,train
25,0,train
15933,0,train
9588,0,train
20637,0,train
8541,0,train
17803,0,train
3496,0,train
15653,0,train
21794,0,train
23102,0,train
27229,1,train
18302,0,train
25468,1,train
15149,1,train
28761,0,train
8596,0,train
3371,1,train
24739,0,train
12699,0,train
27062,0,train
1851,0,train
4000,1,train
15341,0,train
29035,0,train
555,0,train
16354,1,train
19781,0,train
25563,0,train
11035,1,train
7665,0,train
27220,0,train
8953,0,train
27315,1,train
12231,0,train
29027,0,train
17730,0,train
17603,0,train
10734,0,train
8293,1,train
3223,0,train
29242,0,train
29015,0,train
11910,0,train
27612,0,train
26634,1,train
21233,1,train
16610,0,train
6780,0,train
4403,0,train
9607,0,train
14586,1,train
29990,0,train
8979,0,train
1332,0,train
10716,1,train
29092,1,train
22158,0,train
27531,0,train
11823,0,train
26207,0,train
17839,1,train
14028,0,train
22184,0,train
13993,1,train
11503,1,train
4526,0,train
7881,1,train
13768,0,train
8542,1,train
1269,1,train
26215,0,train
3401,0,train
22530,0,train
10168,1,train
23303,0,train
18466,1,train
16330,0,train
5163,0,train
20656,0,train
24861,0,train
23585,1,train
19450,0,train
7681,0,train
15834,0,train
24199,0,train
12133,0,train
995,1,train
4845,0,train
18088,0,train
23579,0,train
28604,1,train
15816,0,train
5503,0,train
2262,1,train
16520,1,train
14935,0,train
11287,0,train
999,1,train
8252,0,train
20448,0,train
28651,0,train
25943,0,train
17310,1,train
2994,1,train
18025,1,train
2567,0,train
4397,0,train
22234,0,train
15779,1,train
11413,0,train
27853,1,train
26535,1,train
24829,0,train
18194,0,train
24660,0,train
21264,0,train
18426,0,train
28665,0,train
18440,0,train
16732,1,train
6764,0,train
1661,0,train
28326,1,train
26058,1,train
23151,0,train
29778,1,train
17323,0,train
6099,1,train
8421,0,train
20146,0,train
22310,0,train
1673,0,train
26671,0,train
23252,0,train
19536,0,train
12638,1,train
647,1,train
3458,1,train
26605,0,train
6190,0,train
20664,1,train
9034,0,train
29878,0,train
23261,1,train
19092,1,train
19267,0,train
5196,0,train
23864,1,train
14099,1,train
12304,0,train
17820,0,train
4595,1,train
25223,0,train
20865,0,train
20152,1,train
677,1,train
11337,0,train
17894,0,train
2483,1,train
24055,0,train
16251,0,train
13921,0,train
20159,0,train
6917,1,train
1827,1,train
10100,1,train
1152,0,train
18839,0,train
8874,0,train
7342,0,train
6650,0,train
27184,0,train
24233,1,train
26472,0,train
14230,0,train
25688,0,train
1307,0,train
14371,0,train
24666,0,train
11657,0,train
13205,0,train
18506,0,train
22508,0,train
18349,0,train
6512,0,train
27969,0,train
13477,0,train
29743,0,train
28325,0,train
8839,0,train
1519,0,train
7971,0,train
25953,0,train
21609,0,train
20714,0,train
10545,0,train
25741,0,train
934,1,train
5406,0,train
6130,1,train
26084,1,train
25055,1,train
12871,1,train
16978,0,train
29343,1,train
23046,0,train
6271,0,train
18562,0,train
7243,0,train
21914,1,train
19677,1,train
8111,0,train
25418,0,train
10106,0,train
9902,1,train
18897,0,train
11972,1,train
29742,0,train
21011,0,train
21538,0,train
9301,1,train
25815,0,train
4674,1,train
6587,0,train
3306,0,train
4443,1,train
9930,0,train
21132,1,train
1068,1,train
17949,0,train
7931,1,train
6733,0,train
10501,0,train
13821,0,train
25914,0,train
18023,1,train
5621,0,train
4017,0,train
23871,0,train
10058,0,train
8984,1,train
17304,1,train
20837,0,train
11343,1,train
26366,0,train
18174,0,train
20956,1,train
14166,0,train
18797,0,train
3395,0,train
19572,0,train
12415,0,train
8004,0,train
12844,0,train
460,1,train
7685,0,train
5245,0,train
17736,1,train
25607,0,train
26177,0,train
673,1,train
16539,0,train
3654,0,train
27439,0,train
2679,0,train
28207,1,train
1804,0,train
1371,0,train
5905,0,train
19030,1,train
28502,0,train
10113,0,train
8031,0,train
20527,0,train
5830,0,train
27417,1,train
23098,0,train
17329,0,train
1917,0,train
11955,1,train
27504,0,train
26251,0,train
18982,0,train
20764,0,train
6880,0,train
28187,0,train
7149,0,train
27213,0,train
22517,0,train
5837,0,train
23188,0,train
20151,0,train
9033,0,train
16764,0,train
2966,0,train
14479,0,train
4013,0,train
3889,0,train
9114,0,train
22238,0,train
19551,0,train
19499,1,train
17230,0,train
13457,0,train
24573,0,train
29488,0,train
28558,0,train
11392,0,train
19076,0,train
10637,0,train
419,0,train
9805,0,train
19221,1,train
16873,1,train
20898,0,train
10688,0,train
12219,0,train
13791,0,train
28724,0,train
11937,0,train
24786,0,train
3928,1,train
11794,1,train
3999,1,train
14108,0,train
13716,0,train
16974,0,train
6297,0,train
28540,0,train
19135,0,train
25711,0,train
10707,1,train
10612,0,train
15561,0,train
22465,1,train
23072,0,train
8309,0,train
7433,0,train
25870,1,train
15451,0,train
21199,1,train
27474,1,train
12899,0,train
15672,1,train
3584,1,train
27450,0,train
11934,0,train
5751,1,train
5076,1,train
23701,0,train
26976,0,train
14988,0,train
19646,0,train
19947,0,train
15919,0,train
1630,0,train
22705,0,train
4040,0,train
15356,0,train
3112,0,train
12568,0,train
6961,0,train
16589,0,train
19238,0,train
4461,0,train
16260,1,train
17558,0,train
19096,0,train
25910,0,train
1105,1,train
20329,0,train
22591,1,train
14270,0,train
23241,0,train
4481,0,train
10807,0,train
10240,0,train
5365,0,train
22728,1,train
14966,0,train
5366,1,train
18045,0,train
10538,0,train
23696,0,train
11076,0,train
27620,1,train
20515,0,train
20492,0,train
21759,0,train
27784,0,train
11808,1,train
20295,0,train
507,0,train
1773,0,train
14047,0,train
17510,0,train
1312,0,train
4025,0,train
5534,1,train
7430,1,train
6139,1,train
16690,1,train
1434,0,train
3231,1,train
24759,0,train
9171,1,train
7675,0,train
3732,0,train
14717,0,train
2729,0,train
25919,0,train
26941,0,train
26462,0,train
4126,0,train
22586,0,train
17254,0,train
19698,1,train
29037,0,train
13488,0,train
13975,0,train
21994,0,train
28446,0,train
7192,0,train
6995,0,train
26357,0,train
79,1,train
29876,0,train
14855,0,train
3181,0,train
12584,0,train
27768,0,train
17028,1,train
8830,0,train
13973,1,train
3756,0,train
21730,0,train
3665,0,train
9078,1,train
1221,0,train
18557,0,train
9351,0,train
21309,1,train
13074,0,train
9851,0,train
5086,1,train
10280,0,train
28896,0,train
491,0,train
14532,0,train
25792,0,train
14302,0,train
16263,0,train
1099,0,train
12230,0,train
10492,0,train
23897,0,train
26196,0,train
25658,0,train
15462,0,train
15074,0,train
29196,0,train
15332,1,train
14397,0,train
9062,0,train
28401,0,train
23597,0,train
17911,1,train
20009,0,train
873,0,train
12882,0,train
8632,0,train
20456,0,train
20315,1,train
18598,0,train
12243,0,train
10502,0,train
20027,1,train
3701,0,train
10213,0,train
12458,0,train
9495,1,train
6307,0,train
11030,0,train
20065,0,train
8509,1,train
23310,1,train
1748,0,train
20618,0,train
28364,0,train
26337,0,train
15155,1,train
28320,0,train
26593,0,train
4652,1,train
2846,0,train
503,0,train
813,0,train
12250,1,train
14582,1,train
17495,0,train
12222,0,train
28753,0,train
20544,0,train
19441,0,train
5099,0,train
8882,0,train
595,0,train
27411,0,train
15287,0,train
5969,0,train
5674,0,train
10608,0,train
25402,0,train
26889,0,train
27730,0,train
393,0,train
23333,1,train
24558,0,train
101,0,train
12762,1,train
1093,0,train
28807,1,train
2405,0,train
22308,0,train
21731,0,train
21353,0,train
21544,0,train
17986,1,train
7119,1,train
4271,0,train
4655,0,train
18885,0,train
6081,0,train
15098,0,train
667,0,train
1662,1,train
27606,0,train
9564,0,train
5702,0,train
21315,1,train
4297,0,train
696,0,train
8012,0,train
10582,0,train
13718,1,train
5299,0,train
22916,0,train
12229,0,train
1124,0,train
5882,0,train
28536,0,train
16971,1,train
2191,0,train
1080,0,train
9497,0,train
8023,0,train
23758,1,train
13271,0,train
18153,0,train
17936,0,train
7050,0,train
28625,1,train
2300,0,train
25221,0,train
1422,0,train
3151,1,train
20953,1,train
11354,0,train
18290,0,train
14956,0,train
3124,0,train
5049,1,train
27162,0,train
7355,0,train
6332,1,train
3219,0,train
29558,1,train
13899,0,train
9764,0,train
25138,0,train
29032,0,train
23500,0,train
24182,0,train
1253,0,train
13691,0,train
17533,0,train
5297,0,train
8793,0,train
1489,1,train
14684,0,train
11859,0,train
1540,0,train
19307,0,train
27045,0,train
25796,0,train
28685,0,train
4589,1,train
580,0,train
3628,0,train
22073,0,train
14114,1,train
20801,0,train
27459,0,train
19461,0,train
8184,0,train
14121,0,train
23053,1,train
6932,0,train
24597,1,train
2588,0,train
19885,0,train
22758,0,train
12036,0,train
6428,0,train
21589,0,train
18398,0,train
19218,0,train
21897,0,train
5152,1,train
7369,1,train
12028,0,train
1107,0,train
27933,1,train
20743,1,train
9904,0,train
8568,1,train
5087,0,train
29182,0,train
27617,0,train
9305,0,train
186,1,train
6251,0,train
14131,0,train
9315,1,train
11723,0,train
15201,1,train
7667,1,train
3840,1,train
16500,0,train
18278,1,train
12343,0,train
22619,1,train
10323,0,train
28772,0,train
29499,0,train
4002,1,train
15920,0,train
29950,0,train
14213,0,train
365,0,train
8003,0,train
27243,1,train
15858,0,train
23648,0,train
8405,0,train
14794,1,train
12594,1,train
7747,0,train
24711,1,train
21223,0,train
14485,0,train
29750,0,train
2571,0,train
866,0,train
26957,0,train
23001,1,train
21404,0,train
8087,0,train
24934,0,train
27385,1,train
23138,1,train
4616,1,train
14971,0,train
19073,0,train
16171,0,train
2127,0,train
22520,0,train
25700,0,train
21737,0,train
16631,0,train
25981,0,train
5452,0,train
13977,0,train
25114,0,train
13757,0,train
23821,0,train
26991,0,train
26623,0,train
28322,1,train
1747,0,train
10295,0,train
24090,0,train
27705,0,train
14991,1,train
23088,1,train
22930,0,train
2140,1,train
13503,0,train
21601,1,train
28779,0,train
21545,0,train
21038,0,train
28339,0,train
5209,0,train
5393,1,train
12208,0,train
13825,1,train
2095,0,train
29530,0,train
20249,1,train
18263,0,train
15888,0,train
2346,0,train
464,0,train
401,0,train
7231,0,train
27250,0,train
19906,0,train
6235,0,train
28900,1,train
40,0,train
7348,0,train
12660,0,train
27307,0,train
23220,0,train
25996,1,train
10754,1,train
7346,0,train
22437,0,train
2980,0,train
17940,0,train
15897,1,train
27431,1,train
16382,1,train
7920,0,train
140,0,train
26903,0,train
38,0,train
28402,0,train
39,1,train
7280,0,train
8916,1,train
16056,0,train
2520,0,train
13784,1,train
1320,0,train
5655,0,train
21397,0,train
25216,1,train
12504,1,train
5052,0,train
6470,0,train
24002,1,train
8450,0,train
27035,1,train
20821,0,train
26680,0,train
5219,1,train
24313,0,train
25823,0,train
12933,0,train
28096,0,train
2119,0,train
14788,0,train
26236,1,train
15500,0,train
15334,0,train
11732,0,train
22732,0,train
25302,0,train
13696,0,train
28470,0,train
6907,0,train
14307,0,train
17860,1,train
16311,0,train
14096,0,train
19036,1,train
11672,1,train
26219,1,train
28640,0,train
2934,0,train
4665,0,train
24922,0,train
11480,0,train
11707,1,train
18860,0,train
22858,0,train
14122,0,train
238,0,train
5907,0,train
18863,1,train
22851,0,train
10281,0,train
6707,0,train
18811,0,train
7652,0,train
4001,0,train
23206,1,train
5413,0,train
7061,0,train
13008,0,train
24747,0,train
27596,1,train
16965,0,train
12392,1,train
10467,0,train
14411,1,train
25154,1,train
862,0,train
3309,0,train
19873,1,train
16560,1,train
3178,0,train
6559,0,train
11963,1,train
9857,1,train
25746,0,train
21585,0,train
7327,0,train
4905,0,train
18665,0,train
16541,0,train
12107,0,train
16370,0,train
15814,1,train
23260,0,train
23209,0,train
12908,0,train
9303,0,train
18037,0,train
11490,0,train
3474,0,train
25150,0,train
6801,1,train
11052,0,train
3775,0,train
26003,0,train
614,0,train
10921,1,train
376,0,train
18550,0,train
174,1,train
26490,0,train
29280,0,train
19339,0,train
7084,0,train
14250,0,train
26816,0,train
7416,0,train
8845,0,train
3450,0,train
904,0,train
9725,0,train
23563,1,train
3114,0,train
17340,0,train
16580,0,train
8736,0,train
4737,0,train
16395,0,train
29847,0,train
28918,0,train
15231,0,train
17117,0,train
17303,0,train
8434,0,train
28246,1,train
20954,0,train
28828,0,train
7700,0,train
29869,0,train
7885,0,train
25856,0,train
4291,0,train
9059,0,train
29786,1,train
9709,0,train
18318,1,train
21141,0,train
19407,0,train
24040,1,train
15777,0,train
12483,0,train
23813,0,train
14750,0,train
11687,0,train
24504,0,train
5079,1,train
24618,1,train
2737,0,train
4086,0,train
21785,0,train
12591,0,train
2897,0,train
10345,0,train
29444,0,train
20174,0,train
19506,0,train
27999,0,train
18338,0,train
5849,0,train
25536,0,train
11896,0,train
23038,0,train
16406,1,train
10879,0,train
28040,0,train
2265,0,train
24658,0,train
24312,0,train
13778,0,train
364,1,train
1256,0,train
9109,0,train
28521,0,train
19620,0,train
29813,0,train
19532,0,train
3294,0,train
23211,0,train
12117,0,train
8848,0,train
23717,0,train
2870,0,train
21960,0,train
3568,0,train
26046,0,train
29929,0,train
19065,0,train
745,0,train
14936,0,train
28415,0,train
3322,0,train
21320,0,train
24028,0,train
22227,0,train
8970,0,train
11046,0,train
7239,1,train
16195,0,train
12752,0,train
9856,1,train
2526,0,train
15756,0,train
9931,0,train
5761,0,train
17798,1,train
19840,0,train
9206,0,train
15221,0,train
3797,0,train
16913,0,train
17275,1,train
27837,0,train
14557,0,train
14216,0,train
8827,0,train
9811,0,train
1554,0,train
16440,1,train
12960,0,train
5350,1,train
6204,0,train
23652,0,train
23389,0,train
12348,0,train
7121,0,train
11710,0,train
4199,0,train
777,0,train
9604,0,train
9601,0,train
6384,0,train
25006,0,train
19302,0,train
490,0,train
6490,1,train
16460,1,train
13293,0,train
22048,1,train
4464,0,train
10706,0,train
22344,0,train
2510,1,train
10463,0,train
3699,1,train
11602,1,train
22107,0,train
21623,0,train
258,0,train
14803,0,train
25522,0,train
9585,1,train
21447,0,train
8717,1,train
12142,0,train
272,0,train
24232,0,train
12155,0,train
15111,0,train
12479,0,train
21252,0,train
15506,0,train
8064,0,train
26294,0,train
13818,0,train
905,0,train
28826,0,train
9326,0,train
2555,0,train
17551,1,train
1855,0,train
22133,0,train
19728,1,train
19134,0,train
25765,0,train
27722,1,train
9517,0,train
27101,0,train
11898,0,train
20061,1,train
22105,0,train
18412,0,train
14074,0,train
17900,0,train
14644,0,train
7940,1,train
27812,0,train
17591,0,train
15059,1,train
22448,0,train
14374,1,train
22440,0,train
9440,1,train
4866,0,train
4090,1,train
23636,1,train
18110,1,train
7258,1,train
22161,0,train
25067,0,train
14827,0,train
12056,0,train
21603,1,train
136,0,train
14011,0,train
22357,0,train
5449,0,train
5305,1,train
27040,1,train
4680,1,train
7613,0,train
18953,0,train
20973,0,train
9296,1,train
2893,0,train
25137,1,train
29642,0,train
10534,0,train
22258,1,train
21227,0,train
415,0,train
13518,0,train
23181,0,train
4257,0,train
29844,1,train
28971,0,train
5888,0,train
19487,0,train
5023,0,train
20252,1,train
19358,0,train
8334,0,train
10674,0,train
13180,0,train
11785,0,train
3667,0,train
4083,0,train
5660,0,train
26443,1,train
11917,0,train
11429,0,train
2259,0,train
1360,0,train
3733,0,train
17457,0,train
18257,1,train
14077,0,train
11045,1,train
13476,0,train
26043,0,train
11945,0,train
16702,0,train
14222,0,train
7267,0,train
29038,0,train
10302,0,train
14038,0,train
10196,0,train
18699,0,train
16258,1,train
20192,1,train
4440,0,train
11301,0,train
20530,0,train
10919,0,train
21569,1,train
12352,0,train
21364,0,train
27438,0,train
17162,0,train
15056,1,train
8034,0,train
6144,0,train
1618,0,train
20338,1,train
16650,1,train
4374,0,train
21763,0,train
27597,0,train
17543,0,train
20640,1,train
13077,0,train
24098,0,train
17702,0,train
1168,0,train
6019,0,train
17054,1,train
459,0,train
21632,0,train
25979,0,train
18520,0,train
439,0,train
29425,0,train
28728,0,train
2505,0,train
8442,0,train
11051,0,train
5181,1,train
5141,0,train
22765,0,train
7312,0,train
22722,0,train
20179,0,train
24248,0,train
18642,0,train
9615,0,train
6646,1,train
12503,0,train
13172,0,train
9690,0,train
22007,0,train
3608,0,train
23777,0,train
10955,0,train
9965,1,train
20409,1,train
25532,0,train
12262,0,train
17979,0,train
13556,1,train
17597,0,train
6184,1,train
6295,0,train
14950,0,train
26920,1,train
28202,1,train
5962,0,train
3024,1,train
25336,0,train
27200,0,train
19337,0,train
22385,0,train
11727,0,train
17946,0,train
1746,0,train
23395,0,train
24460,0,train
9137,0,train
9096,1,train
15169,0,train
8651,0,train
13501,1,train
13079,0,train
28956,0,train
16588,0,train
4968,1,train
9543,0,train
20376,0,train
29363,0,train
8814,0,train
25017,0,train
18740,0,train
23081,0,train
7211,0,train
27295,0,train
19316,0,train
13410,0,train
14782,0,train
29264,0,train
23624,1,train
9007,1,train
12970,0,train
7472,0,train
21053,1,train
11575,0,train
15076,0,train
3812,1,train
28471,0,train
21343,1,train
21886,1,train
3982,0,train
27650,0,train
13877,0,train
738,0,train
26629,0,train
26931,1,train
18618,0,train
24335,1,train
16686,0,train
18330,1,train
13766,0,train
24406,1,train
11612,0,train
1753,0,train
11697,1,train
29104,0,train
25244,1,train
28058,1,train
28354,0,train
7151,0,train
4482,0,train
22230,0,train
27489,0,train
28901,0,train
5602,0,train
24359,0,train
20538,0,train
9614,1,train
12406,0,train
21973,1,train
6755,0,train
13590,0,train
29945,1,train
10209,0,train
27807,0,train
20728,0,train
17343,0,train
17155,1,train
1146,1,train
28822,0,train
15509,0,train
6671,0,train
9340,1,train
20850,0,train
3630,0,train
4981,0,train
3108,0,train
15992,0,train
11977,0,train
12578,0,train
5664,0,train
25125,0,train
9613,0,train
15316,0,train
9896,0,train
5434,0,train
19513,0,train
21645,0,train
26096,0,train
2380,0,train
4535,0,train
18834,0,train
1640,0,train
17128,0,train
21157,0,train
14617,0,train
19972,0,train
10112,1,train
9061,0,train
8618,0,train
13479,1,train
21807,0,train
25580,1,train
16270,0,train
7024,0,train
25046,0,train
3460,1,train
16420,0,train
13426,0,train
1495,0,train
14353,0,train
8559,0,train
19649,1,train
1913,0,train
24094,1,train
6770,0,train
1654,1,train
21693,0,train
4235,0,train
28769,0,train
23986,1,train
13664,1,train
14608,0,train
17104,0,train
1117,1,train
12719,1,train
11989,0,train
23854,0,train
16887,0,train
16023,0,train
9948,0,train
6695,0,train
20851,0,train
9838,0,train
20499,0,train
2162,0,train
3641,0,train
24815,0,train
1214,0,train
23586,0,train
14093,0,train
15842,0,train
14697,0,train
21056,0,train
27428,1,train
15594,1,train
27941,0,train
26063,0,train
10645,0,train
22353,0,train
16271,0,train
10127,0,train
6933,1,train
18615,1,train
28864,0,train
27261,0,train
5985,0,train
11322,0,train
1184,0,train
29936,1,train
11217,0,train
23739,0,train
26684,0,train
16274,0,train
3609,0,train
23449,0,train
15114,0,train
13650,0,train
7334,0,train
2590,1,train
6115,0,train
27069,1,train
1857,0,train
27763,0,train
23880,0,train
3329,0,train
27887,0,train
476,0,train
19694,1,train
1799,0,train
2188,1,train
7116,0,train
14622,0,train
4401,0,train
8901,0,train
10372,0,train
18482,1,train
10118,0,train
4203,0,train
18108,0,train
29567,0,train
11900,0,train
28863,0,train
19848,0,train
27367,0,train
19170,0,train
23020,1,train
599,0,train
6286,0,train
21959,1,train
10757,1,train
4580,1,train
4087,0,train
8841,0,train
22092,0,train
13580,0,train
26187,0,train
23733,1,train
4330,0,train
21626,0,train
27753,0,train
16778,0,train
47,1,train
6696,0,train
2388,0,train
1029,0,train
16496,1,train
13793,0,train
20572,0,train
15701,1,train
27329,1,train
711,0,train
28386,0,train
20238,0,train
10609,0,train
18306,0,train
2323,0,train
7,0,train
10816,1,train
106,0,train
13203,0,train
15587,0,train
6824,1,train
2854,0,train
3225,0,train
27844,0,train
23495,0,train
22545,1,train
5546,0,train
17178,0,train
8074,0,train
21513,0,train
10935,0,train
13816,0,train
18786,0,train
25064,1,train
17670,0,train
19305,0,train
1854,0,train
28597,0,train
27034,0,train
19746,0,train
5799,0,train
29291,1,train
3799,0,train
27972,1,train
27815,0,train
13803,1,train
601,0,train
1017,1,train
5422,0,train
25325,0,train
4761,0,train
22086,0,train
6494,0,train
24099,0,train
16476,1,train
92,0,train
10789,0,train
29232,0,train
9674,0,train
11792,0,train
21878,0,train
8394,0,train
22295,0,train
20271,0,train
5693,1,train
8794,0,train
21771,0,train
9595,0,train
23429,0,train
7614,0,train
18040,0,train
27359,0,train
13169,0,train
29100,0,train
18593,0,train
23160,0,train
6250,0,train
13786,1,train
7777,1,train
1805,1,train
11131,0,train
27902,0,train
7631,0,train
3825,1,train
19938,1,train
22680,0,train
23230,0,train
23756,0,train
14334,1,train
14629,1,train
17263,0,train
10733,1,train
5093,0,train
21686,0,train
27017,0,train
17208,1,train
18079,0,train
8346,1,train
3925,0,train
1990,1,train
21520,0,train
16167,0,train
7745,0,train
18878,0,train
10770,0,train
12915,0,train
13759,0,train
25867,0,train
19207,1,train
25241,0,train
5153,0,train
25226,0,train
20567,1,train
19120,0,train
2508,1,train
15184,0,train
27723,0,train
22203,1,train
12739,0,train
9810,0,train
16113,0,train
16590,0,train
18877,1,train
5225,0,train
5331,0,train
29067,0,train
17167,0,train
23722,0,train
3629,0,train
21584,0,train
4499,0,train
20086,0,train
24257,0,train
9410,0,train
16998,0,train
13547,0,train
22868,0,train
27920,0,train
18536,0,train
5886,0,train
24074,0,train
5611,1,train
7816,0,train
23234,0,train
23948,0,train
12695,0,train
23765,0,train
2192,0,train
15385,0,train
10651,0,train
7921,1,train
23698,0,train
2067,0,train
16852,0,train
22659,0,train
23168,0,train
20813,1,train
2106,1,train
13743,0,train
16513,1,train
19751,1,train
11019,0,train
12258,0,train
24283,0,train
5386,0,train
16877,0,train
6899,0,train
25348,0,train
25970,0,train
11405,0,train
19484,0,train
358,0,train
28177,0,train
27211,0,train
9861,0,train
11993,0,train
1801,1,train
29429,0,train
27879,0,train
3991,1,train
11911,0,train
7647,0,train
23850,0,train
17721,0,train
20028,0,train
14396,0,train
19146,1,train
9999,1,train
16829,0,train
277,1,train
15204,0,train
3751,1,train
20892,0,train
13136,0,train
1156,0,train
2743,0,train
29714,0,train
12921,0,train
25084,0,train
24143,0,train
20822,0,train
634,0,train
8908,0,train
3252,0,train
29874,0,train
18334,0,train
22590,0,train
8029,0,train
21374,0,train
28272,0,train
16172,0,train
4318,0,train
21480,0,train
4502,1,train
4243,0,train
23561,0,train
28468,0,train
18566,0,train
4650,0,train
2050,0,train
25350,0,train
9973,1,train
8755,0,train
26695,0,train
16125,1,train
27277,1,train
27940,0,train
26608,0,train
14124,0,train
3172,1,train
7461,0,train
29225,0,train
29090,0,train
21465,1,train
3620,1,train
7761,1,train
26710,0,train
16940,0,train
3596,0,train
13015,0,train
24514,0,train
3768,0,train
10415,0,train
26977,0,train
13630,0,train
720,0,train
29076,0,train
18787,0,train
24444,0,train
29817,0,train
13063,0,train
22496,0,train
11587,0,train
7219,0,train
26229,0,train
17805,0,train
16101,1,train
20583,0,train
9298,0,train
2360,0,train
21530,0,train
4524,0,train
12247,0,train
24699,0,train
12324,0,train
14229,0,train
17742,1,train
17896,0,train
4856,1,train
23659,0,train
28310,0,train
29605,0,train
29046,0,train
22130,0,train
14946,1,train
1494,0,train
23431,0,train
16004,0,train
5292,0,train
8467,1,train
27875,0,train
1680,0,train
10231,0,train
18679,0,train
23994,0,train
27328,0,train
5772,0,train
15402,1,train
10338,1,train
4666,0,train
13414,1,train
556,0,train
4316,0,train
9106,1,train
20697,0,train
49,0,train
28892,0,train
2838,0,train
1013,0,train
24870,0,train
27319,0,train
16383,1,train
12376,1,train
14196,1,train
23371,0,train
18849,0,train
19785,1,train
21234,0,train
10400,1,train
15489,1,train
29398,0,train
22035,0,train
13210,1,train
19932,1,train
15045,0,train
28930,1,train
7922,1,train
17324,1,train
4288,0,train
981,0,train
3542,0,train
22054,0,train
17923,0,train
24544,0,train
29048,0,train
17250,1,train
14297,0,train
26119,0,train
19427,0,train
10520,0,train
26862,0,train
20089,0,train
645,0,train
3479,0,train
7352,0,train
11660,0,train
29894,0,train
11998,0,train
19531,0,train
10869,0,train
14677,0,train
14777,0,train
20887,0,train
1817,0,train
20886,1,train
16046,0,train
18989,0,train
26688,0,train
27354,1,train
17411,0,train
6206,0,train
15770,0,train
24280,0,train
13617,0,train
23012,0,train
5850,0,train
28073,0,train
14388,0,train
16392,1,train
11731,0,train
28906,0,train
28616,0,train
21865,1,train
1546,1,train
27825,0,train
24466,1,train
10806,0,train
24528,1,train
14042,0,train
3623,0,train
16895,1,train
7101,0,train
20092,0,train
3859,0,train
15483,0,train
25210,0,train
11606,0,train
21765,0,train
27860,0,train
11713,0,train
27298,1,train
1415,0,train
951,1,train
26231,1,train
19553,1,train
23250,0,train
19610,0,train
24619,0,train
15654,0,train
18991,0,train
21405,0,train
16091,0,train
5202,0,train
1771,0,train
26047,0,train
7904,0,train
11652,0,train
25037,0,train
25316,0,train
16547,1,train
15023,0,train
15390,0,train
28381,0,train
24473,0,train
23050,1,train
2088,0,train
11588,0,train
10890,0,train
12042,0,train
5552,0,train
6746,0,train
28981,0,train
24447,0,train
5378,0,train
12388,0,train
23450,0,train
28211,0,train
25784,0,train
3064,0,train
26265,0,train
17922,1,train
6574,0,train
26132,0,train
18014,0,train
298,0,train
28563,0,train
10646,1,train
22935,0,train
5917,0,train
20806,1,train
8451,0,train
22612,0,train
11202,0,train
21552,1,train
22253,0,train
20210,0,train
29258,1,train
10156,1,train
29659,0,train
12065,0,train
12394,0,train
4021,0,train
23374,1,train
17409,0,train
5616,0,train
7264,0,train
24701,0,train
28517,1,train
11032,1,train
8148,1,train
16366,0,train
25681,0,train
6423,0,train
19361,1,train
7633,0,train
6970,0,train
23243,0,train
19151,0,train
24268,1,train
13296,0,train
8660,0,train
21317,0,train
2079,0,train
19676,0,train
26548,0,train
830,0,train
27310,0,train
20561,0,train
14517,0,train
14738,0,train
10376,0,train
22929,0,train
16616,0,train
24598,0,train
10423,0,train
26975,1,train
18167,0,train
22621,1,train
18685,0,train
19815,1,train
25988,0,train
27943,0,train
13098,0,train
21235,0,train
11973,0,train
19648,0,train
12175,1,train
24088,0,train
25029,0,train
24445,0,train
12068,1,train
26819,1,train
6353,0,train
21631,0,train
11159,0,train
297,0,train
3036,0,train
19178,0,train
23133,0,train
22129,0,train
896,0,train
7338,1,train
7313,0,train
1563,0,train
11444,0,train
21629,0,train
8090,1,train
5978,0,train
10613,0,train
26249,0,train
25947,0,train
1643,1,train
16358,0,train
2185,0,train
18742,0,train
20217,0,train
16240,0,train
2274,0,train
23807,0,train
12032,0,train
12838,0,train
12893,0,train
1736,0,train
71,0,train
27535,0,train
4151,0,train
20829,1,train
12617,0,train
14651,0,train
16595,1,train
2625,0,train
14013,0,train
18160,0,train
4610,0,train
8967,1,train
17044,1,train
16904,0,train
23337,0,train
2190,0,train
10483,1,train
5683,1,train
21846,1,train
12461,0,train
29733,0,train
19129,0,train
6804,0,train
18969,0,train
10978,1,train
7439,0,train
115,0,train
23464,1,train
27876,1,train
18358,0,train
23810,0,train
12456,0,train
24820,0,train
24331,1,train
25894,0,train
372,0,train
15625,1,train
5918,1,train
24925,0,train
28595,0,train
7478,0,train
2868,0,train
10861,0,train
1686,0,train
5624,0,train
10022,0,train
27335,0,train
4065,1,train
24796,0,train
4214,0,train
25383,0,train
16848,1,train
28271,1,train
977,1,train
14439,0,train
7398,1,train
6618,0,train
29922,1,train
4793,0,train
22829,0,train
4909,0,train
9002,0,train
26342,0,train
12060,0,train
12606,0,train
21031,0,train
27371,0,train
10882,0,train
21802,0,train
1280,0,train
5067,0,train
19490,1,train
17579,0,train
21517,0,train
13417,0,train
14730,0,train
27457,0,train
10092,1,train
22400,0,train
14903,0,train
22372,0,train
5994,0,train
19787,0,train
20519,1,train
21637,0,train
2284,0,train
1572,0,train
12009,0,train
22382,0,train
354,0,train
12574,1,train
12515,0,train
3750,0,train
5384,1,train
5072,1,train
22553,0,train
545,0,train
24768,1,train
16955,0,train
3429,0,train
23663,1,train
10132,0,train
5160,0,train
8822,1,train
14591,0,train
26511,0,train
27188,0,train
12705,0,train
21949,0,train
21929,0,train
11348,0,train
8351,0,train
20375,0,train
25824,0,train
3685,0,train
28945,0,train
8273,0,train
13419,0,train
18273,0,train
24147,0,train
9853,0,train
27998,0,train
4006,0,train
24383,1,train
19079,0,train
29475,0,train
13404,0,train
29153,1,train
14073,1,train
7714,0,train
16360,0,train
22011,1,train
23238,0,train
9113,0,train
10197,0,train
1113,0,train
2148,0,train
14471,1,train
14326,0,train
10478,0,train
10369,0,train
17916,1,train
7510,0,train
15225,0,train
21525,1,train
7146,0,train
14534,0,train
3915,0,train
18009,1,train
10749,1,train
28243,1,train
10367,0,train
19890,0,train
2813,0,train
27897,0,train
131,0,train
27628,1,train
13496,0,train
26544,0,train
18783,0,train
15601,0,train
26668,0,train
27053,0,train
8619,0,train
5729,0,train
4624,0,train
14761,1,train
21035,0,train
26775,0,train
22880,0,train
4853,1,train
11192,0,train
17614,0,train
22833,0,train
12684,0,train
15457,0,train
11377,0,train
3044,1,train
12846,0,train
27269,0,train
17399,0,train
26308,1,train
23393,0,train
4071,0,train
24488,1,train
11521,0,train
9474,0,train
28577,0,train
2830,0,train
1751,0,train
4622,0,train
14123,0,train
13723,0,train
9574,0,train
19465,0,train
9213,0,train
13550,0,train
28373,1,train
19278,0,train
18774,1,train
16521,0,train
19050,1,train
3454,0,train
20120,0,train
19691,0,train
17595,0,train
27308,0,train
3730,0,train
3908,1,train
25233,0,train
20386,0,train
20307,1,train
15849,0,train
24315,0,train
25721,1,train
8956,0,train
9819,0,train
23267,0,train
21241,0,train
27890,0,train
9656,0,train
134,0,train
29811,0,train
2280,0,train
26592,0,train
16886,0,train
27725,0,train
959,0,train
17778,0,train
4390,0,train
21112,0,train
26050,0,train
27544,1,train
26700,1,train
8456,1,train
5122,1,train
18222,1,train
29224,0,train
21936,0,train
25513,1,train
1401,0,train
7360,0,train
20747,0,train
4885,1,train
1768,0,train
28868,0,train
20031,0,train
21840,0,train
11092,0,train
19830,0,train
9557,1,train
22838,0,train
13472,0,train
12268,0,train
19004,0,train
9680,0,train
19437,0,train
11250,0,train
10857,0,train
19540,0,train
29620,1,train
10773,0,train
28792,0,train
2288,0,train
17752,0,train
19251,1,train
28671,1,train
25903,0,train
7880,0,train
17292,1,train
8678,0,train
13769,0,train
6823,0,train
2199,0,train
5212,0,train
25677,0,train
2529,0,train
25925,0,train
3228,0,train
16421,0,train
8875,0,train
16069,0,train
29862,0,train
19376,0,train
27609,0,train
13666,0,train
7644,0,train
29274,0,train
24158,0,train
5818,1,train
2394,0,train
24353,0,train
21528,0,train
20278,0,train
16949,0,train
27033,0,train
496,0,train
27109,0,train
20229,0,train
22411,0,train
18972,0,train
16756,1,train
4629,1,train
6420,0,train
23738,0,train
22599,0,train
7038,0,train
24307,0,train
18471,0,train
13945,0,train
24951,0,train
14802,0,train
8575,1,train
8388,0,train
21859,0,train
27711,0,train
20073,0,train
22334,0,train
12648,0,train
6450,1,train
25410,0,train
10188,0,train
9850,0,train
5127,0,train
19045,0,train
5020,0,train
5502,1,train
15690,1,train
3961,0,train
27039,0,train
13317,0,train
7850,0,train
28281,0,train
12350,0,train
25162,0,train
4812,1,train
4562,0,train
26032,0,train
996,0,train
12832,1,train
28699,0,train
15275,1,train
17350,1,train
7844,0,train
21792,0,train
29509,0,train
15635,0,train
17849,0,train
25818,1,train
15830,0,train
14248,1,train
18413,0,train
9678,0,train
8829,0,train
1297,0,train
21283,0,train
13794,0,train
16900,0,train
15692,1,train
19982,0,train
13023,1,train
188,1,train
21183,0,train
15657,0,train
22782,0,train
10131,0,train
7180,0,train
8396,0,train
8664,0,train
4066,0,train
7643,0,train
7768,0,train
15613,0,train
1306,0,train
11507,0,train
13124,0,train
6427,1,train
18325,0,train
22457,0,train
15389,0,train
21113,0,train
10413,0,train
14457,0,train
24905,0,train
5667,0,train
14885,1,train
3520,0,train
16308,1,train
2758,0,train
1427,0,train
1399,0,train
15854,1,train
27484,0,train
5476,0,train
9144,0,train
10973,0,train
12751,1,train
6815,0,train
13577,0,train
26876,0,train
9625,0,train
14611,0,train
922,0,train
19349,0,train
17735,0,train
18376,1,train
18224,0,train
17211,0,train
22541,0,train
19570,1,train
27085,1,train
22065,1,train
15806,0,train
29511,0,train
22085,0,train
2722,0,train
5577,1,train
26677,0,train
16182,1,train
21469,0,train
20943,0,train
24727,1,train
10340,0,train
27724,0,train
8724,0,train
24915,0,train
24138,0,train
28352,0,train
10475,0,train
20889,0,train
18880,0,train
12741,0,train
12287,0,train
11267,1,train
21592,0,train
5469,0,train
4212,0,train
18922,0,train
24676,0,train
3209,0,train
19533,1,train
17312,1,train
13376,0,train
15788,0,train
11868,0,train
27539,0,train
25258,1,train
12802,0,train
4582,1,train
18993,0,train
17380,0,train
4977,0,train
16052,0,train
16179,0,train
9038,0,train
7731,0,train
28382,0,train
6619,0,train
17026,1,train
16248,1,train
25071,0,train
29887,0,train
15548,0,train
26456,0,train
14621,0,train
29940,0,train
3802,0,train
20106,0,train
18659,0,train
16079,1,train
18903,0,train
19979,0,train
10648,0,train
5734,0,train
9287,1,train
27059,0,train
20784,0,train
23982,0,train
20803,1,train
12546,0,train
20076,0,train
4862,0,train
8403,0,train
20709,0,train
6058,0,train
11875,0,train
19418,0,train
28323,0,train
21909,0,train
8047,0,train
25763,0,train
23198,0,train
2002,0,train
12977,0,train
29893,0,train
22806,1,train
23368,0,train
10403,1,train
21023,0,train
28125,0,train
27093,0,train
28166,0,train
16805,0,train
23523,0,train
25793,0,train
13297,0,train
16946,0,train
20221,1,train
23022,0,train
1923,1,train
21817,0,train
18207,0,train
14845,0,train
10322,0,train
26016,0,train
7078,0,train
6150,0,train
14488,0,train
12165,0,train
22538,1,train
340,0,train
19083,1,train
17227,0,train
23687,0,train
28372,0,train
8623,0,train
4520,0,train
8195,0,train
12147,0,train
2489,1,train
11799,0,train
25450,0,train
13081,0,train
26377,1,train
8996,0,train
5941,0,train
6033,0,train
25881,0,train
430,0,train
23383,0,train
29403,0,train
21032,0,train
12572,0,train
23903,0,train
27125,0,train
28809,0,train
11172,1,train
21910,0,train
9664,0,train
25675,0,train
18544,0,train
8522,0,train
5649,0,train
26595,0,train
11944,0,train
6796,0,train
11506,0,train
20303,0,train
14789,0,train
1518,1,train
8599,1,train
2076,0,train
19989,1,train
29276,0,train
27915,0,train
25376,0,train
7824,0,train
7496,0,train
27515,0,train
1363,1,train
25550,0,train
25717,0,train
17771,0,train
28192,0,train
23039,0,train
25560,0,train
2884,0,train
16801,0,train
16728,1,train
26561,0,train
5753,0,train
1994,0,train
22091,1,train
1974,0,train
28062,1,train
1452,1,train
12619,0,train
28378,0,train
29801,0,train
793,0,train
20549,0,train
303,0,train
19927,1,train
20923,1,train
18802,0,train
2061,0,train
6124,0,train
14133,1,train
1975,1,train
3890,0,train
163,0,train
17871,0,train
1800,0,train
12685,0,train
387,0,train
8505,0,train
12397,0,train
26220,0,train
16188,0,train
9944,0,train
19219,0,train
11862,0,train
25454,1,train
1859,0,train
26178,0,train
3993,1,train
14593,0,train
7289,0,train
26532,0,train
8397,0,train
29877,0,train
21436,1,train
7557,0,train
13060,0,train
8888,0,train
8728,1,train
10601,1,train
5027,0,train
3717,0,train
13266,0,train
25552,0,train
25082,0,train
1644,0,train
16115,0,train
1882,1,train
27904,0,train
21123,0,train
16177,0,train
27189,0,train
16105,1,train
21111,1,train
12767,0,train
26714,0,train
15375,0,train
11642,1,train
6876,1,train
24923,0,train
14055,0,train
7753,1,train
23167,1,train
9757,0,train
25300,0,train
21797,0,train
3615,0,train
17083,0,train
23611,0,train
10063,0,train
17381,0,train
27111,1,train
17482,0,train
26873,0,train
10900,0,train
1674,0,train
28986,0,train
2392,0,train
518,0,train
138,0,train
5456,1,train
13100,0,train
28029,1,train
16830,1,train
18680,0,train
16159,0,train
225,1,train
8197,0,train
22898,1,train
29761,1,train
17209,0,train
12307,0,train
17469,0,train
13000,1,train
3965,0,train
2809,0,train
24499,0,train
28121,0,train
26772,0,train
19508,0,train
9679,0,train
1274,0,train
23609,0,train
23618,1,train
29560,0,train
14549,0,train
16713,0,train
18015,0,train
1175,1,train
11919,0,train
104,1,train
4742,0,train
26721,0,train
11976,0,train
8735,0,train
25923,0,train
21276,1,train
2887,0,train
5944,0,train
24774,0,train
25213,0,train
10963,1,train
24394,0,train
22721,0,train
4031,0,train
29410,0,train
98,0,train
4131,1,train
27582,0,train
26149,1,train
13981,0,train
10296,0,train
21573,0,train
18584,0,train
3714,0,train
8694,0,train
14461,0,train
3948,0,train
5455,0,train
26565,0,train
23832,0,train
1562,0,train
5397,0,train
1721,0,train
9967,0,train
12391,0,train
28773,0,train
5692,0,train
22327,0,train
16526,0,train
24139,0,train
22759,0,train
1894,1,train
24540,0,train
7466,1,train
741,0,train
14022,0,train
20826,0,train
11735,0,train
27553,0,train
11570,0,train
22946,0,train
16127,0,train
13798,0,train
612,1,train
21464,1,train
8000,1,train
13230,0,train
8098,0,train
14882,0,train
8991,0,train
16210,1,train
2595,0,train
4078,1,train
2746,0,train
6667,1,train
21370,0,train
25332,0,train
23660,0,train
26778,1,train
13814,0,train
22050,0,train
5808,1,train
235,0,train
2016,1,train
15419,0,train
24952,0,train
7653,0,train
16469,0,train
9153,0,train
24608,0,train
8128,0,train
10653,0,train
17246,0,train
20334,0,train
19296,0,train
3297,0,train
12449,0,train
9623,0,train
6057,0,train
24688,1,train
16205,0,train
11097,0,train
16892,0,train
15710,0,train
6625,0,train
3390,0,train
20989,0,train
13330,1,train
18299,0,train
28846,0,train
23562,0,train
11328,0,train
4753,1,train
25447,0,train
23071,1,train
16342,0,train
3815,0,train
15872,0,train
15035,1,train
28464,0,train
11554,0,train
1557,0,train
25549,1,train
20491,0,train
17700,0,train
16938,1,train
7208,0,train
14340,1,train
11515,0,train
24012,1,train
17653,0,train
28009,0,train
1972,1,train
1718,1,train
28266,1,train
24631,0,train
29380,0,train
28554,0,train
16257,0,train
773,0,train
15321,1,train
12923,1,train
9253,1,train
19542,0,train
22674,0,train
11774,0,train
33,0,train
592,0,train
4960,0,train
9461,1,train
16828,0,train
1829,0,train
21599,0,train
22690,0,train
8574,1,train
24306,0,train
20330,0,train
17086,1,train
288,0,train
18534,0,train
5190,0,train
18292,1,train
21748,0,train
21352,0,train
13516,1,train
7698,0,train
18733,0,train
19335,0,train
3565,0,train
809,0,train
19889,0,train
25657,0,train
6558,1,train
243,0,train
22513,0,train
7898,1,train
7343,0,train
29399,0,train
19479,0,train
12232,0,train
19192,0,train
28037,0,train
12516,1,train
26041,0,train
21967,0,train
10037,0,train
23004,0,train
11542,0,train
10744,0,train
26126,0,train
6730,1,train
18657,0,train
26882,0,train
22296,0,train
22756,1,train
4927,0,train
9786,1,train
22493,0,train
4164,0,train
7356,0,train
23971,0,train
3956,0,train
22036,0,train
26578,0,train
22671,0,train
2430,1,train
26507,1,train
23173,0,train
19734,0,train
14588,0,train
14078,0,train
11771,0,train
29981,0,train
3388,0,train
17937,0,train
18628,0,train
11581,0,train
1424,0,train
4603,0,train
14053,0,train
10434,0,train
89,0,train
20187,0,train
5652,0,train
28834,0,train
29407,0,train
22552,1,train
7735,1,train
9611,0,train
10396,0,train
28087,0,train
29064,0,train
15075,0,train
25218,0,train
16565,0,train
17389,1,train
16151,0,train
8914,0,train
29340,0,train
13624,1,train
27010,0,train
29244,0,train
3162,0,train
29631,0,train
16712,1,train
24053,0,train
24021,1,train
16493,0,train
6963,1,train
25257,0,train
20906,0,train
10443,0,train
373,0,train
8088,0,train
25645,0,train
12345,1,train
13688,0,train
15070,0,train
24064,0,train
29019,0,train
466,1,train
23984,0,train
14740,0,train
3265,1,train
12500,0,train
18379,0,train
20921,1,train
21953,0,train
7501,0,train
5333,0,train
8174,0,train
10239,0,train
6120,1,train
8909,0,train
8616,0,train
23010,0,train
18418,0,train
5308,0,train
9058,0,train
29197,0,train
14656,0,train
23806,0,train
26913,0,train
14330,0,train
20469,0,train
29464,0,train
22307,1,train
22337,0,train
19210,0,train
23873,0,train
19241,0,train
11622,1,train
3604,0,train
4636,0,train
12598,1,train
2320,0,train
19408,0,train
7744,1,train
1761,0,train
26643,0,train
14321,0,train
12239,1,train
13151,0,train
28703,0,train
22078,0,train
17915,0,train
27338,0,train
7435,0,train
23896,1,train
25156,0,train
1,1,train
11835,0,train
14783,0,train
14518,0,train
29849,1,train
23094,1,train
29549,1,train
20172,1,train
7726,0,train
2073,0,train
29474,0,train
29177,1,train
29832,0,train
23486,0,train
23818,1,train
10126,0,train
4700,0,train
9978,0,train
8834,0,train
23690,0,train
11864,0,train
16290,1,train
25590,0,train
24162,0,train
19052,0,train
17283,1,train
15239,0,train
20690,1,train
11538,1,train
12850,0,train
23419,1,train
15131,0,train
18313,0,train
23490,0,train
17305,1,train
3449,0,train
5493,0,train
1849,0,train
19447,0,train
22177,1,train
24005,0,train
25440,0,train
19292,1,train
18416,0,train
108,0,train
24745,0,train
19967,0,train
20134,1,train
10409,1,train
11833,0,train
22677,0,train
19423,0,train
6969,1,train
3643,0,train
7089,0,train
14565,0,train
22499,0,train
22649,0,train
8059,0,train
16200,0,train
17414,1,train
19015,0,train
27004,0,train
2864,0,train
7177,0,train
19310,0,train
21822,0,train
12787,0,train
3324,0,train
8747,0,train
13030,1,train
13444,0,train
775,0,train
16779,0,train
5744,0,train
3916,0,train
20451,0,train
12942,0,train
1909,0,train
23278,0,train
11139,0,train
28072,0,train
19971,0,train
9505,0,train
22775,0,train
20843,1,train
27599,0,train
14463,0,train
11075,1,train
16519,0,train
5108,1,train
4771,0,train
9234,0,train
13150,0,train
12396,0,train
25003,0,train
25801,0,train
6425,0,train
21052,0,train
2697,0,train
28349,0,train
7529,1,train
11523,0,train
6438,0,train
21818,0,train
25760,0,train
7281,0,train
14275,0,train
12522,0,train
10721,0,train
26389,0,train
17845,1,train
10095,0,train
12525,0,train
1300,1,train
27490,0,train
18776,0,train
26999,0,train
4933,0,train
7229,1,train
20335,0,train
26603,0,train
10484,0,train
16236,1,train
17618,0,train
17656,0,train
7805,0,train
6132,0,train
7091,0,train
10161,0,train
16259,0,train
26993,0,train
23471,0,train
9605,1,train
1043,0,train
3886,0,train
27720,0,train
5389,1,train
26679,0,train
24656,1,train
1232,0,train
20707,0,train
3934,0,train
14346,1,train
5405,1,train
850,0,train
3149,0,train
28575,0,train
23741,0,train
22688,0,train
9718,0,train
16834,0,train
3301,0,train
21743,1,train
19492,0,train
25538,0,train
15438,0,train
9562,0,train
21453,0,train
14490,0,train
15472,1,train
25313,1,train
448,0,train
3790,0,train
10273,0,train
24967,1,train
18288,0,train
27024,0,train
17666,0,train
22200,0,train
11615,0,train
26162,0,train
5267,0,train
117,0,train
4631,1,train
23240,1,train
5903,0,train
19141,0,train
16875,0,train
5271,0,train
19959,0,train
17808,0,train
6628,0,train
25385,1,train
25665,0,train
21171,0,train
2839,0,train
28998,0,train
4720,0,train
1142,0,train
27813,1,train
20101,1,train
29201,0,train
16463,0,train
25567,0,train
10254,0,train
1633,0,train
19921,0,train
24278,0,train
16804,0,train
8453,1,train
29905,1,train
5387,1,train
26325,1,train
23954,1,train
20313,0,train
17755,0,train
3696,0,train
5558,1,train
22891,0,train
7987,0,train
17042,0,train
25264,0,train
28447,0,train
8234,0,train
13231,1,train
6822,0,train
11845,0,train
1018,1,train
18869,1,train
29185,1,train
14805,1,train
3271,1,train
16063,0,train
16791,0,train
9565,0,train
209,1,train
5862,0,train
24599,1,train
11220,0,train
25032,0,train
1911,1,train
16615,1,train
9388,0,train
23644,0,train
21966,0,train
4281,0,train
1003,0,train
1024,0,train
23610,0,train
19,0,train
15873,0,train
25642,0,train
8835,0,train
13543,0,train
19851,0,train
24441,0,train
23928,0,train
28286,1,train
5409,0,train
9894,0,train
8609,0,train
1514,1,train
25506,0,train
17976,0,train
5448,0,train
2649,0,train
6964,1,train
17344,0,train
8937,0,train
15357,0,train
16214,0,train
21922,0,train
28783,0,train
20369,1,train
20116,0,train
12816,0,train
14399,0,train
1713,1,train
4310,0,train
1390,0,train
2538,1,train
8441,0,train
16299,0,train
8716,0,train
24263,0,train
27979,0,train
25576,0,train
26871,1,train
5599,0,train
14483,0,train
17815,0,train
6237,0,train
14115,0,train
12693,0,train
15678,0,train
22576,0,train
11639,0,train
9491,0,train
23791,0,train
15924,0,train
22191,0,train
22391,0,train
18683,1,train
23270,0,train
23461,1,train
2826,1,train
9621,0,train
23568,0,train
8971,0,train
16092,1,train
3526,0,train
12333,0,train
2114,1,train
2757,1,train
10261,0,train
9314,1,train
3861,0,train
1709,0,train
21570,0,train
941,0,train
19070,1,train
7981,0,train
23748,1,train
27986,0,train
13009,0,train
5709,0,train
6044,0,train
411,1,train
16988,1,train
4138,0,train
4279,0,train
28977,0,train
26697,0,train
2835,0,train
3535,0,train
7763,0,train
28784,0,train
19705,0,train
15665,0,train
2527,0,train
18048,1,train
23346,0,train
6767,0,train
23773,0,train
753,1,train
9344,1,train
4059,0,train
3383,0,train
15186,0,train
7855,0,train
16328,0,train
10017,0,train
4450,0,train
25247,0,train
19341,0,train
16007,0,train
29541,1,train
9396,1,train
10983,0,train
29377,1,train
19374,0,train
22943,0,train
29540,0,train
28951,1,train
12616,1,train
8345,0,train
12013,0,train
24295,0,train
20824,1,train
2452,0,train
21064,0,train
14363,1,train
24605,0,train
10946,0,train
3399,0,train
17851,0,train
14370,0,train
25798,1,train
15466,0,train
2578,0,train
14254,0,train
9485,0,train
21342,0,train
22026,0,train
6881,0,train
7217,1,train
20691,0,train
10875,1,train
10150,1,train
28919,0,train
17840,0,train
1811,0,train
840,1,train
22843,1,train
1224,1,train
13364,0,train
16874,0,train
20132,0,train
22368,0,train
1764,0,train
23276,0,train
23222,0,train
2014,0,train
20265,0,train
5030,0,train
8917,0,train
27975,0,train
20710,1,train
16028,0,train
26637,0,train
15434,0,train
5520,0,train
21410,0,train
17793,0,train
14755,0,train
4749,0,train
22445,1,train
15014,0,train
20218,0,train
16885,1,train
7999,0,train
20910,0,train
12410,0,train
323,0,train
24038,0,train
22911,1,train
7604,0,train
13278,0,train
4993,1,train
3695,1,train
11627,0,train
12587,0,train
4990,0,train
2891,0,train
12519,1,train
20950,0,train
10561,0,train
22685,0,train
16522,1,train
6054,1,train
5323,0,train
12470,0,train
16315,0,train
23583,0,train
17977,0,train
9567,1,train
15228,0,train
25495,0,train
9028,0,train
12221,0,train
1262,1,train
7339,1,train
20756,0,train
16553,1,train
9148,1,train
2174,0,train
20939,0,train
662,1,train
3880,0,train
11979,0,train
13677,0,train
21546,0,train
14886,0,train
1042,1,train
9072,0,train
6690,0,train
11243,0,train
19199,0,train
24350,0,train
8579,1,train
2949,0,train
10589,0,train
19198,0,train
6883,0,train
13521,0,train
28153,0,train
22518,0,train
10477,1,train
10192,0,train
5508,0,train
1405,0,train
13235,1,train
12843,0,train
14469,0,train
24327,0,train
21505,0,train
1808,0,train
14125,0,train
8981,0,train
11463,1,train
20632,0,train
20450,0,train
24082,0,train
2912,0,train
26699,0,train
11128,0,train
4929,0,train
23633,0,train
3386,0,train
16010,0,train
25368,0,train
23885,1,train
1062,0,train
22484,0,train
18204,0,train
28997,0,train
8109,0,train
4274,1,train
19330,0,train
29116,1,train
29668,1,train
20842,0,train
2476,0,train
10580,0,train
3072,1,train
26042,0,train
29716,1,train
11363,0,train
22698,0,train
3898,0,train
24522,0,train
6613,0,train
15328,0,train
23671,0,train
21287,0,train
20287,0,train
3624,1,train
24496,0,train
660,0,train
21039,0,train
11285,1,train
3894,0,train
22236,0,train
14097,1,train
27064,0,train
22293,0,train
4995,0,train
3067,0,train
4132,0,train
19248,0,train
21744,0,train
6987,0,train
9423,0,train
11943,0,train
7286,0,train
1835,0,train
12676,0,train
21803,0,train
13369,0,train
26894,0,train
257,0,train
19539,0,train
16935,0,train
27196,1,train
22039,0,train
21677,0,train
29091,0,train
24691,0,train
20121,1,train
18516,1,train
9526,0,train
13943,0,train
6238,1,train
4699,0,train
13620,1,train
16815,1,train
15743,0,train
8886,0,train
19253,0,train
4411,0,train
9953,1,train
29483,0,train
28516,0,train
2963,1,train
8491,0,train
4340,0,train
12408,0,train
1286,0,train
15106,0,train
1784,0,train
26267,0,train
24828,1,train
1570,1,train
11088,0,train
18581,0,train
15890,0,train
16942,1,train
4196,0,train
20157,0,train
10626,0,train
26899,0,train
16929,0,train
26831,1,train
2466,1,train
29071,0,train
6609,0,train
14314,1,train
1479,1,train
25790,0,train
11074,0,train
517,0,train
21012,0,train
27765,0,train
17383,0,train
14649,0,train
5691,1,train
24369,0,train
15953,0,train
19480,0,train
23792,1,train
25478,0,train
23914,0,train
194,0,train
28556,0,train
8954,1,train
15602,0,train
4024,0,train
21434,0,train
25155,1,train
3818,0,train
26936,0,train
57,0,train
5935,0,train
13056,0,train
1649,0,train
25724,0,train
7083,1,train
26068,0,train
18259,0,train
25042,0,train
5335,0,train
20541,0,train
23546,0,train
8274,0,train
26805,0,train
1198,0,train
10682,0,train
2417,0,train
8181,1,train
18705,0,train
25077,0,train
15922,0,train
29005,0,train
5125,0,train
26449,1,train
10880,0,train
18133,0,train
25500,0,train
10130,0,train
21651,0,train
20596,0,train
26332,0,train
9909,0,train
4312,0,train
7902,1,train
768,0,train
25618,0,train
1308,0,train
16568,0,train
15276,0,train
16707,0,train
28585,0,train
4672,0,train
21555,0,train
4686,0,train
29281,0,train
15263,0,train
4750,0,train
10455,0,train
27149,0,train
14968,0,train
5013,0,train
2668,0,train
5186,0,train
24262,1,train
8144,0,train
29412,0,train
16418,0,train
16481,1,train
24712,0,train
13182,0,train
13923,1,train
4454,0,train
15061,1,train
29416,0,train
5304,0,train
10866,0,train
13700,0,train
16994,0,train
28872,0,train
5622,0,train
23834,0,train
7953,0,train
21661,0,train
6288,0,train
11683,0,train
6725,0,train
28936,0,train
12622,0,train
20280,0,train
699,0,train
28466,1,train
15455,1,train
13491,0,train
17672,0,train
19525,0,train
604,0,train
24566,0,train
12548,0,train
17514,0,train
14744,0,train
15631,0,train
26915,1,train
13632,0,train
6781,0,train
1178,0,train
23008,0,train
17926,0,train
1258,0,train
1305,0,train
2291,0,train
9168,1,train
28881,1,train
13478,1,train
9399,0,train
24719,0,train
4870,0,train
19149,0,train
25731,0,train
25814,0,train
2413,1,train
559,0,train
22299,0,train
3830,0,train
2716,0,train
5098,0,train
29221,0,train
9178,0,train
14785,0,train
7321,0,train
9327,0,train
20138,0,train
10307,0,train
4883,1,train
18144,0,train
28958,0,train
27141,0,train
27823,0,train
21877,0,train
14198,0,train
22261,0,train
493,0,train
26929,0,train
23598,0,train
12420,0,train
24538,0,train
22918,0,train
2136,0,train
4480,0,train
13647,0,train
22022,1,train
16505,0,train
19444,0,train
27581,1,train
3606,1,train
10902,0,train
27949,0,train
29028,1,train
1282,0,train
20667,0,train
16612,0,train
1876,0,train
4953,1,train
5711,1,train
4106,0,train
11093,0,train
23603,1,train
7692,0,train
8614,0,train
289,1,train
24633,0,train
16189,1,train
26790,0,train
23208,0,train
24048,0,train
26387,0,train
3551,1,train
1906,0,train
621,0,train
5536,0,train
1008,0,train
16599,1,train
18285,0,train
28191,0,train
13672,0,train
23627,0,train
25001,0,train
11705,1,train
3857,0,train
25041,0,train
14781,0,train
12052,0,train
21240,1,train
11259,1,train
19059,0,train
28855,0,train
14056,0,train
18571,0,train
13660,0,train
12418,0,train
23537,0,train
16660,0,train
7968,0,train
1279,0,train
7020,0,train
13450,0,train
12199,0,train
23612,0,train
16363,0,train
6833,0,train
23394,0,train
29413,0,train
13261,0,train
21128,0,train
7244,1,train
20062,0,train
6870,0,train
28754,0,train
25880,0,train
1394,0,train
9852,1,train
8973,1,train
12554,1,train
20644,0,train
20130,1,train
7575,0,train
24318,0,train
5240,0,train
20763,0,train
17710,0,train
284,0,train
1652,0,train
20128,1,train
29136,0,train
25969,0,train
13071,0,train
3428,0,train
8205,0,train
9694,0,train
28197,0,train
3515,0,train
12344,0,train
26986,0,train
8446,0,train
15443,0,train
15734,0,train
6482,0,train
7699,0,train
28660,0,train
12536,0,train
6889,0,train
20047,0,train
7620,0,train
9818,0,train
10933,0,train
13384,0,train
19831,0,train
20974,1,train
18876,0,train
18881,0,train
9858,1,train
279,0,train
12424,0,train
11222,0,train
29925,0,train
13318,0,train
17723,0,train
6830,1,train
23304,0,train
28478,0,train
3837,1,train
22926,0,train
11166,0,train
26158,0,train
29883,0,train
17715,1,train
5311,0,train
24153,0,train
6551,1,train
27503,0,train
5417,0,train
4776,0,train
25514,0,train
28605,1,train
10008,0,train
21620,0,train
6578,0,train
13949,1,train
29889,0,train
19174,0,train
1692,0,train
86,0,train
5162,1,train
3240,0,train
5812,0,train
22544,1,train
29476,0,train
4868,0,train
2312,0,train
29810,1,train
7738,0,train
8548,0,train
18981,0,train
15426,0,train
10928,0,train
22282,0,train
8682,0,train
10011,0,train
6529,1,train
6456,0,train
24275,0,train
26802,1,train
17856,0,train
21537,1,train
14505,0,train
26025,0,train
22805,0,train
24808,0,train
13762,0,train
8220,1,train
29792,0,train
14704,0,train
8951,0,train
24883,0,train
26520,0,train
16700,1,train
16112,0,train
10256,0,train
13862,1,train
20745,1,train
25159,1,train
11,0,train
25007,1,train
24612,0,train
24068,0,train
2810,0,train
8115,0,train
20679,1,train
15003,0,train
2201,1,train
29299,0,train
18191,0,train
28557,0,train
27415,0,train
1637,0,train
9418,0,train
26587,1,train
24755,1,train
27336,0,train
7092,1,train
26125,0,train
16230,0,train
29745,1,train
14672,1,train
16371,0,train
26914,1,train
16128,0,train
1200,0,train
22826,1,train
16498,0,train
589,0,train
11625,0,train
130,0,train
4112,0,train
29229,0,train
15054,0,train
29314,0,train
23755,0,train
4227,1,train
21812,1,train
650,0,train
8383,0,train
17274,0,train
26340,1,train
17145,0,train
17762,1,train
16224,1,train
16674,0,train
26654,0,train
14662,0,train
19008,0,train
20255,1,train
20324,0,train
7068,0,train
8308,1,train
25983,0,train
676,1,train
7166,0,train
10670,0,train
787,0,train
23348,0,train
17739,1,train
5581,0,train
19534,0,train
3820,1,train
13200,0,train
6591,0,train
16643,0,train
2065,1,train
4414,0,train
26860,0,train
18256,0,train
14379,1,train
385,0,train
27855,0,train
2149,1,train
15468,0,train
566,0,train
7138,1,train
24179,0,train
18223,0,train
28376,0,train
16752,0,train
22546,0,train
16149,1,train
18862,0,train
18950,0,train
28654,0,train
21705,0,train
1460,0,train
14793,0,train
16816,0,train
8540,0,train
26409,1,train
19619,0,train
24640,0,train
708,0,train
5370,0,train
29593,0,train
15399,1,train
2651,1,train
4329,0,train
13913,0,train
15687,0,train
25439,0,train
25608,0,train
3822,0,train
8673,0,train
885,1,train
10930,0,train
20055,0,train
4986,1,train
9881,1,train
13506,0,train
22179,0,train
21529,0,train
26729,1,train
28405,1,train
28175,0,train
22223,0,train
18655,1,train
14357,0,train
1587,0,train
9120,0,train
27938,1,train
557,0,train
154,0,train
4690,0,train
2063,0,train
14560,0,train
1904,0,train
28290,1,train
21500,0,train
11819,0,train
6622,1,train
8871,0,train
11680,0,train
1257,0,train
22939,0,train
1134,0,train
19163,0,train
13571,1,train
23055,0,train
24062,0,train
10015,0,train
10712,0,train
1815,0,train
6951,0,train
7110,0,train
20275,0,train
27217,1,train
20598,1,train
13025,1,train
366,0,train
27663,0,train
19800,0,train
20286,0,train
24032,0,train
20103,0,train
22000,0,train
2159,0,train
718,1,train
3210,0,train
26985,0,train
14414,0,train
22809,0,train
23058,0,train
7900,0,train
4093,0,train
19798,0,train
11789,0,train
12559,0,train
1041,0,train
5074,0,train
29181,1,train
3057,0,train
27121,0,train
1366,0,train
23672,0,train
4565,0,train
26179,0,train
27573,0,train
16225,1,train
10446,0,train
17222,0,train
21002,1,train
9395,0,train
19157,0,train
21298,0,train
13465,1,train
24422,0,train
19439,0,train
28770,0,train
1631,0,train
22584,0,train
15969,0,train
14716,0,train
18734,0,train
7525,0,train
20927,0,train
5909,0,train
20269,0,train
6523,0,train
10692,0,train
5646,1,train
15865,0,train
29506,0,train
7469,1,train
19217,0,train
3980,0,train
1074,0,train
20365,1,train
672,1,train
22201,0,train
13936,0,train
4333,0,train
21495,1,train
27207,0,train
23969,1,train
21625,0,train
10090,0,train
6360,0,train
20972,0,train
18350,1,train
20022,0,train
6177,1,train
28142,0,train
12680,0,train
10622,0,train
13909,0,train
26455,1,train
22279,0,train
13401,1,train
22447,0,train
28787,0,train
18001,1,train
6107,0,train
22738,0,train
5600,0,train
25405,0,train
8219,0,train
13223,0,train
15912,0,train
11536,0,train
23855,0,train
7638,0,train
13324,1,train
7058,0,train
19067,0,train
28680,0,train
14454,0,train
13281,0,train
12106,0,train
13177,0,train
24388,0,train
13764,0,train
5485,0,train
6846,1,train
11104,0,train
4987,0,train
29401,0,train
9488,0,train
8631,1,train
7767,0,train
18316,0,train
3023,0,train
11501,0,train
27309,0,train
15876,1,train
7519,0,train
18102,1,train
22846,0,train
19256,0,train
16933,1,train
14391,0,train
18799,0,train
10264,0,train
3319,1,train
2804,0,train
27605,0,train
931,0,train
16233,0,train
8165,0,train
13175,0,train
7310,0,train
17008,1,train
25986,0,train
24319,0,train
11255,0,train
4781,0,train
9923,0,train
10411,1,train
12270,0,train
5601,1,train
16222,0,train
26198,0,train
10099,1,train
6279,0,train
26558,0,train
11669,0,train
28307,0,train
23512,0,train
18954,0,train
25643,0,train
19386,0,train
27906,0,train
18542,0,train
10505,0,train
29411,0,train
19958,0,train
25989,0,train
28947,1,train
112,0,train
27870,0,train
14767,1,train
882,1,train
15025,0,train
28821,0,train
952,0,train
5340,0,train
11102,0,train
9636,0,train
28103,1,train
11888,0,train
6521,1,train
26103,0,train
26297,0,train
5833,0,train
22081,1,train
15105,0,train
6971,0,train
25015,1,train
28882,0,train
22430,0,train
27322,1,train
111,0,train
1406,1,train
27925,0,train
17459,0,train
27420,1,train
8380,0,train
14044,0,train
18197,0,train
4548,0,train
29073,0,train
29850,0,train
3897,0,train
20366,0,train
7372,0,train
9337,1,train
23686,0,train
7854,0,train
11773,0,train
19594,0,train
23469,1,train
6966,0,train
5312,0,train
25564,0,train
13615,0,train
9192,0,train
27909,0,train
7367,0,train
24803,0,train
12451,1,train
12197,1,train
21984,0,train
12289,0,train
20510,0,train
13796,0,train
10997,0,train
24111,0,train
18131,0,train
6430,1,train
14682,0,train
4514,0,train
21635,1,train
3409,0,train
13329,1,train
12974,0,train
828,0,train
11817,0,train
14219,0,train
27572,0,train
9268,0,train
20478,0,train
20018,0,train
6761,0,train
16289,1,train
15863,1,train
28823,0,train
25430,0,train
641,0,train
9304,0,train
12181,0,train
1435,0,train
2379,1,train
3374,0,train
21862,0,train
16309,0,train
11431,0,train
22378,0,train
11614,0,train
5786,1,train
1337,1,train
29748,1,train
15486,0,train
23632,0,train
11238,0,train
14691,1,train
7965,0,train
24000,1,train
20666,0,train
26852,0,train
18172,0,train
13483,0,train
21760,1,train
24075,0,train
6748,0,train
14278,0,train
4641,0,train
19625,0,train
24724,1,train
4919,0,train
2217,0,train
13967,1,train
19233,1,train
22963,0,train
9836,0,train
29954,0,train
29988,0,train
25771,0,train
19742,0,train
18488,0,train
28570,0,train
20215,1,train
8120,0,train
7100,0,train
13644,0,train
29058,0,train
8580,0,train
24087,0,train
28513,0,train
9668,1,train
4714,0,train
26255,0,train
22317,0,train
6035,1,train
9186,0,train
4251,0,train
2471,1,train
25314,0,train
9797,0,train
26496,0,train
7879,0,train
18754,0,train
3289,0,train
21350,0,train
17214,1,train
22410,1,train
23852,0,train
6151,1,train
20559,0,train
27987,0,train
15671,0,train
6350,0,train
28136,0,train
1288,0,train
24391,1,train
7788,0,train
2439,0,train
9112,0,train
18146,0,train
7102,0,train
3796,0,train
16212,0,train
13927,0,train
25676,0,train
24901,1,train
1823,0,train
22529,0,train
24251,0,train
29063,0,train
10364,0,train
14752,0,train
1019,0,train
12827,0,train
11338,0,train
26027,0,train
8997,0,train
28811,0,train
24530,1,train
29311,0,train
15861,0,train
1249,0,train
24308,0,train
20394,0,train
21703,0,train
14863,0,train
414,1,train
18859,0,train
22701,0,train
8312,0,train
10114,0,train
28332,0,train
14976,1,train
15798,0,train
25477,0,train
1215,0,train
29375,0,train
27709,1,train
17801,0,train
5668,0,train
6600,0,train
14084,1,train
11650,1,train
680,0,train
1770,1,train
9961,0,train
8325,0,train
3671,0,train
14506,0,train
26097,0,train
11391,0,train
23517,1,train
1516,0,train
27511,0,train
9503,0,train
26156,0,train
19541,0,train
19371,0,train
2122,0,train
4092,1,train
20608,0,train
21097,0,train
16508,1,train
7758,0,train
1357,0,train
23532,0,train
14109,0,train
29916,0,train
24866,1,train
10937,1,train
25698,0,train
15021,0,train
15524,0,train
12700,0,train
27858,1,train
21147,1,train
7508,0,train
17285,1,train
21477,0,train
12051,0,train
25288,0,train
19707,0,train
25390,0,train
27495,0,train
2958,0,train
20079,0,train
6491,0,train
29165,0,train
18008,0,train
24763,0,train
15748,0,train
28940,0,train
15017,0,train
6435,0,train
21575,0,train
14623,0,train
28049,0,train
20011,1,train
29374,0,train
4200,0,train
25265,0,train
5244,0,train
23334,0,train
22890,0,train
23838,0,train
23548,0,train
26632,0,train
26703,0,train
29557,1,train
11385,0,train
22807,0,train
19504,0,train
22613,0,train
8018,0,train
26374,0,train
8918,1,train
26730,0,train
28028,0,train
18061,0,train
26911,0,train
22141,0,train
29233,0,train
8121,0,train
22480,0,train
26673,0,train
5092,0,train
16985,0,train
3782,0,train
3544,0,train
28148,0,train
4979,0,train
15620,0,train
12234,0,train
3393,0,train
22967,0,train
26553,0,train
4028,0,train
27735,0,train
17316,1,train
24970,1,train
11803,1,train
18139,1,train
21851,0,train
19063,0,train
9014,0,train
28841,1,train
9494,1,train
29477,0,train
17142,0,train
29805,1,train
24508,0,train
4948,0,train
21824,0,train
15994,0,train
27747,0,train
24822,0,train
27081,0,train
13448,0,train
17109,0,train
28950,0,train
17354,0,train
23678,0,train
22393,0,train
10021,0,train
8170,0,train
26062,0,train
2898,0,train
10711,1,train
28344,0,train
16966,0,train
13737,0,train
29775,1,train
24190,0,train
2701,0,train
11681,0,train
6391,0,train
9901,0,train
11423,0,train
27181,0,train
2589,0,train
28793,0,train
10009,1,train
16799,0,train
1436,1,train
26079,0,train
916,0,train
12539,0,train
8158,0,train
16813,1,train
18091,0,train
18484,0,train
3749,0,train
24061,0,train
16824,0,train
24135,0,train
28909,1,train
19856,1,train
9640,0,train
8655,1,train
20695,1,train
17215,0,train
16906,0,train
25044,1,train
24859,0,train
14462,0,train
6838,1,train
27806,0,train
18759,0,train
20614,0,train
25861,0,train
21491,0,train
8695,0,train
15069,0,train
144,0,train
23720,0,train
1656,0,train
17866,0,train
22652,0,train
10632,0,train
19494,0,train
27206,0,train
3347,1,train
23099,0,train
5431,0,train
20776,0,train
28518,0,train
7851,0,train
28280,0,train
17983,0,train
23062,1,train
5507,0,train
9997,0,train
2277,0,train
17095,0,train
749,1,train
11087,0,train
17838,0,train
3443,1,train
8821,1,train
8961,0,train
27908,0,train
27546,1,train
12834,0,train
25058,0,train
24874,1,train
3683,0,train
21450,1,train
13171,0,train
22332,0,train
7399,0,train
5095,0,train
4232,0,train
24245,0,train
24361,0,train
1490,1,train
13528,0,train
8499,0,train
16300,1,train
23121,0,train
27848,0,train
9049,0,train
18003,0,train
29634,0,train
4882,0,train
742,0,train
24009,0,train
9662,1,train
17272,0,train
406,0,train
20634,0,train
3833,1,train
17147,1,train
18026,0,train
29873,0,train
11964,1,train
16747,0,train
20895,0,train
14489,0,train
25733,0,train
5967,0,train
8369,1,train
5781,0,train
18983,1,train
811,0,train
5556,0,train
14408,1,train
17927,1,train
23507,1,train
18258,1,train
24509,0,train
11852,0,train
22627,0,train
28911,1,train
2167,0,train
10803,1,train
19637,0,train
11283,1,train
11182,0,train
11924,0,train
28296,0,train
18521,0,train
6940,0,train
4459,0,train
23320,0,train
17317,1,train
25399,0,train
26223,0,train
7009,0,train
6194,0,train
22401,0,train
25685,0,train
4487,0,train
12917,0,train
6905,0,train
11303,1,train
20844,0,train
8357,0,train
12206,1,train
28791,0,train
17423,0,train
29162,1,train
14837,1,train
3862,1,train
1740,0,train
6073,1,train
25387,0,train
29448,1,train
9309,0,train
13337,0,train
6869,0,train
4946,1,train
29215,1,train
2997,1,train
3298,0,train
10603,0,train
16118,0,train
8511,0,train
22260,0,train
12854,0,train
25069,0,train
10263,0,train
3867,1,train
10250,0,train
28448,0,train
28432,0,train
15475,0,train
9774,0,train
1135,0,train
5987,1,train
265,0,train
21129,0,train
29124,0,train
22976,0,train
22034,0,train
15588,0,train
6221,0,train
13140,1,train
23812,1,train
5,0,train
21367,0,train
26933,1,train
2929,0,train
9003,1,train
26891,0,train
1550,0,train
5823,0,train
1333,1,train
16679,0,train
5952,0,train
3382,0,train
5592,0,train
14341,0,train
18033,0,train
8084,0,train
19950,0,train
2317,0,train
17553,0,train
10354,1,train
8374,0,train
27072,1,train
1481,0,train
12898,1,train
28579,0,train
8099,0,train
8774,1,train
14945,0,train
4765,0,train
21365,0,train
23232,0,train
25990,0,train
8425,0,train
29117,0,train
15148,0,train
29250,1,train
10585,0,train
2066,0,train
29210,0,train
3097,0,train
8452,0,train
9753,0,train
9524,0,train
4685,0,train
1991,0,train
13471,1,train
29578,1,train
28384,0,train
14179,1,train
23170,0,train
2871,0,train
19434,1,train
6606,0,train
11533,0,train
14146,0,train
21348,0,train
27078,0,train
14382,0,train
15354,0,train
8721,0,train
11231,1,train
23332,0,train
28845,0,train
28648,0,train
11638,0,train
27896,0,train
23625,0,train
18910,0,train
4850,0,train
10845,0,train
5826,0,train
16710,0,train
24277,0,train
10695,0,train
6327,0,train
16767,0,train
19405,0,train
9055,1,train
10851,1,train
26020,0,train
21918,0,train
24726,0,train
8102,0,train
2943,1,train
15913,0,train
20539,0,train
24003,0,train
739,0,train
21193,0,train
848,1,train
17628,0,train
12792,0,train
20810,0,train
13836,0,train
5282,1,train
27080,0,train
26380,0,train
29137,0,train
10414,0,train
14868,1,train
11467,0,train
6293,1,train
4507,0,train
7628,1,train
29357,1,train
10084,0,train
12486,0,train
5928,1,train
12556,1,train
1834,0,train
4233,0,train
8420,1,train
12257,0,train
4425,0,train
20183,0,train
2781,1,train
27743,0,train
23868,0,train
17619,1,train
6626,0,train
12295,0,train
7131,1,train
16199,0,train
23615,0,train
796,0,train
17446,1,train
1098,0,train
2264,0,train
19346,0,train
723,0,train
16910,0,train
10172,0,train
605,0,train
25400,0,train
6792,0,train
27671,1,train
12988,0,train
24345,0,train
63,1,train
19809,0,train
16558,0,train
3762,0,train
23482,0,train
11401,0,train
2991,1,train
1118,0,train
14276,0,train
17950,0,train
27863,0,train
23251,0,train
23534,0,train
15651,0,train
452,1,train
14051,0,train
29312,1,train
9263,0,train
15917,1,train
29985,0,train
15952,0,train
21778,0,train
29517,1,train
29093,0,train
5217,0,train
72,1,train
22512,0,train
27276,0,train
6573,0,train
22675,0,train
27562,0,train
3462,0,train
18094,0,train
18745,0,train
2033,0,train
3493,0,train
17810,1,train
18277,0,train
14079,0,train
16808,1,train
14519,1,train
5055,0,train
6477,0,train
15751,0,train
12465,0,train
11609,0,train
1601,0,train
23194,0,train
11885,0,train
18996,0,train
17367,0,train
28526,0,train
27387,1,train
13241,0,train
23100,1,train
15954,0,train
14209,0,train
7143,0,train
9093,0,train
27835,0,train
1678,0,train
24680,1,train
28775,0,train
16916,0,train
16984,0,train
27473,0,train
21805,1,train
10782,0,train
8218,0,train
29580,1,train
6241,1,train
29237,1,train
25821,0,train
18827,0,train
18958,1,train
25305,0,train
7227,0,train
28955,0,train
6858,1,train
4,0,train
13765,1,train
5569,0,train
27235,0,train
9462,0,train
6514,0,train
9983,0,train
7916,0,train
29086,0,train
28154,0,train
1893,0,train
24978,0,train
6328,1,train
10838,0,train
9855,0,train
29799,0,train
24187,0,train
11616,1,train
26335,0,train
29075,1,train
28600,0,train
20657,1,train
25817,0,train
4691,1,train
374,0,train
11828,1,train
2721,0,train
28891,0,train
22374,0,train
23111,0,train
24898,0,train
1614,1,train
16425,0,train
15032,0,train
1945,1,train
13195,0,train
4848,0,train
3245,0,train
21277,0,train
13237,0,train
25602,0,train
13377,0,train
18383,1,train
28024,0,train
1327,0,train
29854,1,train
13826,0,train
21442,0,train
6363,0,train
3582,0,train
26287,0,train
23977,0,train
4724,0,train
11379,0,train
5654,0,train
9090,1,train
10765,0,train
1164,0,train
2468,0,train
11775,0,train
5943,0,train
25813,0,train
12753,0,train
876,0,train
25187,0,train
19802,1,train
11870,0,train
27982,0,train
29450,0,train
29026,1,train
8194,0,train
9108,1,train
16471,0,train
8118,1,train
16783,1,train
11258,0,train
11954,0,train
4309,0,train
27077,0,train
11906,0,train
28056,0,train
21939,1,train
11271,1,train
2608,1,train
28675,0,train
13859,0,train
19614,0,train
6167,1,train
20291,0,train
21392,0,train
22089,0,train
18795,0,train
14020,0,train
3143,0,train
21377,1,train
5608,0,train
3293,0,train
19973,0,train
12481,0,train
12421,0,train
24863,0,train
6532,0,train
4994,0,train
11195,0,train
27087,0,train
12118,0,train
27762,0,train
22097,0,train
9579,0,train
9483,0,train
12176,0,train
20010,0,train
15087,1,train
17220,1,train
1564,0,train
14072,1,train
2718,0,train
8091,1,train
21368,0,train
16221,0,train
25748,0,train
3998,0,train
3780,0,train
1860,0,train
24362,0,train
22993,0,train
10140,1,train
2862,1,train
11330,0,train
18594,0,train
25467,1,train
19782,0,train
6665,0,train
1321,0,train
12635,0,train
16054,0,train
10139,1,train
4260,1,train
25855,0,train
13585,0,train
25841,0,train
8713,0,train
4799,0,train
23026,0,train
11034,1,train
27826,0,train
29521,1,train
20319,1,train
12251,0,train
6038,0,train
27180,0,train
23354,1,train
7887,0,train
25449,0,train
10860,1,train
17550,0,train
21997,0,train
7737,1,train
3236,1,train
27144,0,train
11317,0,train
13892,0,train
1441,0,train
16996,0,train
2818,1,train
24364,0,train
10293,0,train
14170,0,train
15507,0,train
23726,0,train
28123,0,train
27281,0,train
3261,0,train
5325,0,train
17454,0,train
15410,0,train
23302,0,train
29125,0,train
28730,0,train
9929,0,train
15939,0,train
7490,0,train
529,0,train
28705,0,train
28018,0,train
19793,0,train
24271,0,train
9610,1,train
27070,0,train
12362,0,train
13735,0,train
27688,1,train
28944,0,train
16339,1,train
1850,1,train
14640,0,train
26222,0,train
29447,0,train
3519,0,train
4219,0,train
19981,0,train
9370,0,train
6699,0,train
8020,1,train
4534,0,train
21488,0,train
7335,0,train
25486,0,train
1969,1,train
22954,0,train
5871,1,train
28460,1,train
1151,0,train
28751,0,train
7044,0,train
18654,0,train
19812,0,train
1878,0,train
12128,0,train
22003,0,train
28418,0,train
28463,0,train
3603,0,train
19916,0,train
14323,0,train
28673,0,train
661,0,train
26768,0,train
23505,0,train
15974,1,train
14368,1,train
9448,0,train
14708,1,train
11163,0,train
17527,0,train
22663,0,train
19804,0,train
15179,0,train
90,0,train
28988,0,train
18368,0,train
10680,0,train
19846,1,train
13178,1,train
9788,1,train
21868,0,train
11780,1,train
19364,0,train
18535,0,train
2601,1,train
2925,0,train
5314,0,train
12636,0,train
9872,0,train
22968,1,train
17049,1,train
9882,0,train
12655,0,train
27205,0,train
25710,0,train
15212,0,train
4075,0,train
27317,0,train
22147,0,train
6382,0,train
4843,0,train
2459,0,train
19445,0,train
21197,0,train
16015,0,train
13145,1,train
3343,0,train
27292,0,train
13086,0,train
7322,0,train
21534,1,train
28407,0,train
15791,0,train
10373,0,train
472,0,train
22882,1,train
4954,0,train
23475,0,train
6692,0,train
15719,1,train
6126,0,train
13563,0,train
8079,0,train
27993,0,train
8341,1,train
4518,1,train
28052,0,train
28856,0,train
22610,0,train
18229,0,train
14322,0,train
18275,0,train
5582,0,train
15984,1,train
3361,0,train
21205,0,train
1457,0,train
25266,0,train
543,1,train
23014,0,train
7689,1,train
10813,0,train
26835,0,train
27210,1,train
29087,0,train
29013,0,train
14758,0,train
20212,0,train
9866,1,train
14779,1,train
1624,0,train
15346,0,train
16884,0,train
29712,0,train
9878,0,train
5738,0,train
7456,1,train
22005,0,train
28292,0,train
25087,0,train
292,1,train
19324,0,train
16462,1,train
14616,0,train
27665,1,train
20948,0,train
9269,0,train
23830,0,train
6301,0,train
3668,0,train
29151,1,train
27692,0,train
16890,1,train
22645,0,train
23801,0,train
15821,0,train
23325,0,train
4234,0,train
26254,0,train
18374,0,train
22692,0,train
8945,1,train
15141,1,train
18558,0,train
19328,0,train
6895,1,train
5037,0,train
4304,0,train
1021,0,train
11197,0,train
21079,0,train
2789,0,train
19783,1,train
26784,0,train
7673,1,train
21809,0,train
21678,0,train
28350,1,train
19529,0,train
10780,0,train
25975,0,train
27302,0,train
18356,0,train
18609,0,train
9467,0,train
27795,0,train
16582,0,train
12017,0,train
21115,0,train
3939,0,train
9959,0,train
26539,0,train
16997,0,train
17371,0,train
8196,0,train
29630,0,train
28606,0,train
10297,0,train
21564,0,train
25569,0,train
296,0,train
27522,0,train
6632,0,train
1946,1,train
14481,1,train
16173,0,train
22764,0,train
25709,0,train
26946,0,train
4185,0,train
15060,0,train
6067,0,train
23842,0,train
5276,0,train
21305,0,train
29198,0,train
20127,0,train
21144,1,train
26033,0,train
23518,0,train
9617,0,train
5929,0,train
26555,0,train
6395,0,train
27971,0,train
21372,0,train
15441,0,train
13424,1,train
3235,0,train
966,0,train
21779,1,train
19153,0,train
23815,0,train
25355,0,train
5847,1,train
19769,0,train
3475,0,train
24580,0,train
27363,0,train
17257,1,train
18124,0,train
10465,0,train
16296,0,train
25962,0,train
29144,0,train
8288,0,train
709,0,train
22248,1,train
23664,1,train
28126,0,train
10238,0,train
16939,0,train
12749,1,train
8922,0,train
27425,1,train
25388,1,train
7156,0,train
20992,1,train
24879,1,train
356,1,train
14259,1,train
22055,0,train
29561,0,train
21708,1,train
25274,0,train
13985,0,train
11448,0,train
29842,0,train
18429,0,train
28842,0,train
23423,0,train
24163,0,train
1641,0,train
10929,1,train
23235,0,train
29662,0,train
18732,1,train
12310,1,train
21927,0,train
13931,0,train
7297,0,train
16472,0,train
3517,0,train
17684,0,train
8737,1,train
20232,0,train
20908,0,train
22550,0,train
7627,0,train
14535,1,train
3339,0,train
25002,1,train
26744,0,train
24730,0,train
19842,0,train
18760,1,train
5110,0,train
9992,1,train
5549,0,train
10493,0,train
29666,0,train
25392,0,train
5610,0,train
10943,1,train
20070,1,train
16033,0,train
2298,1,train
15425,1,train
893,0,train
13657,0,train
8411,1,train
29545,0,train
25625,0,train
11743,0,train
6187,1,train
8569,0,train
6195,0,train
7905,0,train
14583,0,train
638,0,train
16104,0,train
7702,0,train
20285,0,train
26958,0,train
11474,1,train
21102,0,train
1044,0,train
14040,0,train
6598,0,train
5157,0,train
7762,0,train
4441,0,train
29881,1,train
16827,1,train
10402,0,train
13804,1,train
29006,0,train
8765,0,train
12634,0,train
3832,0,train
12172,1,train
9159,0,train
2568,0,train
22303,0,train
22061,0,train
5500,0,train
20506,1,train
18266,0,train
14843,1,train
10516,0,train
15926,0,train
22617,0,train
16313,0,train
26856,0,train
6316,1,train
26311,0,train
29694,0,train
10819,1,train
24229,1,train
10038,0,train
3578,1,train
27006,1,train
29017,0,train
11962,0,train
19936,0,train
14714,0,train
12363,1,train
8712,0,train
21048,0,train
11651,1,train
12374,0,train
4167,0,train
10918,0,train
12046,0,train
4522,0,train
21684,0,train
13787,0,train
18396,0,train
16668,1,train
23268,0,train
16361,0,train
25764,1,train
8926,1,train
29295,0,train
18676,0,train
16037,0,train
25816,1,train
1617,1,train
2751,0,train
10828,0,train
19945,0,train
1223,0,train
23576,0,train
4191,0,train
26175,0,train
23285,0,train
3505,0,train
259,0,train
10965,0,train
218,0,train
24851,0,train
9349,0,train
23558,0,train
29609,1,train
28216,0,train
2258,0,train
28742,0,train
19530,1,train
1941,0,train
24626,0,train
24434,0,train
12886,0,train
16491,1,train
11746,1,train
8392,0,train
16426,0,train
9696,0,train
9471,0,train
6320,0,train
11369,1,train
10060,0,train
10731,0,train
10690,0,train
25770,0,train
26711,1,train
26365,0,train
24667,0,train
27983,0,train
652,0,train
683,0,train
2129,1,train
24972,0,train
29682,1,train
24857,1,train
23658,0,train
19882,0,train
23730,0,train
23390,0,train
26676,0,train
2015,0,train
25275,0,train
27710,0,train
12599,0,train
3364,1,train
10,0,train
14328,0,train
29535,0,train
17351,0,train
4596,0,train
701,0,train
9443,0,train
27427,0,train
26259,0,train
13661,0,train
23153,0,train
29939,0,train
7268,0,train
7852,0,train
10317,1,train
9492,0,train
11000,0,train
15116,1,train
20084,0,train
16332,0,train
6075,0,train
5776,0,train
18361,0,train
14423,0,train
22741,1,train
15543,1,train
1265,0,train
11473,1,train
2084,0,train
4135,0,train
8816,1,train
16861,0,train
28227,0,train
20692,0,train
1874,0,train
2173,0,train
25105,0,train
25308,1,train
23074,1,train
19410,0,train
24652,0,train
6240,0,train
25482,0,train
16331,1,train
7048,1,train
14953,0,train
370,1,train
26077,0,train
7580,1,train
8576,0,train
24103,1,train
5457,0,train
28387,1,train
5657,0,train
9826,0,train
29979,0,train
5112,1,train
8959,1,train
21118,1,train
1684,0,train
23178,0,train
25827,0,train
21122,0,train
1004,1,train
18250,1,train
13542,1,train
23239,0,train
20081,0,train
27195,0,train
27226,0,train
17225,0,train
3772,0,train
8753,1,train
16517,0,train
16353,1,train
3580,0,train
2888,0,train
20133,0,train
2027,0,train
12642,0,train
21560,0,train
11996,1,train
4571,0,train
11027,1,train
1065,1,train
24529,0,train
11299,0,train
10668,0,train
18749,1,train
1100,0,train
11123,0,train
19231,0,train
18633,0,train
3403,1,train
21412,0,train
20395,0,train
26147,0,train
11586,1,train
4119,0,train
15393,1,train
19617,1,train
7706,0,train
26093,0,train
17559,0,train
21325,0,train
582,0,train
9150,0,train
23175,0,train
9133,0,train
27068,0,train
8138,0,train
8722,0,train
15583,0,train
8974,0,train
6906,1,train
15557,0,train
12826,0,train
28328,0,train
8328,1,train
25716,0,train
12419,0,train
25370,0,train
9188,1,train
15317,1,train
6836,0,train
29094,0,train
29679,1,train
12140,0,train
15398,0,train
28967,0,train
9566,0,train
28051,0,train
28546,0,train
22783,0,train
24800,0,train
29800,1,train
3330,0,train
5170,1,train
28144,0,train
3175,0,train
2831,0,train
24958,0,train
16721,1,train
27737,1,train
11326,0,train
29148,0,train
2540,0,train
24634,0,train
29749,0,train
18478,0,train
13352,0,train
487,0,train
12422,0,train
27804,0,train
4983,0,train
1132,0,train
4270,1,train
10759,0,train
29178,0,train
22154,0,train
5353,0,train
7105,0,train
29024,0,train
24767,0,train
16706,0,train
989,0,train
7509,0,train
1875,1,train
18486,0,train
19088,1,train
26395,0,train
26081,0,train
18974,0,train
14477,0,train
2283,0,train
9928,1,train
8301,0,train
25246,0,train
416,0,train
21594,0,train
20551,0,train
19232,0,train
21420,0,train
24036,0,train
8127,0,train
14646,0,train
10018,0,train
13256,0,train
26434,0,train
214,0,train
3249,0,train
12527,1,train
24831,0,train
16549,0,train
27893,0,train
21069,0,train
16975,1,train
25865,0,train
6182,1,train
12020,0,train
12166,0,train
22386,1,train
28534,1,train
27020,0,train
12185,0,train
18920,1,train
9050,0,train
29759,0,train
23203,0,train
15796,1,train
20051,0,train
3644,1,train
28638,1,train
26057,0,train
9629,1,train
11690,0,train
1714,0,train
11077,0,train
16451,0,train
26190,0,train
1959,0,train
4708,1,train
27098,0,train
5059,0,train
17322,0,train
3337,1,train
6630,1,train
26469,0,train
27140,1,train
14393,1,train
17175,1,train
23262,0,train
6686,0,train
17325,0,train
21992,0,train
24779,0,train
19546,0,train
25160,0,train
9571,0,train
3155,0,train
4294,0,train
20117,1,train
9731,0,train
23634,0,train
18121,0,train
14339,0,train
23816,0,train
26393,0,train
10451,0,train
11816,0,train
24238,0,train
12084,1,train
5939,0,train
17895,1,train
13273,0,train
16911,0,train
18515,0,train
6479,1,train
21382,0,train
20683,0,train
7573,0,train
21757,0,train
15959,0,train
16604,0,train
21440,1,train
24439,0,train
17182,0,train
22071,0,train
21622,0,train
19399,0,train
25126,0,train
13930,0,train
20705,0,train
11560,1,train
13054,0,train
26195,0,train
18891,1,train
19557,1,train
27889,0,train
22024,0,train
14206,0,train
13915,0,train
28612,0,train
6687,1,train
5080,0,train
1087,1,train
6800,1,train
19860,0,train
28497,0,train
12092,0,train
28531,0,train
21121,0,train
3661,0,train
25883,0,train
27880,0,train
14466,0,train
18399,0,train
3666,0,train
8054,0,train
1931,0,train
29798,0,train
14661,0,train
25575,1,train
20694,0,train
25238,0,train
27083,1,train
21161,0,train
24728,0,train
8591,0,train
26367,0,train
13962,0,train
12309,0,train
3877,0,train
2410,0,train
24349,0,train
22319,0,train
14699,0,train
11066,0,train
11598,0,train
25396,0,train
22343,0,train
28572,0,train
14239,0,train
7877,1,train
19041,0,train
29111,0,train
16867,0,train
11886,0,train
19202,0,train
9808,0,train
1852,0,train
24195,0,train
807,0,train
18938,0,train
5618,0,train
16001,1,train
9977,0,train
18649,0,train
1712,0,train
14136,0,train
17157,0,train
20546,0,train
24740,0,train
21937,1,train
7686,0,train
16605,0,train
15244,0,train
14290,0,train
759,0,train
1002,0,train
23650,0,train
7876,0,train
10288,1,train
29552,0,train
25690,0,train
1584,0,train
27341,0,train
1664,1,train
10268,0,train
29112,0,train
28184,0,train
14866,1,train
29772,1,train
29404,0,train
24046,0,train
24070,0,train
9650,0,train
28127,1,train
22436,0,train
28010,0,train
19653,0,train
2442,1,train
8296,1,train
7252,0,train
5381,0,train
12011,0,train
10563,0,train
14987,0,train
20342,0,train
11517,1,train
23309,0,train
20773,1,train
28637,0,train
23655,1,train
8988,1,train
14119,0,train
19325,0,train
26388,0,train
3711,0,train
21092,0,train
17478,1,train
27333,0,train
1154,0,train
25188,0,train
12428,0,train
19872,0,train
28545,0,train
1359,0,train
11135,0,train
27588,1,train
2577,0,train
1951,0,train
6599,0,train
21543,0,train
18572,0,train
7404,0,train
7704,0,train
6349,1,train
3901,0,train
26489,0,train
28002,0,train
14553,0,train
24830,0,train
22798,0,train
21928,0,train
3185,0,train
15760,0,train
10184,1,train
2397,0,train
6487,1,train
10982,0,train
428,1,train
25976,0,train
15727,1,train
29924,0,train
24402,0,train
28047,0,train
1381,0,train
16516,1,train
13693,0,train
22426,0,train
9127,0,train
28355,0,train
4601,0,train
26896,0,train
928,0,train
21297,0,train
17284,0,train
11752,1,train
14835,0,train
1220,0,train
16972,0,train
21202,0,train
5222,1,train
1794,0,train
1380,0,train
25207,0,train
15902,0,train
880,0,train
17298,0,train
29667,0,train
1549,1,train
16709,0,train
23283,0,train
1956,0,train
4089,0,train
7839,0,train
7728,0,train
15786,0,train
27814,0,train
11242,0,train
21431,0,train
11872,0,train
25616,0,train
15732,0,train
17789,0,train
25503,0,train
10221,0,train
1219,0,train
3459,0,train
3167,1,train
22312,0,train
23453,0,train
24184,0,train
19276,0,train
19381,0,train
23856,0,train
767,0,train
27029,1,train
26026,0,train
1398,0,train
10988,0,train
7586,0,train
21204,1,train
3430,0,train
7467,0,train
5699,0,train
9131,1,train
11477,0,train
10346,0,train
29587,0,train
1101,1,train
1410,0,train
8913,0,train
13470,0,train
29866,1,train
27239,0,train
5759,1,train
1720,1,train
24564,0,train
29186,0,train
26092,0,train
2603,1,train
10599,0,train
495,1,train
10936,0,train
20166,0,train
18844,0,train
3313,0,train
304,1,train
11576,0,train
11223,0,train
15421,0,train
5134,0,train
6383,0,train
9981,0,train
29608,0,train
20893,0,train
12299,0,train
27932,0,train
1530,0,train
11116,1,train
17795,0,train
24753,1,train
5062,0,train
9363,0,train
9829,1,train
24813,0,train
15147,1,train
20414,0,train
6001,0,train
26368,1,train
10888,0,train
29050,1,train
18284,0,train
15099,0,train
9450,1,train
2357,1,train
11839,0,train
20080,0,train
20477,0,train
17694,0,train
11427,0,train
11313,0,train
21078,0,train
24475,0,train
26846,1,train
6077,1,train
18035,0,train
6443,0,train
5807,0,train
26070,0,train
27145,0,train
5391,1,train
17152,0,train
11323,0,train
12353,1,train
15852,0,train
18140,0,train
1209,1,train
3418,0,train
14660,0,train
29688,1,train
8554,1,train
22665,0,train
4190,0,train
26154,0,train
24929,0,train
2784,0,train
27046,0,train
5474,0,train
6522,1,train
27398,0,train
20037,0,train
2131,1,train
12851,0,train
24330,1,train
26526,0,train
11552,0,train
10564,0,train
7796,0,train
26437,0,train
19528,1,train
9768,0,train
1374,0,train
11748,0,train
16619,0,train
10815,1,train
18183,0,train
9259,0,train
23823,1,train
14745,0,train
13536,0,train
2637,0,train
25520,0,train
26262,0,train
14087,0,train
2801,0,train
1869,1,train
13638,0,train
13900,0,train
12412,0,train
7632,0,train
3106,0,train
20643,0,train
28399,0,train
15173,1,train
10898,0,train
28119,1,train
25973,1,train
12561,0,train
22473,1,train
2350,1,train
7319,0,train
8393,1,train
7823,0,train
16347,1,train
9569,1,train
5109,0,train
20848,0,train
29284,0,train
2294,0,train
2165,0,train
21836,1,train
13839,1,train
9527,0,train
3416,0,train
8039,0,train
7775,1,train
14958,0,train
19736,0,train
23177,0,train
9529,0,train
2537,1,train
29415,0,train
25573,1,train
21598,0,train
11205,0,train
25378,1,train
14495,0,train
1968,0,train
24374,0,train
16628,1,train
3028,0,train
5713,0,train
523,1,train
20273,1,train
1787,1,train
6758,0,train
25806,0,train
15745,1,train
12947,1,train
16386,0,train
11956,0,train
11460,0,train
21976,0,train
11908,1,train
8944,0,train
19269,0,train
12567,0,train
9704,0,train
5961,0,train
23520,0,train
7595,0,train
109,0,train
11719,1,train
9979,0,train
29336,0,train
13026,0,train
14537,0,train
8071,0,train
13924,0,train
2070,0,train
29054,0,train
28188,1,train
24201,0,train
20591,0,train
1185,0,train
4269,0,train
18916,0,train
11851,1,train
14648,0,train
1806,0,train
3841,0,train
1634,0,train
24054,0,train
13963,1,train
276,0,train
4577,0,train
1965,1,train
12683,0,train
15971,1,train
5964,0,train
15266,0,train
22991,0,train
27561,0,train
26421,1,train
19723,0,train
6283,0,train
24234,0,train
5073,0,train
233,0,train
13894,0,train
22152,0,train
25931,0,train
1341,0,train
2059,0,train
21380,0,train
17072,1,train
22423,0,train
23841,0,train
17037,0,train
14400,0,train
29020,1,train
6052,1,train
12468,0,train
20778,0,train
1345,1,train
14464,0,train
4476,0,train
6069,0,train
17780,0,train
17951,1,train
22768,0,train
27414,0,train
11946,0,train
10792,0,train
26091,0,train
2328,0,train
19545,0,train
12621,0,train
423,0,train
2072,0,train
16057,0,train
3094,0,train
6918,1,train
3187,0,train
26359,0,train
18134,1,train
23911,1,train
6928,0,train
20952,0,train
13570,0,train
7946,1,train
25111,0,train
2404,1,train
7549,0,train
24269,0,train
17133,1,train
25158,0,train
26160,0,train
7187,0,train
17658,0,train
2029,1,train
11275,0,train
13004,0,train
10808,0,train
9272,1,train
4555,1,train
12427,0,train
16060,1,train
25584,0,train
25451,0,train
88,0,train
14316,0,train
19576,0,train
3419,0,train
10904,0,train
25240,0,train
27204,0,train
8885,0,train
6366,1,train
27214,1,train
7809,0,train
20662,0,train
8741,0,train
26339,0,train
14117,0,train
1848,1,train
25434,0,train
3826,0,train
10342,0,train
16081,0,train
7195,0,train
26133,0,train
29727,1,train
6317,0,train
21356,0,train
22699,0,train
526,0,train
7363,0,train
4468,0,train
29968,0,train
23444,0,train
11071,0,train
4353,0,train
1932,1,train
2305,0,train
8516,0,train
15485,0,train
19601,0,train
16652,1,train
3722,0,train
9787,0,train
16351,0,train
22673,0,train
25403,1,train
602,1,train
18962,0,train
2289,0,train
18043,0,train
10970,0,train
9817,0,train
4551,1,train
786,0,train
431,0,train
2244,1,train
14169,0,train
8577,0,train
1069,0,train
17688,1,train
21642,1,train
24339,0,train
16087,0,train
27013,0,train
27412,0,train
29763,0,train
29270,0,train
11084,1,train
29566,0,train
20382,1,train
19841,0,train
25299,1,train
390,1,train
27974,0,train
28199,0,train
28021,0,train
9350,0,train
26804,1,train
7183,1,train
13038,1,train
23356,1,train
20995,0,train
5197,0,train
23536,0,train
22270,0,train
24825,0,train
1523,0,train
831,0,train
8897,0,train
15230,0,train
24887,1,train
11014,0,train
29544,0,train
12831,0,train
8811,1,train
2316,0,train
23711,1,train
7504,1,train
26123,0,train
17251,0,train
19021,0,train
29471,0,train
16950,1,train
17944,0,train
779,1,train
3943,0,train
20711,0,train
584,0,train
2851,0,train
16663,1,train
7831,1,train
4064,1,train
1997,0,train
11315,1,train
20180,0,train
28993,0,train
13436,0,train
6601,0,train
5612,0,train
25225,0,train
27240,0,train
94,0,train
7996,0,train
13263,1,train
5484,0,train
6579,0,train
2843,0,train
12954,0,train
11631,0,train
25481,1,train
15250,0,train
20937,1,train
25546,0,train
29332,0,train
29728,0,train
27321,1,train
6004,0,train
19554,0,train
5524,0,train
7970,0,train
7771,0,train
21665,0,train
2028,0,train
9347,1,train
9449,0,train
23200,0,train
8001,0,train
8790,0,train
13218,0,train
16433,1,train
22709,1,train
25492,0,train
7829,0,train
8478,0,train
14901,0,train
24207,0,train
13870,0,train
18029,0,train
13799,0,train
2005,0,train
25530,0,train
15271,1,train
25099,0,train
26755,0,train
15063,1,train
17515,0,train
28566,0,train
7893,0,train
21542,0,train
27374,0,train
15278,0,train
24183,0,train
24581,1,train
11012,0,train
15168,0,train
24974,0,train
9361,0,train
10987,0,train
20206,0,train
7120,0,train
18297,1,train
6181,1,train
23865,0,train
2627,0,train
18028,0,train
26812,0,train
15894,0,train
9935,1,train
27403,0,train
18362,0,train
25473,1,train
24142,0,train
6312,0,train
28695,0,train
26954,0,train
20328,0,train
5796,0,train
22283,0,train
3845,0,train
8110,1,train
28917,0,train
29371,0,train
6777,0,train
14613,0,train
27131,0,train
29602,0,train
24265,0,train
2833,0,train
24384,0,train
20122,0,train
22074,0,train
15846,0,train
7899,1,train
329,0,train
19123,0,train
4007,1,train
22198,0,train
29964,0,train
27225,1,train
22486,0,train
15335,0,train
17655,0,train
1716,0,train
13820,1,train
28033,0,train
11171,1,train
17207,0,train
24690,0,train
25333,0,train
25544,1,train
24903,0,train
11318,0,train
10065,1,train
2615,0,train
1211,0,train
29500,0,train
9528,1,train
343,0,train
24543,1,train
7421,0,train
687,1,train
12887,1,train
20595,1,train
29319,0,train
9222,1,train
8883,0,train
19193,0,train
18519,1,train
11403,0,train
11702,1,train
18769,0,train
6864,0,train
11099,0,train
12476,0,train
11130,0,train
28667,1,train
4783,0,train
12074,0,train
8598,0,train
18136,1,train
11415,0,train
11345,0,train
3244,1,train
552,1,train
7498,0,train
7153,0,train
27615,0,train
11425,1,train
12337,0,train
19743,1,train
5048,0,train
1130,1,train
13114,0,train
15122,0,train
17554,0,train
10958,0,train
29478,1,train
12720,0,train
11347,0,train
9806,0,train
350,1,train
16959,0,train
3718,0,train
19495,0,train
6376,0,train
10223,0,train
12576,0,train
232,1,train
24765,0,train
12384,0,train
26811,0,train
19404,0,train
26690,1,train
9102,0,train
19111,0,train
23191,0,train
21558,0,train
5975,0,train
5480,0,train
9207,0,train
12210,0,train
9060,0,train
12471,0,train
7305,0,train
18978,0,train
4847,0,train
1646,1,train
10868,0,train
21457,1,train
22600,0,train
21387,0,train
2007,0,train
9250,0,train
16968,0,train
23511,0,train
7470,0,train
23455,1,train
9825,0,train
8715,0,train
19857,0,train
976,0,train
9413,0,train
13596,0,train
28362,0,train
3940,0,train
26998,0,train
6463,0,train
24449,1,train
12618,0,train
23040,1,train
3222,0,train
15209,0,train
9552,0,train
15085,1,train
21565,0,train
7678,0,train
26951,0,train
7801,0,train
2630,1,train
2704,0,train
16464,1,train
4642,0,train
2792,0,train
16103,0,train
15086,0,train
2755,0,train
4179,0,train
15160,0,train
29718,1,train
13517,0,train
13608,0,train
29184,0,train
12064,0,train
19188,0,train
21884,0,train
17677,0,train
5070,0,train
23290,0,train
7232,0,train
3202,1,train
12863,0,train
26298,1,train
11272,0,train
23376,0,train
1576,0,train
3025,1,train
25004,0,train
29991,0,train
7459,0,train
11383,0,train
13467,0,train
29346,1,train
22100,0,train
15895,0,train
19239,0,train
9300,0,train
19621,0,train
10565,0,train
9164,0,train
21933,0,train
15359,0,train
6517,0,train
5927,0,train
13934,0,train
3075,0,train
26771,0,train
20136,0,train
15084,0,train
14627,0,train
22082,0,train
21427,0,train
28972,0,train
3164,0,train
12900,0,train
8206,0,train
27477,0,train
13052,0,train
18141,0,train
17874,0,train
19999,0,train
6721,0,train
24572,0,train
14559,0,train
6006,0,train
438,0,train
6760,0,train
11592,0,train
3559,0,train
27528,1,train
20038,0,train
22482,0,train
772,0,train
14449,0,train
13637,1,train
15558,0,train
25707,0,train
7825,0,train
11695,0,train
15020,0,train
10837,0,train
2797,0,train
6008,0,train
15640,0,train
14029,0,train
5482,0,train
4521,0,train
11600,0,train
8129,0,train
16878,1,train
16377,1,train
15194,1,train
2691,0,train
26114,0,train
12721,0,train
19400,0,train
25236,1,train
18539,0,train
19275,0,train
18503,0,train
15916,0,train
19930,0,train
17807,1,train
9603,0,train
19990,0,train
25329,0,train
29189,0,train
20200,0,train
25343,0,train
16306,1,train
16723,1,train
14728,1,train
347,0,train
12772,0,train
12508,0,train
19962,0,train
17828,0,train
28716,0,train
27517,0,train
17846,0,train
20440,1,train
12119,0,train
13904,0,train
9869,0,train
23032,0,train
8384,1,train
17975,0,train
22713,0,train
21281,1,train
28859,0,train
25601,0,train
19182,0,train
21904,0,train
21838,0,train
11449,0,train
20963,1,train
25476,0,train
19483,0,train
24192,1,train
18767,0,train
24900,1,train
25850,0,train
26683,0,train
19010,0,train
9502,0,train
16423,0,train
29180,1,train
8718,0,train
12799,0,train
11647,0,train
25349,1,train
12726,0,train
4738,0,train
17378,0,train
4608,0,train
15158,0,train
4334,0,train
8201,0,train
15294,0,train
11832,0,train
21439,0,train
19867,0,train
25279,1,train
15211,0,train
16489,0,train
11769,0,train
21775,1,train
11611,0,train
5720,0,train
21479,0,train
7623,0,train
6508,0,train
8251,0,train
22825,0,train
29788,0,train
17957,0,train
13852,1,train
16269,0,train
19543,0,train
25060,1,train
28507,0,train
22348,0,train
22287,1,train
2196,0,train
5115,0,train
18063,1,train
6186,0,train
12325,0,train
19478,0,train
21172,0,train
19829,0,train
29323,0,train
20682,0,train
25133,0,train
18941,0,train
11682,1,train
24799,0,train
11741,1,train
812,0,train
22192,0,train
6042,0,train
5342,0,train
13683,0,train
20988,0,train
27241,0,train
4943,0,train
25190,0,train
9229,1,train
23255,0,train
16793,0,train
6176,0,train
17154,1,train
7457,0,train
12080,0,train
9286,0,train
17472,0,train
12475,0,train
1106,0,train
15280,1,train
28910,0,train
29194,1,train
19896,1,train
7622,0,train
22616,0,train
20487,0,train
12747,0,train
21861,0,train
28277,1,train
21880,0,train
29161,0,train
29239,0,train
12085,1,train
473,0,train
16122,1,train
29683,0,train
19284,1,train
20188,0,train
21386,0,train
26660,0,train
25639,0,train
19329,1,train
29188,0,train
15015,0,train
19283,0,train
20779,0,train
6572,0,train
23578,0,train
8073,0,train
18825,0,train
5016,0,train
25775,0,train
22623,0,train
8781,0,train
4543,0,train
5867,0,train
4530,0,train
25808,0,train
6588,0,train
10328,0,train
6162,0,train
18889,0,train
8171,0,train
2224,0,train
14266,0,train
7144,1,train
6471,0,train
2956,0,train
2922,0,train
16883,0,train
13746,0,train
11241,0,train
1846,1,train
13299,0,train
15368,0,train
26117,0,train
16075,0,train
7868,0,train
23139,0,train
8593,0,train
2251,0,train
14551,0,train
10673,0,train
16809,0,train
18709,0,train
25735,0,train
17336,0,train
20373,0,train
23068,0,train
24637,1,train
12815,0,train
16121,0,train
28341,1,train
12907,0,train
14994,0,train
25057,0,train
3168,0,train
8271,0,train
3853,1,train
17914,0,train
14260,0,train
13903,1,train
1802,0,train
18303,0,train
8555,0,train
29913,0,train
17650,1,train
21655,0,train
19925,0,train
54,0,train
21531,1,train
14059,0,train
6791,0,train
3576,0,train
18060,0,train
17012,0,train
20412,0,train
5550,0,train
15530,0,train
10751,1,train
10708,1,train
24750,0,train
8350,0,train
7583,1,train
9781,0,train
22139,0,train
13039,0,train
9847,0,train
2515,0,train
20907,1,train
27713,0,train
24344,0,train
15645,0,train
3680,0,train
22469,1,train
13083,1,train
21729,0,train
3753,0,train
12354,0,train
6849,0,train
1701,0,train
17738,1,train
11200,0,train
19402,0,train
26992,0,train
20239,0,train
2777,1,train
1506,0,train
19740,1,train
8367,0,train
11282,0,train
2362,0,train
2338,0,train
25157,0,train
26978,0,train
15323,0,train
28212,0,train
13094,0,train
20966,0,train
26551,1,train
16137,0,train
5883,0,train
29345,0,train
27228,0,train
29392,1,train
25832,0,train
18463,0,train
19603,0,train
26663,0,train
28377,0,train
12582,0,train
3586,0,train
15868,1,train
15417,0,train
22170,0,train
4475,0,train
28619,0,train
1856,0,train
27622,0,train
11520,1,train
26502,1,train
11070,0,train
7626,0,train
24007,0,train
20274,0,train
18367,0,train
10779,0,train
12361,0,train
11142,0,train
27771,0,train
20490,0,train
26864,0,train
28704,0,train
29858,0,train
453,0,train
6172,0,train
24623,0,train
9429,1,train
16504,0,train
1053,0,train
10766,0,train
4901,1,train
13629,0,train
28876,0,train
10371,0,train
27798,0,train
27990,0,train
6183,1,train
2020,1,train
8833,0,train
14810,1,train
9773,0,train
4161,0,train
20610,0,train
25208,0,train
24379,0,train
3798,0,train
13896,1,train
9335,1,train
12116,0,train
11555,1,train
3758,1,train
23766,0,train
20794,0,train
23375,0,train
1694,0,train
20195,0,train
5607,0,train
6547,0,train
25964,0,train
5234,0,train
4184,1,train
22008,0,train
7993,1,train
13049,1,train
19023,0,train
25013,0,train
7295,0,train
28071,0,train
26820,0,train
11526,0,train
19356,0,train
1545,1,train
26273,0,train
418,0,train
14366,1,train
804,0,train
24630,1,train
19627,0,train
10684,0,train
15008,0,train
6717,0,train
5102,1,train
13621,0,train
25012,0,train
2638,0,train
26351,0,train
24848,0,train
11788,1,train
22683,0,train
8213,0,train
24840,0,train
29402,0,train
1741,1,train
17090,0,train
8471,1,train
20686,0,train
8846,0,train
15812,0,train
20253,1,train
21310,0,train
3056,0,train
6163,0,train
25461,1,train
27325,0,train
510,0,train
18848,0,train
12024,0,train
17164,0,train
7837,0,train
24855,0,train
25129,0,train
2141,0,train
13403,0,train
28964,1,train
11466,0,train
1830,0,train
14564,1,train
22273,0,train
13807,1,train
2097,1,train
15195,0,train
26696,0,train
14986,0,train
9542,0,train
3831,0,train
9486,0,train
24395,1,train
3598,0,train
2514,0,train
25263,1,train
14546,0,train
21208,0,train
15738,0,train
14054,0,train
7431,0,train
3146,0,train
15446,0,train
23533,1,train
564,0,train
26501,1,train
11510,0,train
27698,0,train
28235,0,train
2337,1,train
29164,1,train
28357,0,train
5912,0,train
4490,0,train
22500,0,train
17398,0,train
9820,0,train
15380,0,train
23995,0,train
16355,0,train
29218,0,train
10468,0,train
7923,1,train
24385,0,train
11121,0,train
12081,0,train
13698,0,train
19703,0,train
17276,0,train
6782,0,train
5965,0,train
11678,0,train
16206,0,train
15563,0,train
23070,0,train
14638,1,train
21508,1,train
15283,0,train
18215,0,train
11487,0,train
26701,1,train
11013,0,train
754,0,train
13484,0,train
9142,0,train
1031,0,train
20744,0,train
24987,0,train
25862,0,train
2329,0,train
9563,1,train
12049,0,train
29984,0,train
6100,0,train
6747,0,train
3829,0,train
946,0,train
5475,1,train
22211,0,train
12395,1,train
21254,0,train
28889,0,train
17382,0,train
5050,0,train
17616,0,train
17831,0,train
8802,1,train
17566,0,train
10677,0,train
5014,0,train
22682,0,train
8564,1,train
24853,0,train
795,0,train
12904,0,train
10165,1,train
6411,0,train
23723,0,train
28632,0,train
18560,0,train
18648,0,train
20698,0,train
14141,0,train
6374,1,train
8958,0,train
7901,0,train
8072,0,train
2366,1,train
20706,0,train
18387,0,train
3197,0,train
2911,0,train
15327,0,train
26188,0,train
9880,0,train
2332,1,train
18727,0,train
25577,0,train
18906,0,train
18595,0,train
16098,1,train
1392,0,train
3104,1,train
28221,1,train
28789,0,train
5853,1,train
29902,0,train
3581,1,train
21572,0,train
10051,0,train
5175,0,train
16866,0,train
22387,1,train
27633,0,train
20623,1,train
18896,0,train
29619,0,train
7368,0,train
13822,0,train
21054,0,train
11256,0,train
5445,1,train
15972,0,train
8006,0,train
3086,0,train
5228,0,train
21324,0,train
16273,0,train
6896,0,train
2750,1,train
3174,0,train
17172,0,train
28805,0,train
26055,0,train
14282,0,train
19907,1,train
21667,0,train
6689,0,train
18007,0,train
9681,0,train
26258,0,train
22006,1,train
11684,1,train
29433,0,train
8022,1,train
28599,0,train
1238,0,train
10756,0,train
2768,1,train
12849,0,train
27011,0,train
1739,1,train
21641,0,train
3417,0,train
6051,0,train
21650,0,train
21781,0,train
1593,0,train
8326,0,train
24805,0,train
15554,0,train
9366,0,train
16837,0,train
20346,0,train
3472,1,train
11108,0,train
14118,0,train
24270,1,train
12389,1,train
23148,0,train
28591,1,train
456,0,train
863,1,train
7277,0,train
28356,0,train
10550,1,train
3335,0,train
13394,0,train
664,0,train
16633,0,train
26064,0,train
25744,1,train
17002,1,train
27824,1,train
8919,0,train
26981,0,train
28205,1,train
6160,0,train
18348,0,train
14474,0,train
14150,0,train
17465,0,train
6291,0,train
4160,0,train
29576,1,train
7985,0,train
3846,0,train
12179,0,train
29794,1,train
22455,0,train
20374,1,train
1711,1,train
8489,0,train
15682,1,train
10274,0,train
2993,0,train
23212,0,train
12280,0,train
15624,0,train
21893,0,train
25783,0,train
8324,1,train
21116,0,train
26803,0,train
6322,0,train
7157,0,train
26001,0,train
13248,0,train
28035,0,train
15313,0,train
10693,0,train
21940,0,train
10216,0,train
8406,0,train
7037,0,train
29149,0,train
26638,0,train
3634,1,train
28678,0,train
16166,0,train
11451,0,train
3081,0,train
20452,0,train
6267,0,train
9402,0,train
17217,0,train
14102,0,train
14838,0,train
18206,0,train
25977,1,train
10729,0,train
16456,0,train
28433,0,train
21993,0,train
19613,0,train
28692,0,train
4859,0,train
13895,0,train
18651,0,train
21451,0,train
11992,0,train
9317,1,train
18382,1,train
2761,0,train
9318,0,train
19849,0,train
5088,0,train
21091,0,train
6809,0,train
2773,1,train
18199,1,train
22661,0,train
14548,0,train
788,0,train
5227,0,train
22051,0,train
2624,0,train
11734,0,train
3801,0,train
1623,0,train
23716,1,train
1150,0,train
8440,1,train
12205,0,train
22214,0,train
3150,0,train
9284,0,train
19926,1,train
4928,1,train
15157,0,train
12647,0,train
9367,0,train
20503,0,train
28996,1,train
3192,1,train
2964,0,train
20458,0,train
24371,1,train
19387,0,train
10557,0,train
9689,0,train
19426,0,train
15757,0,train
12261,0,train
23460,0,train
8745,0,train
15273,0,train
18499,0,train
19986,0,train
23078,0,train
7057,1,train
22987,0,train
28888,0,train
23082,0,train
14749,0,train
4404,0,train
6816,0,train
15641,0,train
21003,0,train
4378,1,train
28198,0,train
25491,0,train
13287,0,train
7842,0,train
12457,1,train
4239,0,train
3396,0,train
23047,0,train
28573,0,train
5934,0,train
3328,1,train
5215,0,train
6834,1,train
2399,0,train
10013,0,train
5666,1,train
7972,0,train
776,0,train
14732,0,train
19937,0,train
25654,0,train
2004,1,train
22658,0,train
20808,1,train
28006,0,train
1492,0,train
15520,0,train
29943,1,train
11122,0,train
17667,0,train
27268,1,train
14075,1,train
29115,1,train
11801,0,train
19918,0,train
24237,1,train
28300,0,train
15960,1,train
18047,0,train
28397,0,train
4743,1,train
28404,0,train
10620,0,train
20832,0,train
23015,0,train
29470,0,train
11137,0,train
21338,0,train
2715,0,train
5185,1,train
12433,0,train
13168,0,train
3142,0,train
21295,0,train
19197,0,train
27094,0,train
158,0,train
21713,0,train
20754,1,train
12111,0,train
29565,0,train
24244,0,train
24752,0,train
24177,0,train
14063,1,train
14172,1,train
14642,0,train
312,0,train
6398,0,train
2414,0,train
11078,0,train
23751,0,train
28607,0,train
1547,0,train
26533,0,train
20140,0,train
20241,0,train
17622,0,train
22919,0,train
25237,0,train
22813,0,train
26571,0,train
5857,0,train
11778,0,train
14821,1,train
9779,1,train
6270,0,train
15903,1,train
212,1,train
734,0,train
21185,0,train
17470,0,train
23034,0,train
5595,0,train
29932,0,train
25016,0,train
17819,0,train
1348,0,train
9755,0,train
6891,0,train
7873,0,train
3675,0,train
21563,0,train
28794,0,train
17776,1,train
15664,1,train
11590,1,train
2847,0,train
15905,0,train
11382,1,train
4523,0,train
23114,0,train
5044,0,train
1777,0,train
25587,1,train
9212,0,train
25326,0,train
836,1,train
23674,0,train
6688,1,train
1970,0,train
28391,0,train
11387,0,train
23905,1,train
17996,0,train
27995,0,train
15395,0,train
3247,0,train
9942,0,train
24259,0,train
9512,0,train
12445,1,train
18289,0,train
4645,0,train
24358,0,train
12434,0,train
16174,0,train
6110,0,train
14984,0,train
18411,0,train
27324,0,train
12047,0,train
3978,0,train
10631,0,train
27642,0,train
11716,1,train
28925,0,train
2310,0,train
29084,0,train
18730,0,train
15048,0,train
5831,0,train
24156,1,train
15519,0,train
2409,0,train
29350,0,train
11557,0,train
5598,1,train
25379,0,train
25088,0,train
28158,1,train
6018,1,train
15827,1,train
6109,1,train
15928,0,train
7026,1,train
3564,1,train
11056,1,train
26618,0,train
24458,0,train
13155,0,train
7479,0,train
16524,0,train
29234,1,train
27187,0,train
16923,1,train
20825,0,train
13974,0,train
29193,1,train
1375,0,train
18866,0,train
21134,1,train
5653,1,train
23540,0,train
23445,0,train
21051,0,train
5698,1,train
26607,0,train
6847,0,train
21644,0,train
4178,0,train
15915,1,train
11918,0,train
2732,1,train
4170,1,train
20726,0,train
24030,1,train
5396,0,train
13207,0,train
9660,0,train
25036,1,train
6537,0,train
18621,0,train
15518,1,train
8779,0,train
27153,0,train
568,0,train
5229,1,train
7139,0,train
21895,0,train
14856,0,train
6409,0,train
18905,0,train
23245,0,train
25961,1,train
13694,0,train
3466,0,train
18452,0,train
28097,1,train
14741,0,train
1948,0,train
8063,0,train
29251,1,train
26035,1,train
22536,0,train
10986,0,train
744,0,train
19476,0,train
25306,1,train
23987,0,train
13392,0,train
17196,0,train
1996,0,train
24467,1,train
7766,0,train
29780,0,train
21225,0,train
5221,0,train
26301,1,train
3074,1,train
9458,1,train
27680,0,train
12492,0,train
15929,0,train
13365,0,train
3532,0,train
10856,0,train
11001,0,train
21468,0,train
18075,1,train
20332,0,train
17512,0,train
10284,0,train
4572,0,train
24982,0,train
21074,1,train
13080,1,train
18249,0,train
5205,0,train
553,1,train
22630,0,train
15312,0,train
28913,0,train
23811,0,train
8853,0,train
11321,0,train
10121,1,train
24965,0,train
4225,1,train
19942,0,train
1075,0,train
958,1,train
2881,0,train
12944,0,train
19910,0,train
1161,0,train
790,0,train
14829,0,train
10067,0,train
20426,0,train
25939,0,train
2923,0,train
5498,0,train
11003,0,train
458,0,train
13876,1,train
14881,0,train
22381,0,train
23166,1,train
6948,0,train
6396,1,train
2903,1,train
8640,0,train
636,0,train
26859,1,train
15146,0,train
12916,0,train
4881,0,train
7952,0,train
11312,0,train
10183,0,train
2863,0,train
17701,0,train
6367,1,train
21226,0,train
22318,0,train
25035,0,train
18240,0,train
16301,0,train
455,0,train
29725,0,train
25345,0,train
5788,0,train
1081,0,train
5270,0,train
16530,0,train
22181,0,train
9476,1,train
22419,0,train
23825,0,train
8770,0,train
26635,0,train
4141,0,train
24006,0,train
28250,0,train
6252,1,train
13115,0,train
23249,0,train
24438,0,train
26973,0,train
28453,0,train
28424,0,train
2926,0,train
698,0,train
25825,0,train
27256,0,train
9920,0,train
20063,0,train
15574,0,train
20751,0,train
10570,0,train
27514,0,train
7725,1,train
3957,0,train
20900,0,train
21275,1,train
9155,0,train
25738,0,train
2309,0,train
15998,0,train
28122,0,train
19507,0,train
16154,0,train
24246,0,train
684,0,train
16645,1,train
25662,0,train
13808,0,train
3839,0,train
14126,0,train
18770,0,train
14879,0,train
5266,0,train
15299,0,train
5182,0,train
26793,0,train
7769,1,train
15706,0,train
23298,0,train
191,0,train
18326,0,train
5171,0,train
8215,0,train
25142,0,train
26266,0,train
19048,0,train
13117,0,train
17202,1,train
12240,1,train
28259,0,train
8969,0,train
27183,0,train
24045,0,train
17088,1,train
5235,0,train
28870,0,train
27005,0,train
7730,0,train
27258,0,train
2064,0,train
20633,0,train
2557,0,train
287,0,train
20045,0,train
24261,0,train
10539,0,train
21512,1,train
12173,0,train
19001,0,train
13866,0,train
4785,1,train
7810,0,train
1949,0,train
24204,0,train
15051,0,train
17835,0,train
20370,0,train
7774,0,train
2598,0,train
3700,0,train
18624,0,train
13380,0,train
11434,0,train
7425,0,train
20678,1,train
5151,1,train
10410,0,train
7906,0,train
19519,0,train
20030,0,train
29175,0,train
11811,0,train
78,0,train
6255,0,train
16215,0,train
5539,1,train
10527,0,train
11809,0,train
3821,0,train
15052,0,train
10043,1,train
23580,0,train
24224,0,train
11556,0,train
8820,0,train
13102,0,train
13255,0,train
1705,0,train
10551,0,train
10173,0,train
22217,1,train
17130,1,train
11861,0,train
21149,0,train
13106,1,train
19689,0,train
18661,0,train
2236,0,train
11177,0,train
11219,0,train
26460,1,train
10575,0,train
27063,0,train
23489,0,train
11101,0,train
24047,0,train
17542,1,train
1144,0,train
19471,0,train
1432,1,train
23541,0,train
5984,0,train
22897,0,train
10678,0,train
16754,1,train
29944,0,train
17669,0,train
25876,0,train
22285,0,train
21490,0,train
1881,0,train
8824,0,train
19732,0,train
7637,0,train
3527,0,train
722,1,train
6216,0,train
22994,0,train
23430,0,train
15285,0,train
12906,0,train
4163,1,train
26463,0,train
1757,0,train
12874,1,train
4370,0,train
19228,0,train
17158,0,train
11617,1,train
25008,1,train
5504,0,train
23457,0,train
17293,0,train
4042,0,train
23786,0,train
29286,0,train
19762,1,train
24810,1,train
3317,0,train
19190,1,train
17578,0,train
17125,0,train
15946,0,train
29955,0,train
8318,0,train
12377,0,train
10351,1,train
2570,0,train
3774,0,train
8525,0,train
28691,0,train
26881,0,train
22172,0,train
18389,0,train
23662,0,train
26071,0,train
22767,0,train
12836,1,train
21483,0,train
16032,0,train
4265,0,train
11923,0,train
5630,0,train
26329,0,train
8601,1,train
17741,0,train
5078,1,train
5553,0,train
16279,0,train
22434,1,train
24128,0,train
24913,1,train
23063,0,train
29230,0,train
17456,0,train
20169,0,train
27282,0,train
20261,0,train
29114,1,train
17971,0,train
21770,1,train
441,0,train
29863,1,train
1287,0,train
7625,0,train
9581,0,train
678,0,train
10270,0,train
25844,0,train
24620,0,train
8904,0,train
6300,0,train
14792,1,train
19044,0,train
1084,1,train
10419,1,train
3491,1,train
2522,0,train
901,0,train
16797,0,train
15178,0,train
5605,1,train
1866,0,train
5906,1,train
12673,0,train
27107,0,train
13578,1,train
5697,0,train
9780,0,train
28569,0,train
23860,0,train
14949,0,train
3510,1,train
11007,0,train
2273,0,train
14484,1,train
29158,0,train
7104,0,train
14381,0,train
21099,0,train
6348,0,train
7891,0,train
29417,0,train
16562,1,train
7308,1,train
27538,0,train
3636,0,train
17052,1,train
7957,0,train
7450,0,train
19895,0,train
3040,0,train
15802,0,train
3062,0,train
29623,1,train
26151,1,train
15807,0,train
5710,0,train
515,0,train
12975,0,train
25505,1,train
19978,0,train
2572,0,train
22524,1,train
14880,0,train
1429,1,train
11059,0,train
13902,0,train
28314,0,train
3484,1,train
6094,0,train
17988,0,train
18475,1,train
10909,0,train
29463,0,train
8976,0,train
21034,1,train
5561,0,train
10259,0,train
9391,0,train
21998,0,train
27049,0,train
20941,0,train
13431,1,train
14252,1,train
2125,1,train
20147,1,train
4942,0,train
7624,0,train
9730,0,train
11390,0,train
29857,0,train
19035,0,train
19714,0,train
21096,0,train
3914,0,train
16962,1,train
3272,0,train
925,0,train
15330,0,train
27234,0,train
15845,0,train
18390,0,train
1642,0,train
9433,0,train
24942,0,train
5139,0,train
20420,0,train
12581,0,train
23778,1,train
9534,1,train
4217,0,train
1837,0,train
9824,1,train
26743,0,train
3089,0,train
17452,1,train
21780,0,train
16325,1,train
12336,0,train
11378,0,train
5589,0,train
1289,1,train
12358,0,train
10200,0,train
20349,0,train
15104,0,train
1509,0,train
14652,0,train
17933,0,train
18168,0,train
14705,0,train
4321,1,train
6947,1,train
29497,0,train
26798,0,train
12759,0,train
6776,0,train
23707,0,train
16326,0,train
29610,1,train
1037,0,train
4648,0,train
6468,0,train
19602,0,train
26650,0,train
15123,0,train
10934,0,train
14776,0,train
1595,0,train
5063,0,train
15010,0,train
21532,0,train
26,0,train
9553,0,train
10952,0,train
24835,1,train
16401,1,train
11850,0,train
22941,0,train
5392,0,train
15324,0,train
15240,0,train
25666,0,train
15700,0,train
20173,0,train
2583,1,train
10224,0,train
7687,0,train
3979,0,train
11569,1,train
12901,1,train
8940,0,train
20978,1,train
17278,0,train
24672,0,train
1901,0,train
203,0,train
10995,1,train
18158,1,train
24420,0,train
23065,0,train
9364,0,train
14460,0,train
7588,0,train
6021,0,train
17308,1,train
3285,0,train
18106,0,train
3807,0,train
2664,0,train
23797,0,train
26888,0,train
11535,0,train
21811,1,train
9867,0,train
9875,0,train
17897,1,train
29419,1,train
6931,0,train
6281,0,train
7397,1,train
6424,0,train
11902,0,train
4493,1,train
15386,1,train
24762,0,train
12662,0,train
13359,0,train
16124,0,train
10103,1,train
6924,0,train
16681,0,train
18190,0,train
19592,0,train
20845,0,train
4578,0,train
4553,0,train
25755,0,train
13249,0,train
29625,0,train
4984,1,train
28592,1,train
14046,0,train
15109,0,train
1022,0,train
6378,0,train
7411,0,train
27649,0,train
9244,0,train
28301,0,train
25695,0,train
27299,1,train
23066,1,train
1145,1,train
26439,0,train
12072,0,train
3959,1,train
13978,0,train
6978,0,train
15869,0,train
18873,0,train
482,1,train
4188,1,train
3907,0,train
7967,0,train
24826,0,train
28687,0,train
23019,0,train
8371,1,train
25557,0,train
23122,0,train
15708,0,train
6505,0,train
9442,0,train
3855,0,train
7743,0,train
17500,0,train
6953,0,train
21426,1,train
21640,1,train
10820,0,train
6959,0,train
18532,0,train
27701,0,train
28861,0,train
3179,1,train
13865,1,train
17507,0,train
8649,0,train
15117,0,train
2741,0,train
14980,1,train
23284,0,train
13561,1,train
17708,0,train
5690,0,train
7130,0,train
24029,0,train
26893,0,train
4207,0,train
17947,0,train
854,0,train
2198,0,train
11113,0,train
16736,0,train
17204,1,train
2916,0,train
11266,0,train
6817,0,train
20023,0,train
6116,0,train
14643,0,train
21566,0,train
14458,1,train
5201,1,train
4037,1,train
2796,1,train
14909,0,train
4614,0,train
21611,0,train
16280,0,train
28196,0,train
25460,1,train
29861,0,train
780,0,train
504,1,train
1354,0,train
23949,0,train
1431,0,train
11149,0,train
26769,1,train
26364,0,train
5075,0,train
16641,1,train
23487,0,train
20565,0,train
27236,0,train
12833,0,train
14536,0,train
27247,0,train
16319,0,train
23225,0,train
25172,0,train
1890,1,train
22278,0,train
25380,0,train
26606,1,train
14969,0,train
4115,0,train
4541,0,train
18370,0,train
3679,0,train
20043,0,train
23226,1,train
25453,0,train
17170,0,train
10610,0,train
24126,0,train
16310,0,train
3677,0,train
24885,0,train
16042,0,train
28358,0,train
27440,0,train
10157,1,train
24891,0,train
590,0,train
19693,0,train
6007,1,train
22814,0,train
14823,1,train
5338,1,train
14753,0,train
5839,0,train
24657,0,train
4623,0,train
7727,1,train
1966,0,train
19995,0,train
6819,0,train
9121,0,train
2263,0,train
4372,0,train
4046,0,train
25596,0,train
3109,0,train
6854,1,train
26630,0,train
26987,0,train
19425,0,train
29273,0,train
21458,1,train
12564,0,train
4797,0,train
6381,0,train
21211,0,train
43,0,train
11450,0,train
24495,0,train
1600,1,train
16981,0,train
26982,0,train
21139,0,train
29351,0,train
21975,1,train
25956,0,train
22870,0,train
28806,0,train
18599,0,train
4145,1,train
3892,0,train
13659,0,train
26866,1,train
24284,0,train
22390,1,train
12283,0,train
26191,0,train
11834,0,train
208,1,train
20296,1,train
9994,1,train
27687,0,train
17714,0,train
24968,0,train
29139,1,train
10471,0,train
17587,1,train
11332,0,train
17883,0,train
26210,0,train
19332,0,train
25689,0,train
24989,1,train
26144,0,train
3182,0,train
24180,0,train
10848,0,train
26428,0,train
11308,0,train
14873,1,train
8228,1,train
19820,0,train
979,1,train
15183,0,train
15862,1,train
3653,0,train
10852,0,train
10830,0,train
24186,1,train
22132,0,train
14071,0,train
27565,1,train
4996,0,train
1171,1,train
22942,0,train
5782,0,train
9123,0,train
8607,1,train
6991,0,train
8869,0,train
23881,0,train
28360,0,train
29445,1,train
25641,0,train
14470,0,train
10591,0,train
29717,1,train
4211,0,train
16034,1,train
11381,0,train
9968,0,train
4004,0,train
810,0,train
17863,1,train
6957,0,train
25312,0,train
26597,0,train
19744,0,train
8924,0,train
16905,0,train
1548,0,train
6685,0,train
18083,0,train
1334,0,train
16511,0,train
11226,0,train
10425,1,train
14778,0,train
15470,1,train
14928,1,train
22483,0,train
28084,0,train
6673,0,train
26451,0,train
11891,0,train
20143,0,train
8095,0,train
25702,0,train
6956,0,train
10110,0,train
29946,0,train
4515,1,train
22873,0,train
797,0,train
12178,0,train
23666,0,train
20994,1,train
21055,0,train
9407,1,train
1613,0,train
24748,1,train
25131,0,train
22016,0,train
9092,0,train
25351,0,train
8907,0,train
15541,0,train
8280,0,train
27409,0,train
10710,0,train
2239,0,train
13269,0,train
24149,0,train
2094,0,train
28498,0,train
10907,0,train
19738,0,train
10523,0,train
18213,1,train
24945,0,train
2652,1,train
7395,1,train
18103,0,train
11361,0,train
7007,0,train
13970,0,train
860,0,train
15572,0,train
3704,0,train
6308,0,train
22502,0,train
22771,0,train
22151,0,train
16445,0,train
833,1,train
26183,0,train
17663,0,train
26221,0,train
18468,0,train
5159,0,train
16442,0,train
18909,0,train
6653,0,train
14404,0,train
16186,0,train
3270,0,train
14508,0,train
7493,0,train
21312,1,train
22844,1,train
9311,1,train
12819,0,train
17421,0,train
22749,0,train
20170,0,train
28174,1,train
18710,1,train
15127,1,train
8786,0,train
3083,0,train
5877,0,train
1480,0,train
10629,1,train
1571,0,train
24316,1,train
19776,0,train
27570,1,train
511,0,train
27133,0,train
28170,0,train
29288,0,train
15604,0,train
8200,0,train
13705,0,train
4298,0,train
27232,0,train
18829,0,train
15836,0,train
25066,0,train
25494,0,train
1229,1,train
19577,0,train
22854,0,train
3134,1,train
28275,0,train
5208,0,train
23522,0,train
14135,0,train
27543,0,train
8674,0,train
17671,0,train
2205,0,train
143,0,train
17493,0,train
28969,0,train
22669,0,train
12007,1,train
13911,1,train
28441,0,train
4951,0,train
8289,1,train
26321,0,train
1915,0,train
3513,1,train
5259,0,train
21938,0,train
21337,0,train
3191,0,train
17898,0,train
21540,1,train
25649,0,train
7381,0,train
11168,0,train
19914,0,train
10769,1,train
4299,0,train
2189,0,train
1865,0,train
8957,0,train
12520,1,train
20660,0,train
20496,0,train
5100,1,train
20918,1,train
10625,1,train
1743,0,train
26847,1,train
21844,1,train
28241,0,train
29806,0,train
1583,0,train
11632,0,train
21835,0,train
19177,0,train
27103,0,train
6538,0,train
25249,0,train
2656,1,train
17857,0,train
2010,0,train
24990,0,train
8989,1,train
13166,0,train
11595,0,train
17644,0,train
7560,0,train
1542,0,train
5113,0,train
18321,0,train
19626,0,train
21951,1,train
29685,0,train
13254,1,train
5036,0,train
6234,0,train
27869,1,train
21674,0,train
11563,0,train
6352,1,train
16400,0,train
13613,0,train
4898,0,train
28624,0,train
28740,0,train
23516,0,train
27988,1,train
6560,1,train
4172,0,train
10473,0,train
19104,1,train
14061,0,train
18449,1,train
2947,0,train
18392,0,train
28709,0,train
27809,0,train
24716,0,train
2437,1,train
336,0,train
12878,0,train
2049,0,train
15691,0,train
16207,0,train
1670,0,train
7413,0,train
20465,1,train
22031,0,train
10104,0,train
11156,0,train
5983,1,train
17884,0,train
19960,0,train
10309,0,train
12035,0,train
19013,0,train
23005,0,train
16388,0,train
19794,0,train
25772,1,train
8269,1,train
16786,1,train
14596,0,train
1847,0,train
18725,0,train
23056,0,train
27372,0,train
19189,0,train
12984,0,train
17875,1,train
17596,1,train
25558,0,train
6675,0,train
6193,0,train
12544,0,train
18843,0,train
3039,0,train
29787,0,train
23654,0,train
24928,0,train
28104,1,train
9986,0,train
24811,1,train
16970,1,train
22642,0,train
21000,0,train
12757,0,train
15600,1,train
9134,0,train
29074,0,train
12972,1,train
7489,0,train
1999,0,train
14852,0,train
3619,1,train
12311,0,train
22878,0,train
18300,0,train
26937,1,train
20129,0,train
26356,0,train
3705,1,train
16624,0,train
15947,0,train
10326,1,train
16367,0,train
7786,1,train
3650,0,train
17056,0,train
25687,0,train
26279,1,train
5438,0,train
15987,0,train
29769,0,train
1731,1,train
23770,0,train
9522,0,train
11925,0,train
1266,0,train
25778,0,train
27480,0,train
5629,0,train
23120,0,train
9291,0,train
10994,0,train
24792,0,train
16132,0,train
17522,0,train
8759,1,train
21082,0,train
8810,0,train
28118,0,train
12812,0,train
3657,0,train
4914,0,train
22277,1,train
21987,0,train
10214,0,train
14569,1,train
11442,0,train
12610,1,train
16899,0,train
3764,0,train
20676,1,train
379,0,train
8595,0,train
23246,0,train
13216,0,train
11994,0,train
25859,1,train
10023,0,train
28853,0,train
7552,0,train
16020,0,train
13090,0,train
20058,0,train
5959,0,train
23989,0,train
19457,0,train
8240,0,train
16116,1,train
21269,0,train
5155,0,train
2848,0,train
16846,1,train
22548,1,train
8804,0,train
17924,1,train
13264,0,train
13606,1,train
26912,0,train
23899,1,train
13531,0,train
24679,0,train
24470,1,train
27867,0,train
19369,0,train
17697,0,train
26971,1,train
11488,0,train
27939,0,train
21952,1,train
18929,1,train
5634,0,train
16285,0,train
14496,0,train
12950,0,train
18721,0,train
5496,0,train
10176,0,train
23912,0,train
5268,0,train
137,0,train
15222,0,train
21100,0,train
6146,0,train
7533,0,train
28338,0,train
1512,0,train
24577,0,train
16038,0,train
6056,1,train
4840,0,train
29388,0,train
11892,0,train
8920,1,train
8025,0,train
26580,0,train
1734,0,train
21948,1,train
19140,0,train
6678,0,train
15243,0,train
29253,0,train
28960,0,train
9519,0,train
22268,0,train
1531,0,train
28260,0,train
9013,0,train
13185,1,train
15787,0,train
24197,0,train
18785,0,train
25879,1,train
15881,0,train
2475,0,train
12108,1,train
13475,0,train
18458,0,train
28299,0,train
13070,0,train
1797,0,train
3463,0,train
3602,1,train
3105,0,train
22019,0,train
5332,0,train
19818,1,train
22020,0,train
12866,0,train
1971,0,train
17643,0,train
5001,0,train
3490,0,train
24993,1,train
3444,0,train
4258,0,train
8895,0,train
2226,1,train
21388,0,train
14721,1,train
15621,0,train
24020,0,train
17837,1,train
20607,0,train
17491,0,train
9541,0,train
26049,0,train
15523,0,train
28232,1,train
23009,1,train
26754,0,train
1240,0,train
11618,1,train
82,0,train
24124,0,train
21314,0,train
11491,0,train
11688,1,train
6783,0,train
12667,0,train
22115,0,train
14315,1,train
3909,0,train
12966,0,train
7087,0,train
21486,1,train
19669,0,train
11922,0,train
2535,0,train
5466,0,train
19897,0,train
1119,1,train
2296,0,train
3923,0,train
7578,0,train
2905,0,train
26341,0,train
12905,1,train
19195,0,train
13489,1,train
18352,1,train
15018,0,train
27123,1,train
14306,0,train
15463,0,train
10243,0,train
4215,0,train
19658,0,train
10370,1,train
14337,0,train
6656,0,train
1816,0,train
15547,0,train
7016,0,train
29707,0,train
5999,0,train
7460,0,train
2840,0,train
25568,0,train
19053,1,train
8107,0,train
14665,0,train
17005,0,train
6545,0,train
2356,0,train
29729,1,train
11893,0,train
18781,0,train
8807,1,train
17286,0,train
26234,0,train
10246,0,train
5435,1,train
13338,0,train
9982,0,train
7402,0,train
11820,0,train
27073,0,train
24873,0,train
3394,0,train
9677,0,train
4880,1,train
28294,0,train
6710,0,train
3224,1,train
446,0,train
8622,0,train
27885,0,train
5317,1,train
1902,0,train
10479,0,train
717,0,train
486,0,train
29973,0,train
6643,0,train
12010,1,train
1498,0,train
13046,1,train
7630,0,train
11640,1,train
17384,0,train
4712,0,train
22046,0,train
29176,0,train
23737,1,train
12840,0,train
4466,0,train
13332,1,train
25617,0,train
13588,0,train
10444,0,train
24795,1,train
26924,0,train
10892,0,train
24360,1,train
10605,0,train
19255,1,train
21734,0,train
5719,0,train
4892,0,train
15050,0,train
1725,0,train
22290,1,train
26800,0,train
4384,0,train
17880,1,train
21090,0,train
19393,0,train
15575,1,train
9047,0,train
18485,0,train
15033,1,train
27802,0,train
21668,1,train
29661,0,train
11414,0,train
11281,0,train
2606,0,train
4068,1,train
25739,1,train
11454,0,train
27509,0,train
14942,1,train
635,0,train
23721,0,train
26994,0,train
535,0,train
20178,0,train
1482,0,train
10429,0,train
21548,0,train
2928,1,train
29912,1,train
19098,0,train
7540,0,train
494,0,train
27589,0,train
2618,1,train
3299,1,train
16819,0,train
28481,0,train
20669,1,train
10247,0,train
20659,1,train
6853,1,train
9713,0,train
15420,0,train
3725,0,train
19049,0,train
22289,1,train
24554,0,train
1056,0,train
29376,0,train
12768,1,train
8803,0,train
24104,0,train
29539,0,train
3642,0,train
23774,0,train
20227,0,train
17712,0,train
22589,0,train
8119,1,train
9223,1,train
18032,0,train
13122,0,train
28801,1,train
2680,0,train
16623,1,train
2285,1,train
422,0,train
26809,1,train
13131,0,train
8836,0,train
19969,0,train
10194,0,train
151,0,train
14058,0,train
1488,0,train
26759,0,train
15584,1,train
21870,0,train
29577,1,train
7054,1,train
1722,0,train
1689,0,train
17273,0,train
6227,0,train
2343,0,train
15214,0,train
11402,0,train
4715,0,train
8892,1,train
11987,0,train
7176,0,train
11357,0,train
20279,1,train
4245,0,train
15944,0,train
29328,0,train
8226,0,train
18253,1,train
25545,0,train
2927,1,train
15983,0,train
22361,0,train
522,0,train
26664,1,train
3557,0,train
27901,0,train
77,0,train
28288,1,train
2942,0,train
3687,0,train
11422,0,train
27408,0,train
5200,0,train
13772,1,train
21946,0,train
10117,1,train
9026,0,train
25624,0,train
21302,1,train
5749,0,train
29431,0,train
2243,0,train
3351,1,train
7284,1,train
25072,0,train
9814,0,train
6029,0,train
18663,0,train
9663,0,train
4088,0,train
10003,0,train
15694,0,train
24413,1,train
9261,0,train
8052,0,train
4746,0,train
5131,0,train
4800,0,train
11486,0,train
3411,1,train
9464,0,train
17460,0,train
16059,0,train
15289,0,train
29639,1,train
25437,0,train
15329,0,train
18763,0,train
26157,0,train
24875,0,train
6620,0,train
26373,0,train
28832,0,train
19289,0,train
2087,1,train
29080,0,train
15488,1,train
21026,0,train
17341,0,train
19113,0,train
2631,0,train
22185,0,train
8141,0,train
26818,0,train
25253,1,train
3926,0,train
463,0,train
28420,1,train
18837,1,train
16307,0,train
7806,0,train
20540,0,train
12022,1,train
18932,0,train
27434,0,train
25902,0,train
24931,0,train
1233,0,train
10042,0,train
19089,0,train
18369,1,train
13341,1,train
26965,0,train
18942,0,train
14352,1,train
583,0,train
14673,0,train
12296,0,train
23398,0,train
28394,0,train
9980,1,train
9793,0,train
29730,0,train
27161,1,train
13238,0,train
25680,0,train
24154,0,train
8203,0,train
20310,0,train
22608,0,train
17370,0,train
2233,0,train
968,0,train
21393,1,train
6962,0,train
11540,1,train
1281,0,train
3770,0,train
9412,0,train
16187,0,train
19489,0,train
1141,0,train
11498,1,train
7748,0,train
11795,1,train
13036,1,train
28628,0,train
28245,0,train
2429,0,train
17416,1,train
2908,1,train
8307,0,train
4371,0,train
11673,0,train
12233,0,train
11495,0,train
24451,1,train
11814,1,train
18242,1,train
28015,0,train
8222,1,train
24839,0,train
10481,1,train
16548,0,train
1921,1,train
26407,0,train
2904,1,train
10054,1,train
28244,0,train
8459,0,train
6642,0,train
2600,0,train
26665,0,train
15643,0,train
24253,1,train
28239,0,train
14016,0,train
15970,1,train
5035,1,train
26906,0,train
663,0,train
25599,0,train
14663,0,train
16761,0,train
17030,0,train
14031,1,train
2587,1,train
15267,0,train
22395,0,train
13382,0,train
13480,1,train
23747,0,train
8428,0,train
3001,0,train
4751,1,train
10447,1,train
19761,0,train
17374,0,train
18329,0,train
29099,0,train
13285,0,train
17063,0,train
17326,0,train
335,0,train
10087,1,train
28032,0,train
2506,0,train
28427,0,train
25360,0,train
3019,0,train
20891,0,train
9089,0,train
28802,0,train
13907,0,train
6369,0,train
6922,0,train
4807,0,train
24106,0,train
21001,0,train
1578,0,train
14451,0,train
29367,1,train
17555,0,train
23835,0,train
8040,0,train
16237,0,train
6268,0,train
23035,0,train
28598,1,train
13174,0,train
2901,0,train
19247,0,train
27460,0,train
869,0,train
26576,0,train
12754,0,train
28636,1,train
3591,0,train
4045,0,train
24092,0,train
17568,0,train
18559,0,train
9943,0,train
25256,1,train
26493,1,train
21521,0,train
1659,0,train
22409,0,train
12980,0,train
8375,0,train
3373,0,train
26979,0,train
19816,0,train
9067,0,train
19415,0,train
26738,0,train
13193,0,train
19323,0,train
17590,0,train
14872,0,train
21920,1,train
13955,0,train
13227,0,train
23090,0,train
11692,0,train
657,0,train
26305,0,train
20897,0,train
18948,0,train
27061,0,train
3156,0,train
29762,0,train
19061,1,train
4544,0,train
29011,0,train
3079,0,train
3095,1,train
4975,0,train
17462,1,train
25024,0,train
15853,0,train
14964,0,train
11218,1,train
22414,0,train
6648,0,train
7001,0,train
4789,0,train
24827,0,train
29669,1,train
11935,0,train
6210,0,train
3710,1,train
6498,0,train
10283,0,train
15282,0,train
12872,0,train
4197,1,train
12853,0,train
4438,0,train
16750,0,train
18455,1,train
28844,0,train
16492,0,train
28414,0,train
5291,0,train
10271,0,train
13589,0,train
9639,0,train
19638,1,train
13357,0,train
13760,0,train
18409,0,train
18871,0,train
9594,1,train
26150,0,train
5346,0,train
18992,0,train
18898,0,train
18736,0,train
26611,0,train
20000,0,train
6723,0,train
8639,0,train
16359,0,train
20772,0,train
15258,0,train
12769,0,train
13881,1,train
14202,1,train
16503,1,train
26184,0,train
23165,1,train
9475,0,train
15013,0,train
3312,0,train
23803,1,train
25646,1,train
5900,0,train
6709,0,train
6681,0,train
6716,0,train
26717,0,train
22032,0,train
13520,0,train
20827,0,train
18067,1,train
17331,0,train
25465,0,train
20718,0,train
14657,0,train
1259,0,train
12506,0,train
4634,0,train
21060,1,train
19573,1,train
22505,1,train
14719,0,train
14930,0,train
12112,0,train
24894,0,train
18864,0,train
9380,1,train
27691,0,train
11931,0,train
19547,0,train
27102,1,train
15573,0,train
2407,0,train
27030,0,train
21267,1,train
12135,0,train
8691,0,train
24893,0,train
942,0,train
8891,0,train
6089,1,train
13161,0,train
22593,0,train
7311,1,train
13777,1,train
19496,1,train
2727,0,train
12191,0,train
7445,0,train
1091,0,train
18998,0,train
15242,0,train
6553,1,train
6047,0,train
9671,0,train
3664,1,train
19362,0,train
4063,0,train
20522,0,train
4550,0,train
5169,0,train
23381,0,train
20748,0,train
27418,0,train
21965,0,train
13654,0,train
26484,0,train
23553,0,train
7800,0,train
1824,0,train
4937,0,train
22557,0,train
14380,0,train
9837,0,train
22629,0,train
12939,0,train
7495,0,train
4745,0,train
3906,0,train
4355,0,train
24557,1,train
12914,1,train
17929,0,train
11340,0,train
14581,0,train
5499,0,train
10671,1,train
9575,0,train
4989,1,train
27395,0,train
6011,0,train
10078,0,train
21470,0,train
10822,0,train
11534,0,train
3131,0,train
29573,1,train
22655,0,train
11400,0,train
15964,0,train
15580,1,train
16734,1,train
8422,0,train
27963,0,train
11969,1,train
7296,0,train
21296,0,train
21021,0,train
75,0,train
14925,0,train
22526,0,train
5140,0,train
13697,0,train
22202,0,train
26384,0,train
3579,0,train
7565,1,train
7688,0,train
29390,0,train
19838,0,train
15991,0,train
5728,0,train
1139,0,train
8513,0,train
15615,0,train
27641,0,train
19474,0,train
6,0,train
25753,0,train
12027,1,train
7361,0,train
10611,0,train
18268,0,train
14008,1,train
29265,0,train
19611,0,train
6483,0,train
17184,0,train
17754,0,train
12236,1,train
19756,1,train
3359,1,train
25320,0,train
14478,0,train
14811,0,train
4826,0,train
9926,0,train
7600,0,train
10870,1,train
10348,1,train
27877,0,train
192,1,train
16379,0,train
29942,0,train
20257,0,train
20830,0,train
8468,1,train
10606,0,train
18838,0,train
28465,0,train
3076,0,train
17792,0,train
2674,0,train
4938,0,train
20818,0,train
24160,0,train
426,0,train
18347,0,train
3346,1,train
4128,1,train
24981,0,train
20835,0,train
27868,0,train
20407,0,train
8739,0,train
21070,0,train
560,0,train
29441,0,train
9288,1,train
29014,0,train
13211,0,train
8362,1,train
17796,0,train
6515,1,train
17069,0,train
27340,0,train
27185,1,train
19184,1,train
24845,0,train
8693,0,train
27968,0,train
6408,0,train
27685,0,train
17931,0,train
11995,0,train
29052,0,train
25502,0,train
20884,1,train
10278,0,train
3682,1,train
24966,0,train
1616,1,train
22729,0,train
20276,1,train
21270,0,train
11263,0,train
11913,0,train
16507,1,train
15298,0,train
13373,0,train
7846,0,train
23916,0,train
201,0,train
10737,0,train
29169,0,train
5421,0,train
19878,0,train
17687,0,train
12192,1,train
22928,0,train
8727,0,train
24896,0,train
28327,0,train
2477,0,train
12793,0,train
2391,1,train
26061,0,train
3380,0,train
11532,0,train
8268,0,train
4181,0,train
23331,0,train
20220,0,train
28553,1,train
26984,0,train
3645,0,train
18822,1,train
28298,1,train
1687,0,train
7324,0,train
26181,0,train
8139,1,train
24860,0,train
1513,0,train
528,1,train
814,0,train
25749,0,train
14636,0,train
6986,0,train
24964,0,train
7537,1,train
20167,0,train
10198,0,train
22250,1,train
26352,0,train
7872,0,train
27443,0,train
11512,0,train
7555,0,train
25647,0,train
107,0,train
24601,1,train
14076,0,train
29159,0,train
3098,0,train
14819,0,train
19165,0,train
13274,0,train
19327,0,train
321,1,train
12668,1,train
9796,1,train
24635,0,train
3958,0,train
16485,1,train
20853,1,train
1591,0,train
17664,0,train
16749,0,train
16909,1,train
5053,0,train
15435,0,train
5687,0,train
1082,0,train
26670,0,train
18155,0,train
18469,0,train
29503,0,train
20846,0,train
19560,0,train
16089,1,train
8887,1,train
1510,1,train
11089,0,train
23315,0,train
7070,0,train
20985,0,train
17813,1,train
9538,1,train
8650,1,train
23473,0,train
13303,0,train
7188,0,train
1179,0,train
24314,0,train
11109,0,train
7194,1,train
23531,0,train
6341,0,train
15562,0,train
27405,0,train
26060,0,train
121,1,train
4838,0,train
9874,0,train
12401,0,train
18638,0,train
3813,0,train
15963,0,train
1309,0,train
5097,1,train
12710,0,train
20500,0,train
22952,0,train
27065,0,train
22856,1,train
6794,0,train
26764,0,train
1180,0,train
7649,0,train
26410,0,train
23645,0,train
10569,0,train
23729,0,train
21943,1,train
29543,0,train
16561,0,train
4084,0,train
18225,0,train
7307,0,train
3734,0,train
1682,0,train
27592,0,train
424,1,train
5510,0,train
27579,0,train
15016,0,train
18460,0,train
7593,0,train
2257,1,train
26458,0,train
12505,0,train
22951,1,train
936,0,train
28183,1,train
25401,1,train
11096,1,train
25382,1,train
10515,0,train
13275,1,train
25053,0,train
11620,0,train
29121,0,train
2352,0,train
8658,1,train
21438,1,train
7133,1,train
16231,0,train
22912,0,train
26995,0,train
9966,0,train
22587,0,train
18107,0,train
8605,0,train
4538,0,train
22169,1,train
29361,1,train
11229,0,train
11358,0,train
7925,0,train
11196,0,train
1604,0,train
6614,0,train
16960,1,train
18186,1,train
26073,0,train
15139,1,train
22504,1,train
6282,1,train
28367,1,train
12340,0,train
26327,1,train
10248,1,train
21180,0,train
10166,0,train
4689,1,train
16374,0,train
5578,0,train
7290,0,train
21720,0,train
14522,1,train
751,0,train
16818,0,train
16000,0,train
27726,0,train
12692,0,train
20568,0,train
21671,0,train
19446,0,train
18578,0,train
9842,1,train
910,0,train
22083,0,train
1076,0,train
80,1,train
28291,0,train
8782,1,train
19100,0,train
15137,0,train
13538,0,train
24515,0,train
18237,0,train
20461,0,train
24787,0,train
26980,0,train
3662,0,train
26588,1,train
19077,0,train
17022,0,train
17516,0,train
11228,0,train
4097,0,train
18220,1,train
28233,0,train
4836,0,train
25317,1,train
28053,1,train
16601,0,train
7365,1,train
26594,0,train
11288,0,train
8515,0,train
13586,0,train
23919,1,train
5285,1,train
15683,0,train
26176,0,train
14529,0,train
11462,1,train
9936,0,train
24258,1,train
29536,0,train
25701,0,train
9736,0,train
18824,1,train
9580,0,train
6272,1,train
13280,1,train
20340,1,train
10836,0,train
15689,1,train
21646,0,train
4062,0,train
26174,1,train
20321,0,train
15721,0,train
18039,0,train
24950,0,train
21879,0,train
5321,0,train
22266,0,train
22490,0,train
23108,0,train
1453,0,train
27781,0,train
7961,0,train
11124,0,train
16889,0,train
17841,1,train
5901,1,train
20333,0,train
6336,0,train
28932,0,train
9990,0,train
11784,0,train
13092,0,train
28663,1,train
29710,1,train
7522,0,train
889,0,train
14726,0,train
23477,0,train
20114,1,train
21291,0,train
1009,0,train
12953,0,train
18804,0,train
6039,0,train
3318,0,train
4869,1,train
22950,0,train
25582,0,train
9570,0,train
14305,0,train
22128,0,train
17363,0,train
23370,0,train
27119,0,train
27301,0,train
1538,0,train
6188,0,train
17245,1,train
19455,0,train
12162,0,train
12413,0,train
26106,0,train
28374,0,train
6173,0,train
11147,0,train
12331,0,train
26770,0,train
1964,0,train
4303,0,train
6914,0,train
16659,0,train
11064,1,train
17126,0,train
3140,0,train
18359,1,train
19909,1,train
12604,1,train
12312,0,train
15199,0,train
17606,0,train
18393,1,train
207,0,train
801,0,train
7591,0,train
1993,0,train
13389,0,train
2774,0,train
5827,1,train
20545,0,train
2907,0,train
6480,0,train
7169,1,train
21217,1,train
23189,0,train
27954,0,train
16203,0,train
11974,0,train
383,0,train
7988,1,train
14377,0,train
16727,0,train
17387,1,train
26879,0,train
10341,0,train
29154,0,train
7863,0,train
17445,0,train
22515,0,train
24692,0,train
22766,1,train
7215,0,train
29731,0,train
1362,0,train
23596,0,train
6263,0,train
27770,0,train
13487,0,train
22790,1,train
24555,0,train
8927,0,train
26007,1,train
6342,0,train
16572,0,train
29389,0,train
6789,0,train
7853,1,train
1350,1,train
13663,0,train
1073,0,train
9584,1,train
11659,1,train
29004,0,train
1006,0,train
2448,1,train
15227,1,train
1255,0,train
2962,0,train
10878,0,train
1727,0,train
17216,0,train
26263,0,train
21145,1,train
11793,0,train
9765,1,train
2161,0,train
10337,0,train
16838,0,train
16438,0,train
6829,1,train
7954,0,train
6762,0,train
20626,0,train
26821,0,train
17832,1,train
13837,0,train
21478,0,train
6550,0,train
5562,1,train
4120,0,train
10968,0,train
8286,0,train
23091,1,train
20216,0,train
19352,1,train
11949,0,train
16381,1,train
9957,0,train
20226,0,train
6507,0,train
11726,1,train
11516,0,train
24892,0,train
18044,0,train
26693,1,train
21688,0,train
12130,0,train
14947,0,train
4688,0,train
15027,0,train
5249,1,train
22762,0,train
28330,0,train
651,0,train
9037,0,train
7159,0,train
16477,0,train
9456,0,train
7373,0,train
2313,0,train
11208,0,train
24110,1,train
24305,0,train
27537,1,train
6768,1,train
21423,0,train
13987,0,train
21539,0,train
12062,0,train
2219,1,train
26682,0,train
7047,0,train
21806,0,train
23242,0,train
9439,0,train
20123,0,train
29644,1,train
26952,0,train
16742,0,train
8604,0,train
25239,0,train
23142,1,train
9231,0,train
15747,0,train
26291,0,train
26521,1,train
3852,1,train
11485,1,train
24464,0,train
24559,1,train
17498,0,train
18495,0,train
17891,0,train
15182,0,train
26609,0,train
3030,0,train
13466,0,train
9862,0,train
29003,1,train
184,1,train
29167,0,train
918,1,train
17108,0,train
21591,0,train
16130,0,train
27486,1,train
19206,0,train
26226,0,train
21231,0,train
19185,0,train
24273,0,train
22222,0,train
24226,0,train
13703,0,train
14208,0,train
24286,0,train
7682,1,train
15753,0,train
25605,1,train
29790,0,train
13566,0,train
2036,0,train
13827,0,train
18926,0,train
14796,0,train
9254,0,train
15503,0,train
18230,1,train
29871,1,train
20715,0,train
19690,0,train
14798,0,train
16071,0,train
27157,1,train
29664,0,train
8675,0,train
23401,0,train
16760,0,train
18850,0,train
20647,0,train
21947,0,train
9355,0,train
14637,0,train
21103,1,train
7577,1,train
14251,0,train
7811,1,train
25651,0,train
17632,0,train
26459,0,train
23313,0,train
29051,0,train
9509,0,train
25127,0,train
12596,0,train
15742,0,train
2816,0,train
4516,0,train
23288,1,train
13767,0,train
8838,0,train
5084,0,train
27055,0,train
3607,0,train
23936,0,train
7082,1,train
9618,0,train
25424,0,train
6101,0,train
26383,0,train
217,1,train
9248,1,train
17127,0,train
23932,0,train
8689,0,train
17206,0,train
23308,1,train
12323,1,train
13942,1,train
7155,1,train
16758,0,train
8896,0,train
14839,0,train
21656,0,train
15388,0,train
14910,0,train
25895,0,train
12003,1,train
22259,0,train
25952,0,train
15634,0,train
21398,0,train
19172,0,train
11701,0,train
27851,0,train
9190,1,train
6988,0,train
6615,0,train
597,0,train
13994,0,train
17139,1,train
16117,1,train
15513,1,train
28922,0,train
6811,0,train
25021,0,train
17194,1,train
7826,0,train
29187,0,train
25352,1,train
25180,0,train
598,0,train
2933,0,train
10741,1,train
24145,0,train
20422,0,train
12890,0,train
19644,0,train
2431,1,train
162,0,train
7693,0,train
124,1,train
4180,0,train
18337,1,train
17859,0,train
1372,0,train
17690,0,train
17267,0,train
7592,1,train
21961,1,train
19290,0,train
9823,0,train
27838,1,train
13598,1,train
27264,1,train
12484,0,train
23981,0,train
25097,1,train
25149,0,train
8949,1,train
14812,0,train
26411,0,train
3776,0,train
5866,0,train
2488,1,train
18457,0,train
17649,0,train
21117,0,train
29373,0,train
15699,0,train
28454,1,train
12264,0,train
24804,0,train
20505,1,train
13714,1,train
22975,0,train
7819,0,train
19859,0,train
25840,1,train
6740,0,train
23199,0,train
17264,0,train
1577,0,train
13003,0,train
21383,0,train
13783,1,train
25971,0,train
5442,0,train
21798,0,train
6013,1,train
10177,0,train
17942,0,train
3269,0,train
16763,1,train
2542,1,train
29821,0,train
24878,0,train
8977,0,train
1026,0,train
8578,0,train
17786,0,train
9224,0,train
29018,1,train
28343,0,train
9743,0,train
16316,0,train
4683,0,train
25362,0,train
28224,0,train
5172,1,train
12615,0,train
26312,0,train
1268,0,train
14797,1,train
19996,0,train
2597,0,train
7634,1,train
849,1,train
15260,0,train
14234,0,train
6031,0,train
4246,0,train
5018,0,train
5537,0,train
8255,0,train
18750,0,train
26740,1,train
9074,0,train
12628,1,train
1071,0,train
7568,0,train
15290,1,train
20214,0,train
29724,1,train
18959,0,train
14006,0,train
8354,0,train
9086,0,train
1864,0,train
4268,0,train
11190,0,train
15775,1,train
16152,0,train
26953,0,train
21860,0,train
2085,0,train
11767,0,train
7791,0,train
1873,0,train
13347,1,train
17159,0,train
15293,0,train
7505,1,train
10368,1,train
4282,0,train
11376,0,train
1388,0,train
6036,1,train
5658,0,train
12423,0,train
20224,0,train
22363,0,train
12021,0,train
10488,1,train
4204,0,train
878,0,train
5516,1,train
25517,0,train
18024,0,train
17149,0,train
2894,0,train
28514,0,train
1858,0,train
8671,0,train
22397,0,train
28490,0,train
12266,0,train
29884,0,train
19678,0,train
6702,0,train
7056,1,train
26814,1,train
7203,0,train
5854,1,train
2068,0,train
8801,1,train
2425,0,train
21471,1,train
22830,0,train
20392,0,train
4405,1,train
1301,0,train
2400,0,train
16716,0,train
6998,0,train
28255,0,train
14824,0,train
5880,0,train
23314,0,train
2124,0,train
533,1,train
29002,1,train
3549,1,train
15339,0,train
17010,0,train
28238,0,train
13463,0,train
25219,0,train
7207,0,train
23404,0,train
12912,0,train
16621,0,train
9436,0,train
14764,1,train
28962,0,train
13024,0,train
7115,0,train
9790,0,train
2740,0,train
19877,0,train
27905,0,train
7772,0,train
18936,0,train
19544,0,train
14372,0,train
12869,0,train
7214,0,train
4237,0,train
16703,0,train
22120,1,train
19282,0,train
4080,0,train
21196,1,train
21855,0,train
4044,1,train
153,0,train
6429,1,train
12509,1,train
26808,0,train
25839,1,train
5419,0,train
1450,1,train
324,1,train
13270,0,train
685,0,train
1379,0,train
9118,0,train
19155,0,train
11950,0,train
20032,0,train
17733,1,train
9198,1,train
17306,0,train
5740,0,train
10799,0,train
26082,0,train
11417,0,train
12115,0,train
28168,0,train
4100,0,train
6476,1,train
19338,1,train
27872,0,train
23572,0,train
2866,0,train
13770,0,train
13005,0,train
4383,1,train
23591,0,train
24632,0,train
27393,0,train
5454,0,train
2381,0,train
12355,0,train
26307,0,train
4445,0,train
3068,1,train
13452,0,train
11589,0,train
7200,0,train
15128,0,train
9972,0,train
6972,0,train
22597,0,train
27287,0,train
6191,0,train
1361,0,train
12937,0,train
14144,1,train
19997,1,train
11661,1,train
11584,0,train
16510,1,train
9661,1,train
955,0,train
10108,1,train
7174,0,train
6664,0,train
17001,0,train
832,0,train
12313,0,train
25051,1,train
5082,0,train
890,0,train
9934,1,train
13397,0,train
20964,0,train
26843,0,train
17023,0,train
9419,0,train
11916,0,train
16534,0,train
8106,1,train
9622,0,train
7512,0,train
15164,0,train
6136,0,train
14433,0,train
12729,0,train
7847,1,train
22471,1,train
25803,0,train
10953,0,train
16684,1,train
24108,0,train
5583,0,train
29841,1,train
18170,1,train
15773,1,train
28477,1,train
21901,1,train
8581,0,train
29304,0,train
17829,0,train
4472,0,train
14722,0,train
1476,0,train
5403,0,train
21187,0,train
16340,1,train
2001,1,train
15550,0,train
4123,0,train
20757,1,train
26167,0,train
28674,0,train
24669,1,train
1888,0,train
3847,0,train
22405,0,train
24442,0,train
14934,0,train
16323,1,train
8041,1,train
6261,0,train
12335,0,train
24648,0,train
12895,1,train
23820,0,train
11181,0,train
4159,0,train
12404,1,train
19866,0,train
25542,0,train
27775,0,train
21733,1,train
22514,0,train
26944,1,train
8698,0,train
26735,0,train
13188,0,train
14291,0,train
20628,0,train
17718,0,train
21095,0,train
11042,0,train
12555,0,train
18646,0,train
17854,0,train
29504,1,train
17360,0,train
20002,0,train
3037,0,train
4166,1,train
27167,0,train
20052,0,train
26028,1,train
36,0,train
17441,1,train
25078,0,train
26989,0,train
20457,0,train
16243,0,train
27009,0,train
19345,1,train
2599,0,train
14351,0,train
18310,0,train
17357,0,train
23494,0,train
24367,0,train
4479,0,train
20033,0,train
12883,0,train
8714,1,train
14822,0,train
17390,0,train
6839,1,train
7874,0,train
28105,0,train
13133,0,train
3376,0,train
24125,0,train
23163,0,train
10334,0,train
3201,1,train
27811,0,train
4275,0,train
11325,1,train
16204,0,train
6464,0,train
18286,0,train
24959,0,train
14434,0,train
10784,0,train
10947,0,train
9369,1,train
5955,0,train
15210,0,train
644,0,train
16011,0,train
16540,0,train
14035,1,train
8750,0,train
13581,0,train
8238,0,train
9785,0,train
29457,0,train
29594,0,train
7542,1,train
22702,0,train
2521,0,train
3296,1,train
23544,0,train
702,0,train
4114,0,train
22859,1,train
14226,1,train
12371,0,train
16428,0,train
10660,1,train
20421,0,train
23732,1,train
10057,0,train
22953,0,train
3190,0,train
22643,0,train
16952,0,train
902,0,train
2242,1,train
281,0,train
27636,1,train
17076,0,train
26069,0,train
15673,1,train
27191,0,train
19379,0,train
821,0,train
13829,0,train
26153,0,train
6371,0,train
25272,0,train
8676,0,train
8061,0,train
17060,1,train
29282,1,train
22456,0,train
2938,0,train
20961,0,train
8015,0,train
3881,0,train
16912,0,train
7497,0,train
27881,0,train
363,0,train
27267,0,train
28701,1,train
17987,0,train
29030,0,train
19777,0,train
9124,1,train
19881,1,train
2220,1,train
6061,0,train
28975,1,train
29746,0,train
5675,1,train
6827,0,train
2008,0,train
13854,0,train
2876,0,train
19007,0,train
8210,0,train
17364,1,train
17271,0,train
15366,1,train
21590,0,train
17244,0,train
13905,1,train
26751,0,train
28547,1,train
25217,0,train
27266,0,train
844,1,train
22715,0,train
16017,0,train
14762,0,train
27051,0,train
29360,0,train
18990,0,train
14294,1,train
5703,0,train
13874,0,train
24468,0,train
12949,1,train
18195,0,train
17648,1,train
9887,0,train
5497,0,train
8512,0,train
11531,0,train
19370,0,train
19692,0,train
18627,0,train
16458,0,train
28023,0,train
19813,0,train
8611,0,train
22175,0,train
25116,0,train
24624,0,train
10091,0,train
19640,0,train
22714,0,train
21697,0,train
18104,0,train
3232,0,train
5427,1,train
25414,1,train
9270,0,train
17868,0,train
25371,0,train
13885,1,train
5114,1,train
2234,0,train
2708,0,train
1248,0,train
20725,1,train
23926,0,train
21871,0,train
22424,1,train
19599,0,train
11519,0,train
18401,0,train
8209,1,train
27212,1,train
21299,0,train
1239,1,train
13841,1,train
14308,0,train
23386,1,train
6065,0,train
1158,0,train
7547,0,train
13564,1,train
2022,0,train
2613,0,train
13109,0,train
24921,0,train
25703,0,train
9976,0,train
25509,0,train
1474,0,train
13413,1,train
15693,0,train
27285,1,train
18846,1,train
16739,1,train
20675,0,train
5603,0,train
8130,0,train
28256,0,train
3723,0,train
12654,0,train
3553,0,train
23300,0,train
1597,0,train
21596,0,train
10517,0,train
23169,0,train
16047,1,train
21607,0,train
908,0,train
11691,0,train
2193,0,train
26309,0,train
23377,0,train
13509,0,train
12514,0,train
21303,0,train
16785,1,train
4607,1,train
12656,1,train
9548,0,train
5919,0,train
27168,1,train
427,1,train
25742,1,train
2492,1,train
13233,1,train
13695,0,train
15767,0,train
9903,1,train
8900,0,train
5829,0,train
18682,1,train
14503,0,train
28461,1,train
17103,0,train
9672,0,train
6148,0,train
8767,0,train
10511,1,train
29579,0,train
13485,0,train
3302,0,train
28877,0,train
16768,1,train
18603,0,train
21156,0,train
178,0,train
457,0,train
5019,0,train
6274,0,train
13006,0,train
9782,1,train
20397,0,train
21717,0,train
1188,0,train
3446,0,train
28672,0,train
13190,0,train
11804,0,train
25463,0,train
12360,0,train
29236,0,train
24592,0,train
17477,0,train
11293,1,train
15698,0,train
26918,0,train
8192,0,train
2573,0,train
7679,0,train
8586,0,train
21336,0,train
14332,0,train
14545,1,train
9596,0,train
26442,1,train
28004,0,train
21801,1,train
10045,0,train
27436,0,train
5625,0,train
11742,0,train
3239,0,train
17426,0,train
1639,1,train
15867,0,train
11277,1,train
28380,0,train
13727,0,train
22257,1,train
16106,1,train
1619,0,train
7929,1,train
9,0,train
25909,0,train
26397,0,train
3171,1,train
13604,1,train
21502,0,train
791,0,train
9091,0,train
19039,0,train
9299,0,train
25152,0,train
4963,0,train
27116,0,train
7834,0,train
24,1,train
4485,0,train
12180,0,train
2181,0,train
27750,0,train
4359,1,train
10496,1,train
20331,0,train
24078,0,train
23336,0,train
11547,0,train
1886,0,train
3003,1,train
24403,0,train
27134,0,train
14573,1,train
7473,0,train
10237,0,train
317,0,train
19771,1,train
15855,0,train
28666,1,train
11737,1,train
26209,0,train
275,1,train
270,1,train
11132,1,train
28091,0,train
21657,0,train
4527,1,train
6399,0,train
23695,0,train
24546,0,train
28016,1,train
1294,1,train
27668,0,train
11265,0,train
11126,0,train
27911,0,train
22595,0,train
20235,0,train
16920,0,train
21841,0,train
18817,0,train
29418,0,train
11236,0,train
24067,0,train
2164,0,train
12462,0,train
5968,0,train
16076,1,train
15191,0,train
28924,0,train
26628,1,train
22464,0,train
12794,0,train
18546,0,train
16499,0,train
10704,0,train
16826,1,train
24019,0,train
11399,1,train
21514,0,train
6713,0,train
14240,0,train
12677,1,train
10220,0,train
28927,1,train
20072,0,train
22371,0,train
15193,0,train
22877,0,train
17728,0,train
15303,1,train
3729,1,train
15171,0,train
11942,0,train
13959,0,train
16851,0,train
21869,0,train
12459,0,train
7550,0,train
26295,1,train
2858,0,train
16550,0,train
1346,0,train
3888,0,train
19057,0,train
27859,1,train
22413,0,train
1608,1,train
26470,0,train
2374,0,train
6608,0,train
6898,1,train
18937,0,train
28151,1,train
23900,1,train
26745,0,train
21666,0,train
3649,0,train
19201,1,train
9821,0,train
3276,1,train
18200,0,train
4240,1,train
24304,1,train
24486,0,train
14523,0,train
7185,0,train
7488,0,train
27718,0,train
7128,0,train
20616,0,train
19824,0,train
20911,0,train
19899,1,train
14134,0,train
15720,0,train
8,0,train
7371,1,train
3087,0,train
16692,0,train
24290,0,train
21772,0,train
22827,0,train
11388,1,train
5643,0,train
28324,1,train
4889,0,train
9180,0,train
10163,0,train
2456,0,train
23894,0,train
25497,0,train
22876,0,train
28496,0,train
5126,1,train
14883,0,train
14919,1,train
29424,0,train
21390,0,train
26685,0,train
1505,0,train
21050,1,train
15396,0,train
29765,0,train
13212,0,train
19819,1,train
4127,0,train
12761,0,train
2401,0,train
9540,0,train
5727,1,train
20358,1,train
15071,0,train
22625,0,train
25830,0,train
24193,1,train
21236,1,train
12141,0,train
29574,0,train
12131,0,train
20410,0,train
1485,0,train
21906,0,train
18874,0,train
19957,0,train
3543,0,train
21242,1,train
22752,0,train
5870,0,train
22961,0,train
16404,0,train
21670,0,train
5407,0,train
11821,0,train
11841,0,train
29078,0,train
28131,0,train
11469,0,train
18738,1,train
22231,0,train
28178,0,train
8884,1,train
12842,0,train
13157,0,train
14406,0,train
15378,0,train
18902,0,train
28850,0,train
9917,0,train
17679,0,train
29047,0,train
27556,0,train
27935,0,train
19902,0,train
25303,0,train
25884,0,train
8299,1,train
13160,1,train
3949,0,train
27532,0,train
23115,0,train
28524,0,train
9357,1,train
18248,0,train
7579,0,train
19312,0,train
20168,0,train
28217,0,train
3512,0,train
4837,0,train
25168,0,train
3073,0,train
11904,0,train
2648,1,train
6585,0,train
5949,0,train
6161,1,train
13515,0,train
5963,0,train
15940,1,train
2012,0,train
12019,1,train
1609,0,train
25009,0,train
998,1,train
20521,1,train
18714,0,train
27611,0,train
20775,1,train
18858,0,train
10210,0,train
16373,0,train
21098,0,train
18847,0,train
17024,1,train
14723,1,train
965,0,train
27485,1,train
21673,1,train
22724,0,train
7544,0,train
24841,0,train
5236,1,train
8320,1,train
29647,0,train
10433,1,train
27840,1,train
1561,0,train
1264,1,train
11028,0,train
11847,0,train
16845,1,train
28319,0,train
13552,0,train
8390,0,train
6321,1,train
7055,0,train
18671,1,train
18366,0,train
8946,0,train
3389,0,train
14066,0,train
1186,0,train
6704,0,train
15428,1,train
9236,0,train
20233,1,train
5636,0,train
13381,1,train
4452,1,train
12438,0,train
23387,0,train
8566,0,train
24908,1,train
29098,0,train
6982,1,train
15031,1,train
8337,0,train
22839,0,train
6302,0,train
28308,1,train
5876,1,train
11133,0,train
26540,0,train
17519,0,train
13152,1,train
22909,0,train
29553,0,train
25093,0,train
23616,1,train
24084,0,train
26304,0,train
27854,1,train
7530,0,train
10487,0,train
2180,0,train
594,0,train
3773,0,train
11565,0,train
26781,0,train
11125,0,train
13502,0,train
2528,0,train
8457,0,train
25528,0,train
21724,1,train
25913,0,train
16350,1,train
5820,1,train
9022,0,train
20967,0,train
24293,0,train
26815,0,train
20737,0,train
378,0,train
19125,0,train
26450,0,train
2688,0,train
5613,0,train
12431,1,train
2700,0,train
14415,1,train
20473,1,train
14914,1,train
14245,1,train
5819,0,train
26098,0,train
407,0,train
20578,0,train
1235,0,train
19833,0,train
21793,0,train
29349,0,train
8858,1,train
7109,0,train
29599,1,train
4377,0,train
27493,0,train
13781,1,train
17166,0,train
3020,1,train
26895,0,train
4559,1,train
375,0,train
19869,0,train
7886,1,train
16745,1,train
9083,0,train
24041,0,train
17379,0,train
27924,0,train
14763,0,train
20339,0,train
9648,0,train
8519,0,train
21983,0,train
11881,0,train
273,1,train
19808,0,train
29830,0,train
16677,0,train
12569,1,train
22662,0,train
17243,0,train
16735,0,train
2744,0,train
22403,0,train
3941,0,train
8261,0,train
20816,0,train
15676,1,train
27413,0,train
12288,0,train
19246,0,train
5462,0,train
2378,1,train
19005,0,train
17138,1,train
1114,0,train
2420,0,train
29770,0,train
22254,1,train
20251,0,train
25214,0,train
25907,0,train
6915,1,train
19509,0,train
5177,0,train
25466,0,train
4702,0,train
17403,1,train
12943,0,train
14896,0,train
24975,0,train
7864,0,train
16276,0,train
2096,0,train
16396,0,train
892,0,train
21888,0,train
23213,0,train
1237,1,train
11344,1,train
2764,0,train
22352,0,train
24838,0,train
5893,1,train
19173,0,train
1825,0,train
19645,0,train
16430,0,train
8744,0,train
14189,0,train
23311,1,train
23076,0,train
7776,0,train
8160,0,train
2686,0,train
26200,0,train
17848,0,train
14921,1,train
13321,0,train
20615,1,train
25720,0,train
13526,0,train
17775,1,train
17046,1,train
16324,0,train
25479,0,train
22571,1,train
28293,0,train
14959,0,train
26457,1,train
17676,0,train
23341,0,train
14561,1,train
25364,0,train
18511,0,train
18161,0,train
17876,0,train
15412,0,train
19524,0,train
16162,0,train
23657,0,train
16184,1,train
29551,0,train
11140,0,train
25228,0,train
12151,0,train
17449,1,train
20435,0,train
29864,0,train
8809,1,train
1503,0,train
25277,0,train
9873,0,train
16570,0,train
28210,0,train
9624,0,train
3963,1,train
22781,0,train
3230,0,train
5783,0,train
2324,0,train
16134,1,train
1779,0,train
22509,0,train
9009,0,train
2447,0,train
11440,0,train
5685,0,train
17260,0,train
7428,1,train
8400,0,train
12089,0,train
3365,1,train
5216,0,train
27492,0,train
26120,1,train
17928,0,train
13612,0,train
28410,0,train
6025,0,train
5379,0,train
17707,0,train
15571,0,train
2731,0,train
3200,1,train
8011,0,train
24511,0,train
15040,0,train
22194,0,train
7523,0,train
10698,0,train
17930,0,train
2412,0,train
22298,0,train
9176,0,train
24556,0,train
12002,0,train
12639,1,train
28647,1,train
28743,0,train
19778,0,train
15305,0,train
20702,0,train
16894,0,train
5486,1,train
2128,0,train
3793,0,train
9721,0,train
27135,0,train
14265,0,train
3996,0,train
7648,0,train
17021,1,train
13773,1,train
8347,0,train
8465,0,train
11364,0,train
5873,0,train
20857,0,train
24072,0,train
16669,0,train
7621,0,train
15512,0,train
20029,1,train
9763,1,train
10635,0,train
4320,0,train
13208,0,train
28808,0,train
29113,0,train
24063,0,train
7059,0,train
4407,0,train
16802,1,train
608,0,train
15885,0,train
17107,1,train
7815,0,train
1935,1,train
5336,1,train
25144,1,train
7545,0,train
5529,0,train
11807,0,train
18543,0,train
26241,0,train
649,1,train
13322,0,train
331,1,train
187,0,train
13616,0,train
29795,0,train
19679,0,train
29747,1,train
25650,0,train
5945,0,train
13692,0,train
26102,0,train
23044,1,train
14774,0,train
4081,0,train
5878,0,train
15089,0,train
8145,0,train
7032,0,train
440,1,train
15891,1,train
9941,1,train
7448,1,train
27179,1,train
18050,0,train
16227,1,train
5588,1,train
22978,0,train
10206,0,train
28905,0,train
26121,0,train
9425,1,train
1129,0,train
19380,0,train
25452,0,train
7245,1,train
13527,1,train
18315,0,train
18011,1,train
17020,1,train
9333,0,train
1621,0,train
8602,0,train
10077,0,train
12742,0,train
923,0,train
13408,0,train
11492,0,train
16255,1,train
28506,0,train
28157,0,train
27373,1,train
19772,0,train
1958,0,train
7400,1,train
29205,0,train
22534,0,train
492,0,train
25794,0,train
15870,0,train
24606,0,train
8590,0,train
8418,0,train
10344,0,train
25194,1,train
4664,0,train
4183,0,train
12919,1,train
22945,0,train
22171,0,train
23513,0,train
6208,0,train
13358,0,train
24587,0,train
25965,1,train
5007,0,train
10810,0,train
13665,0,train
26085,0,train
29426,0,train
18117,1,train
26801,0,train
28778,0,train
23702,0,train
9406,0,train
15995,0,train
9145,0,train
27587,0,train
19432,0,train
24130,0,train
4032,0,train
28587,0,train
18700,0,train
25671,0,train
9313,0,train
8863,0,train
24457,0,train
20302,0,train
7752,0,train
782,0,train
11802,0,train
21421,1,train
18963,0,train
2944,0,train
27712,0,train
2116,0,train
24059,0,train
21358,0,train
23447,1,train
14421,0,train
23545,0,train
3363,0,train
6510,1,train
20317,0,train
29952,0,train
5795,0,train
14700,0,train
13568,0,train
11459,0,train
8487,0,train
12995,0,train
8534,0,train
3738,0,train
3130,0,train
26902,0,train
14224,0,train
29302,0,train
18467,0,train
762,0,train
25023,1,train
25718,0,train
12510,0,train
1793,0,train
6096,0,train
1111,0,train
5343,0,train
27800,1,train
300,1,train
22331,0,train
3953,0,train
19128,0,train
19598,0,train
7563,0,train
10736,0,train
6654,1,train
8630,0,train
4583,0,train
27391,0,train
14800,0,train
19817,0,train
28562,0,train
8105,1,train
26602,0,train
22664,0,train
2202,0,train
2684,0,train
20207,1,train
26031,0,train
27314,0,train
5371,0,train
2325,1,train
27829,0,train
24862,1,train
5296,0,train
9054,0,train
21496,0,train
19709,0,train
8987,0,train
22869,0,train
28610,0,train
18235,0,train
25934,1,train
16954,0,train
10361,1,train
19911,0,train
5579,0,train
22778,0,train
9752,0,train
26500,0,train
17110,1,train
10201,0,train
19616,0,train
2524,0,train
5002,1,train
7660,0,train
23484,0,train
5892,0,train
4756,0,train
27128,0,train
15805,0,train
28086,0,train
14235,0,train
17266,1,train
19122,0,train
12145,0,train
12651,0,train
19016,0,train
3992,0,train
11679,0,train
22040,0,train
18818,0,train
3728,0,train
10081,0,train
25363,0,train
23196,0,train
23410,0,train
5619,0,train
10840,0,train
5273,0,train
16446,0,train
23940,1,train
27337,1,train
5648,1,train
1368,1,train
23554,0,train
25785,0,train
24877,1,train
1828,0,train
1504,0,train
16142,0,train
1515,0,train
14826,1,train
14869,0,train
7927,0,train
18154,0,train
22750,0,train
27245,0,train
8300,0,train
25927,0,train
6228,0,train
173,0,train
15342,0,train
16333,0,train
29069,0,train
23281,0,train
10449,0,train
4766,0,train
19791,0,train
6985,1,train
19823,0,train
7978,1,train
758,1,train
22842,0,train
1669,0,train
1391,1,train
17592,0,train
8285,0,train
22037,0,train
27734,0,train
3121,0,train
12728,0,train
20584,0,train
3438,0,train
6335,1,train
15567,1,train
14833,1,train
28588,0,train
24729,0,train
29455,1,train
28860,0,train
16811,0,train
9549,0,train
25872,0,train
21106,1,train
10618,0,train
16583,1,train
18605,0,train
8771,0,train
15200,0,train
12613,0,train
12477,0,train
22874,0,train
1783,0,train
13982,0,train
13562,1,train
10738,0,train
20088,0,train
25656,0,train
8521,1,train
11289,0,train
29316,0,train
18202,0,train
3445,0,train
2415,1,train
10182,0,train
29493,0,train
12073,1,train
15906,0,train
12796,0,train
12491,1,train
14143,0,train
28031,1,train
20573,1,train
15679,0,train
16343,0,train
17502,0,train
10897,0,train
14480,0,train
25869,0,train
18706,1,train
7164,0,train
15429,0,train
25729,0,train
23013,0,train
2803,1,train
859,0,train
10594,0,train
7067,0,train
2845,0,train
3029,0,train
19260,0,train
28552,0,train
16781,1,train
14889,0,train
11270,0,train
26842,0,train
17582,1,train
10436,0,train
9232,0,train
18872,0,train
12385,1,train
19176,0,train
16417,0,train
27147,0,train
14253,0,train
28948,0,train
28176,1,train
25877,1,train
15652,0,train
26238,0,train
26394,0,train
21990,0,train
1658,0,train
4162,1,train
20111,1,train
27209,0,train
23999,0,train
1176,1,train
10805,0,train
1745,0,train
16314,0,train
26875,0,train
24714,0,train
25679,1,train
18836,0,train
4395,0,train
23551,1,train
20428,1,train
18180,0,train
7103,0,train
8482,0,train
19303,0,train
4224,0,train
6904,1,train
9075,0,train
28480,0,train
122,1,train
12902,1,train
25604,0,train
21876,0,train
6999,0,train
22735,0,train
17626,0,train
4152,0,train
8042,1,train
3255,0,train
21648,1,train
11599,0,train
21516,0,train
11203,0,train
18210,0,train
27025,0,train
11037,1,train
16298,1,train
15249,0,train
5545,0,train
24500,0,train
15364,0,train
1648,0,train
10027,0,train
620,0,train
25849,0,train
25954,0,train
24937,0,train
27554,1,train
20771,1,train
6202,1,train
24004,0,train
8304,0,train
14899,0,train
16416,0,train
13228,0,train
1324,0,train
16685,0,train
7792,0,train
26522,0,train
6672,0,train
15581,1,train
4177,0,train
16164,0,train
17955,0,train
18970,0,train
22760,1,train
19403,0,train
18137,0,train
23402,1,train
11329,0,train
27594,0,train
20472,0,train
6861,0,train
8870,1,train
10464,0,train
920,0,train
14300,0,train
14030,0,train
2304,1,train
4238,0,train
16073,0,train
7234,0,train
2795,1,train
3983,0,train
15925,1,train
29701,1,train
28474,0,train
2025,0,train
23528,0,train
16394,0,train
14939,0,train
15437,0,train
10761,0,train
19051,1,train
21746,0,train
10306,0,train
4458,0,train
14667,0,train
12941,0,train
8638,0,train
11193,0,train
8212,0,train
26208,0,train
4744,0,train
3282,0,train
962,0,train
10634,0,train
28434,1,train
27227,0,train
17654,1,train
21986,1,train
9260,0,train
1938,1,train
16794,0,train
8262,0,train
18461,0,train
16881,0,train
11481,0,train
24392,0,train
10926,0,train
23884,0,train
24802,0,train
16334,1,train
6226,0,train
26094,0,train
3809,0,train
20874,0,train
1267,0,train
11021,0,train
16755,0,train
24333,1,train
25269,0,train
10358,0,train
15363,0,train
2975,0,train
2421,0,train
28048,0,train
7611,0,train
7703,0,train
20436,0,train
6526,0,train
3566,1,train
3233,0,train
12403,1,train
10901,0,train
8242,1,train
14597,0,train
16216,0,train
22309,0,train
10041,0,train
5835,0,train
11982,1,train
2780,0,train
26227,0,train
20441,1,train
3763,0,train
9715,0,train
18549,0,train
20068,0,train
28045,0,train
16922,0,train
6134,0,train
6773,0,train
27356,0,train
4709,0,train
15847,1,train
2021,0,train
27095,0,train
10630,0,train
11304,1,train
13225,0,train
2849,0,train
4693,0,train
11583,0,train
19094,0,train
8227,0,train
24404,0,train
4365,0,train
15028,0,train
4313,0,train
10438,0,train
1657,1,train
26964,0,train
14438,1,train
22894,1,train
24594,0,train
17695,0,train
11756,0,train
7240,1,train
8379,0,train
29937,0,train
5637,0,train
497,0,train
116,1,train
2989,0,train
26844,0,train
4646,0,train
5483,0,train
9088,0,train
6108,1,train
3482,1,train
6844,1,train
29057,0,train
29146,1,train
20642,0,train
719,0,train
20789,1,train
185,0,train
11002,0,train
17218,0,train
11022,0,train
2269,1,train
2003,0,train
15338,0,train
8332,0,train
28825,0,train
14221,1,train
28269,0,train
7903,1,train
3080,0,train
18346,0,train
12521,1,train
23140,0,train
12738,0,train
10299,0,train
14184,0,train
13288,1,train
5540,0,train
3260,0,train
10266,0,train
13519,0,train
14024,0,train
16090,1,train
9619,0,train
10428,0,train
3414,1,train
14491,0,train
21820,0,train
6909,0,train
3688,1,train
205,0,train
15253,1,train
26171,1,train
29684,0,train
13806,0,train
27928,0,train
11561,0,train
398,0,train
13454,0,train
28264,0,train
21913,0,train
11314,0,train
19796,0,train
23945,0,train
26817,0,train
26281,0,train
5218,0,train
10877,1,train
4136,1,train
16638,1,train
24700,0,train
4376,1,train
20729,0,train
23829,0,train
20684,0,train
29430,0,train
28138,0,train
5447,0,train
15746,0,train
9386,1,train
17908,1,train
6129,0,train
20593,0,train
12160,1,train
17812,0,train
14574,0,train
24340,0,train
24791,0,train
26547,0,train
20590,0,train
12926,0,train
4020,1,train
8627,0,train
16850,1,train
9609,0,train
12774,1,train
12016,1,train
1695,1,train
7224,0,train
20658,0,train
29956,0,train
6095,1,train
21702,1,train
29214,1,train
24334,0,train
3779,0,train
15439,0,train
27916,1,train
23975,0,train
28173,0,train
28225,0,train
3278,1,train
19095,0,train
11772,0,train
11026,0,train
28645,1,train
19293,0,train
3437,0,train
5402,0,train
23594,0,train
7532,1,train
27447,0,train
14542,1,train
15269,0,train
15568,0,train
23277,0,train
19710,0,train
21114,0,train
5509,0,train
25056,0,train
24069,0,train
4343,0,train
24175,0,train
8430,0,train
8270,1,train
4094,1,train
548,0,train
10758,0,train
17302,0,train
5940,0,train
26185,1,train
27883,0,train
12707,0,train
27146,1,train
13481,0,train
9659,0,train
28735,0,train
12962,0,train
21850,0,train
21174,0,train
15792,0,train
26997,1,train
25525,0,train
26408,0,train
3267,0,train
25529,0,train
17547,1,train
29777,0,train
17123,0,train
12885,0,train
23588,0,train
2158,0,train
13129,0,train
13307,0,train
15257,0,train
20542,1,train
18640,1,train
18623,1,train
16051,0,train
9946,0,train
22218,0,train
5203,0,train
25407,1,train
28163,0,train
19183,0,train
14525,0,train
21049,1,train
17567,0,train
943,0,train
31,0,train
12138,0,train
26955,0,train
20488,0,train
19733,0,train
28509,0,train
21885,0,train
23845,0,train
4412,0,train
3746,0,train
14685,0,train
15522,0,train
9211,1,train
10440,1,train
18071,0,train
22057,0,train
14659,0,train
21274,1,train
318,0,train
2882,0,train
1532,0,train
9257,1,train
6890,0,train
8035,0,train
13989,0,train
11048,0,train
16569,0,train
26570,1,train
3321,0,train
22684,0,train
18720,1,train
4293,0,train
19673,0,train
14692,1,train
22033,0,train
22134,0,train
4545,0,train
14443,0,train
26109,1,train
28485,0,train
15713,0,train
6589,0,train
9834,0,train
11511,0,train
17817,0,train
2130,0,train
22895,0,train
6284,0,train
1629,0,train
15730,1,train
28003,0,train
3864,1,train
21776,0,train
23789,0,train
19643,0,train
2353,1,train
27648,0,train
8635,0,train
8038,0,train
29277,0,train
28388,0,train
6362,1,train
20930,0,train
10578,1,train
8603,0,train
22746,0,train
15628,0,train
19138,0,train
21804,0,train
14098,0,train
15491,1,train
3485,0,train
11689,0,train
26137,0,train
28329,0,train
14195,1,train
11188,0,train
9612,0,train
15208,1,train
20176,0,train
7718,0,train
2340,0,train
13651,0,train
19179,1,train
28723,0,train
11136,0,train
21766,0,train
17974,1,train
24588,0,train
21255,0,train
9435,0,train
24122,0,train
953,0,train
21636,1,train
5341,0,train
23938,0,train
13222,0,train
9409,0,train
6455,0,train
23237,0,train
17888,0,train
26037,0,train
26927,0,train
23338,0,train
1270,0,train
26849,0,train
16013,0,train
13964,0,train
15254,0,train
10137,0,train
17027,1,train
16494,0,train
4430,0,train
25103,1,train
18540,1,train
24943,0,train
5512,0,train
20858,1,train
4594,0,train
28512,0,train
2335,0,train
4717,0,train
2617,1,train
7225,0,train
15037,0,train
25747,0,train
10014,0,train
13534,0,train
21891,1,train
20150,0,train
29414,1,train
28459,0,train
6032,0,train
5436,0,train
19462,0,train
7136,0,train
10155,0,train
13156,0,train
9169,0,train
19891,0,train
9703,0,train
1896,0,train
14215,1,train
24560,0,train
10801,0,train
26810,0,train
1131,1,train
18820,0,train
21101,0,train
13253,0,train
8315,0,train
963,0,train
4774,0,train
26884,1,train
26575,0,train
5262,0,train
13919,0,train
1585,0,train
19080,0,train
25713,0,train
11412,0,train
982,0,train
10969,1,train
18652,0,train
10531,0,train
27001,0,train
11221,0,train
22148,0,train
7172,0,train
15255,0,train
3126,0,train
24377,0,train
28939,0,train
28348,0,train
25773,0,train
24914,1,train
3850,0,train
26477,0,train
22666,0,train
13220,0,train
19286,1,train
27958,0,train
15138,0,train
22247,0,train
27027,0,train
23901,0,train
18826,1,train
7069,1,train
3785,0,train
23367,0,train
22719,0,train
23705,1,train
29226,0,train
14459,0,train
521,0,train
12237,1,train
17240,1,train
6641,1,train
2961,0,train
26330,0,train
26870,0,train
9174,0,train
19171,0,train
2914,0,train
17143,1,train
9193,1,train
21579,0,train
19314,0,train
420,1,train
27574,0,train
19700,1,train
20689,0,train
14138,0,train
21690,0,train
7958,0,train
18394,1,train
18716,0,train
16027,1,train
8159,0,train
17335,0,train
19118,0,train
794,0,train
3063,0,train
26130,0,train
5306,0,train
26116,0,train
22913,0,train
26427,1,train
29077,0,train
20528,1,train
21985,0,train
14227,1,train
1370,0,train
6691,0,train
18481,0,train
22412,1,train
5851,0,train
2386,0,train
12464,0,train
1885,1,train
14985,0,train
15705,0,train
20934,0,train
8331,0,train
19243,0,train
28505,0,train
3595,1,train
17636,0,train
9336,0,train
10642,1,train
9414,1,train
12523,0,train
5627,1,train
10494,0,train
10404,0,train
11396,0,train
4471,0,train
7713,0,train
8514,1,train
21300,1,train
21228,0,train
27104,0,train
20564,0,train
18276,0,train
15516,1,train
5033,0,train
18130,1,train
21662,0,train
24909,0,train
13720,0,train
22306,0,train
28670,0,train
24563,0,train
26828,0,train
2105,0,train
15837,0,train
22543,1,train
2166,0,train
21219,0,train
13236,1,train
6406,0,train
13029,0,train
2960,0,train
10783,0,train
23127,0,train
14019,0,train
2011,0,train
6462,0,train
24471,0,train
9095,0,train
12366,0,train
19566,0,train
26165,1,train
24542,0,train
6582,1,train
5006,0,train
24164,0,train
8975,1,train
27058,1,train
14165,0,train
17039,0,train
576,1,train
20834,1,train
20095,1,train
29589,0,train
4474,0,train
3655,0,train
14862,1,train
22847,0,train
25911,0,train
3795,0,train
17226,0,train
3546,0,train
766,0,train
19229,0,train
26136,0,train
27397,0,train
5737,1,train
28596,0,train
19162,0,train
26006,1,train
6669,0,train
22392,1,train
5472,1,train
1809,0,train
21582,0,train
9208,0,train
21304,1,train
16030,1,train
5358,0,train
6580,1,train
14450,0,train
12018,1,train
196,1,train
29855,0,train
26709,0,train
7722,1,train
15981,0,train
18945,0,train
12537,1,train
27430,0,train
14626,0,train
12562,0,train
26445,0,train
10228,0,train
9683,0,train
15265,1,train
19835,0,train
1541,1,train
23059,0,train
3744,0,train
11663,0,train
26135,0,train
18022,0,train
27707,1,train
764,0,train
25161,1,train
14153,0,train
8297,0,train
19333,0,train
10466,0,train
18312,1,train
23195,0,train
27199,1,train
7982,0,train
12293,1,train
12201,0,train
2133,0,train
24548,0,train
9555,0,train
26363,0,train
14174,0,train
5505,0,train
3571,0,train
28584,0,train
18433,0,train
20399,1,train
26669,0,train
28240,1,train
13522,0,train
14390,0,train
18173,0,train
24332,0,train
18573,0,train
29840,0,train
18637,0,train
28890,0,train
19503,0,train
1985,0,train
3093,0,train
1252,1,train
9737,0,train
13120,0,train
24133,1,train
25571,0,train
17565,0,train
21476,0,train
22925,0,train
16780,1,train
1060,1,train
7742,1,train
25995,0,train
10136,1,train
28873,0,train
17061,1,train
23970,0,train
6798,0,train
10079,0,train
14384,0,train
21163,0,train
10179,0,train
6448,0,train
29796,0,train
19523,1,train
16229,1,train
28999,0,train
20525,0,train
22742,0,train
7636,0,train
17431,0,train
28201,1,train
25922,1,train
22904,0,train
27132,1,train
21773,0,train
24414,0,train
28479,1,train
9740,0,train
13937,0,train
15046,0,train
13002,0,train
17537,0,train
7892,0,train
12194,0,train
26203,0,train
27874,0,train
13110,0,train
3334,0,train
10215,0,train
5179,0,train
1853,0,train
28788,0,train
7582,0,train
14867,0,train
5011,0,train
14081,0,train
15145,0,train
25062,0,train
1329,0,train
19158,0,train
10694,0,train
6556,0,train
12472,0,train
26621,1,train
13258,0,train
226,0,train
12830,1,train
27099,0,train
15638,0,train
1810,0,train
13163,0,train
10070,1,train
29809,1,train
23215,0,train
20351,0,train
1020,0,train
16170,1,train
22103,0,train
9162,0,train
4174,0,train
14694,0,train
2880,0,train
1448,0,train
14139,0,train
23137,0,train
24321,0,train
4759,0,train
7483,0,train
14993,0,train
29692,0,train
14544,0,train
20508,0,train
13956,0,train
20860,0,train
2272,0,train
22521,1,train
11305,0,train
18239,0,train
20020,0,train
12620,1,train
2112,1,train
16620,0,train
25092,0,train
1314,0,train
12227,0,train
1511,0,train
14736,0,train
6156,1,train
7707,0,train
8173,1,train
16552,0,train
24417,0,train
23416,1,train
14333,0,train
12935,0,train
16718,1,train
28019,1,train
25331,0,train
6728,0,train
19022,1,train
24899,0,train
22940,0,train
13897,1,train
19435,0,train
7403,1,train
17850,0,train
1283,0,train
22905,0,train
17935,0,train
22704,0,train
433,0,train
17765,0,train
10392,0,train
16769,0,train
23150,0,train
7045,0,train
29720,0,train
28130,0,train
20922,0,train
26858,0,train
5194,1,train
27758,1,train
26379,1,train
4637,1,train
27618,0,train
4156,0,train
22998,0,train
18666,0,train
9657,0,train
5587,0,train
2766,0,train
15301,0,train
8216,1,train
12713,0,train
24222,0,train
22817,0,train
28991,0,train
25938,0,train
28007,0,train
12679,0,train
4784,0,train
13202,0,train
12082,0,train
29542,0,train
12875,0,train
4552,0,train
19360,0,train
26898,0,train
5527,0,train
27224,0,train
24760,1,train
22316,1,train
628,0,train
22241,0,train
3421,0,train
14453,1,train
20699,1,train
28732,1,train
16474,0,train
29337,0,train
19006,0,train
1898,0,train
18616,0,train
3274,0,train
21652,1,train
23069,0,train
13294,0,train
12979,0,train
10863,0,train
10500,0,train
13217,0,train
25061,0,train
24056,0,train
24171,1,train
25761,1,train
18635,1,train
25347,0,train
16409,0,train
23906,0,train
25209,0,train
2532,1,train
21687,0,train
17513,1,train
20502,0,train
29713,0,train
29131,0,train
19344,0,train
29836,0,train
24545,1,train
23824,0,train
19214,0,train
4280,0,train
228,0,train
12727,0,train
20795,0,train
11154,0,train
29906,1,train
12763,0,train
4758,1,train
733,0,train
21813,0,train
7025,0,train
6979,0,train
29782,0,train
26038,0,train
11260,0,train
24988,0,train
2321,0,train
16140,0,train
26264,0,train
9331,0,train
12001,0,train
22187,0,train
21827,0,train
27496,1,train
13020,0,train
15650,0,train
1177,0,train
993,0,train
24506,0,train
22136,0,train
8938,1,train
13971,0,train
22174,1,train
21710,0,train
19757,0,train
5532,0,train
25287,0,train
21777,0,train
12580,0,train
28720,1,train
24721,0,train
7429,0,train
14634,0,train
11069,0,train
3884,0,train
5971,1,train
714,0,train
22069,0,train
18391,1,train
11025,0,train
16854,1,train
10474,0,train
30,0,train
7765,0,train
28718,0,train
19042,0,train
19807,0,train
20160,1,train
18327,1,train
10814,0,train
9631,0,train
12342,0,train
8137,0,train
26059,1,train
27353,0,train
18980,0,train
28733,0,train
17327,0,train
16872,1,train
20470,0,train
12859,0,train
10705,0,train
12037,0,train
23399,0,train
18576,0,train
18296,1,train
4418,0,train
12271,0,train
28744,0,train
22510,0,train
26509,0,train
28214,0,train
24241,0,train
1012,0,train
14876,0,train
6119,0,train
1016,0,train
15937,0,train
337,0,train
11120,0,train
4780,0,train
20171,1,train
10510,1,train
10989,1,train
7204,0,train
28874,0,train
3975,0,train
4628,0,train
28500,0,train
28155,0,train
22375,1,train
24882,0,train
7370,0,train
8861,0,train
5339,1,train
12136,0,train
6170,1,train
18845,1,train
23746,0,train
27455,0,train
7189,0,train
19974,0,train
11471,0,train
6149,0,train
14502,0,train
17932,1,train
20999,0,train
15716,0,train
18421,1,train
23846,0,train
29166,0,train
6504,0,train
6734,0,train
1939,0,train
25985,1,train
10908,1,train
3372,0,train
4592,0,train
25211,0,train
8812,1,train
22210,0,train
23790,0,train
22697,0,train
50,0,train
20185,0,train
10059,0,train
17093,1,train
13320,0,train
17003,0,train
8746,0,train
16002,0,train
27175,0,train
28926,1,train
16219,0,train
16070,0,train
22676,0,train
11648,0,train
964,0,train
4512,0,train
28827,0,train
21190,0,train
18255,0,train
28933,1,train
25725,0,train
1272,0,train
15180,1,train
13186,1,train
26164,0,train
13447,0,train
12405,0,train
17269,0,train
14317,0,train
2000,0,train
4052,0,train
7576,0,train
18997,0,train
21080,1,train
22014,1,train
13047,0,train
950,0,train
14706,1,train
9238,0,train
17800,0,train
18819,1,train
13965,0,train
6276,0,train
7559,0,train
18782,0,train
4830,0,train
12200,0,train
607,0,train
16603,1,train
20085,0,train
6756,1,train
2696,0,train
4716,0,train
14633,0,train
7655,0,train
24963,1,train
18518,0,train
21369,0,train
21672,1,train
25699,0,train
14361,0,train
6112,1,train
6380,1,train
11020,1,train
10924,1,train
19929,0,train
7598,1,train
5938,0,train
6535,0,train
20504,0,train
17969,0,train
3827,0,train
24427,0,train
27595,0,train
15347,0,train
17593,0,train
21816,1,train
8692,0,train
12242,0,train
16842,0,train
7848,0,train
19168,1,train
27937,0,train
24196,0,train
2295,1,train
24324,0,train
29439,0,train
20605,0,train
10975,0,train
29741,0,train
12945,0,train
6365,0,train
6835,0,train
53,0,train
10859,0,train
19448,0,train
21704,0,train
3281,0,train
16839,1,train
20553,0,train
13148,0,train
1960,0,train
15159,0,train
21842,0,train
8775,0,train
6941,0,train
9308,1,train
3771,0,train
16329,0,train
28379,0,train
15251,0,train
7377,0,train
17439,0,train
4356,0,train
13761,0,train
2496,0,train
11633,0,train
16614,0,train
23369,0,train
2270,0,train
18643,0,train
5481,0,train
21917,1,train
29317,0,train
18766,0,train
6254,0,train
6048,1,train
28080,0,train
1342,0,train
3964,1,train
9876,0,train
5784,0,train
17903,0,train
6935,0,train
25090,1,train
16218,0,train
8763,0,train
3050,0,train
20792,0,train
14257,0,train
10167,1,train
28622,1,train
28430,0,train
17213,0,train
28929,0,train
26034,0,train
27273,0,train
5957,0,train
29268,0,train
29235,1,train
19213,1,train
15377,0,train
21580,1,train
24129,0,train
3501,1,train
19301,0,train
10339,1,train
16437,0,train
14524,0,train
3917,1,train
10954,0,train
13797,1,train
7222,0,train
1767,1,train
2982,0,train
26568,0,train
16190,0,train
632,0,train
22592,0,train
8766,1,train
16196,1,train
16915,1,train
20006,1,train
16053,1,train
23768,0,train
9739,0,train
17009,0,train
8140,1,train
12798,0,train
28333,0,train
20797,0,train
3678,0,train
20378,1,train
2135,1,train
19752,0,train
10554,1,train
4057,0,train
11144,0,train
24837,0,train
5989,0,train
26431,0,train
17822,1,train
19569,0,train
4790,0,train
15349,0,train
18667,0,train
27536,1,train
15856,1,train
8154,0,train
4976,0,train
2436,1,train
18309,0,train
1833,0,train
9643,0,train
20839,1,train
13149,0,train
20752,1,train
4792,1,train
9708,1,train
26004,0,train
27991,0,train
22199,0,train
28941,0,train
2347,0,train
16287,0,train
29537,0,train
6954,0,train
28966,1,train
14416,0,train
21463,1,train
15465,0,train
360,0,train
17376,0,train
22335,0,train
23257,0,train
27079,0,train
1413,0,train
8199,0,train
4718,0,train
10597,1,train
10985,0,train
26538,0,train
19460,0,train
4658,0,train
23703,0,train
10408,0,train
9879,0,train
6544,0,train
8629,0,train
13830,1,train
19574,0,train
25539,0,train
10249,0,train
1196,0,train
1897,0,train
9759,0,train
27873,0,train
25487,0,train
7455,0,train
18729,0,train
3547,0,train
7279,0,train
2798,0,train
1455,0,train
12873,0,train
2581,0,train
24161,0,train
16303,1,train
24562,0,train
25484,1,train
1439,0,train
27048,1,train
18002,1,train
11670,0,train
25948,0,train
5269,0,train
14854,0,train
26747,1,train
3071,0,train
9699,0,train
12783,0,train
18918,1,train
15578,0,train
15508,0,train
27652,0,train
816,0,train
19331,0,train
16943,1,train
6682,0,train
8748,0,train
252,0,train
18528,0,train
13147,1,train
617,0,train
558,0,train
11920,0,train
11856,0,train
7375,1,train
4725,0,train
29255,1,train
10949,1,train
11914,1,train
15729,0,train
2592,0,train
28982,0,train
29776,0,train
20651,0,train
18668,0,train
73,0,train
8391,1,train
26189,1,train
22302,0,train
23048,0,train
13310,0,train
17291,0,train
18166,0,train
20680,0,train
344,0,train
4102,0,train
26354,0,train
3854,0,train
5725,1,train
16777,0,train
22267,1,train
21587,1,train
21203,0,train
16483,1,train
26780,0,train
29386,0,train
28682,1,train
17737,0,train
20126,0,train
5620,0,train
359,0,train
8648,0,train
27401,0,train
5802,0,train
1872,0,train
3054,0,train
3844,0,train
8931,0,train
16246,0,train
19466,1,train
13350,0,train
12298,1,train
5931,1,train
19144,0,train
9321,0,train
7883,1,train
1501,0,train
12329,0,train
8172,1,train
7938,0,train
546,0,train
17919,1,train
27846,1,train
4322,0,train
8785,0,train
3787,0,train
14130,0,train
29287,1,train
27002,0,train
20993,1,train
2654,0,train
27645,0,train
3177,0,train
28756,0,train
1715,0,train
246,0,train
22137,0,train
2709,0,train
27394,1,train
16835,1,train
24960,0,train
6634,0,train
17580,0,train
16192,1,train
2895,0,train
10548,1,train
11235,1,train
17570,1,train
6361,0,train
22871,0,train
12127,0,train
17826,1,train
18762,0,train
8447,1,train
3518,0,train
7812,0,train
6207,0,train
14795,0,train
23607,0,train
5278,0,train
17665,0,train
10939,0,train
13890,0,train
7570,0,train
128,1,train
24920,0,train
15879,1,train
16705,0,train
27476,0,train
18788,0,train
5046,0,train
13031,0,train
26840,0,train
3042,0,train
15978,0,train
14927,0,train
8855,0,train
23344,1,train
4105,1,train
25369,0,train
22225,0,train
1387,0,train
4588,0,train
17640,0,train
5241,0,train
23869,0,train
17722,0,train
8941,0,train
29243,1,train
26631,0,train
22491,0,train
13134,1,train
13704,0,train
17645,1,train
8963,0,train
18342,0,train
5303,0,train
12801,1,train
5111,0,train
19943,0,train
14531,1,train
14264,0,train
10191,0,train
26319,1,train
29837,0,train
11432,1,train
3727,0,train
2972,0,train
15286,0,train
938,0,train
20237,0,train
351,0,train
25374,1,train
13790,0,train
9107,1,train
24505,1,train
20186,0,train
1478,0,train
23680,0,train
29368,0,train
3468,0,train
15100,0,train
18678,0,train
10991,0,train
27787,0,train
28620,0,train
18214,1,train
16352,0,train
16678,0,train
13302,0,train
9969,0,train
27384,0,train
11777,0,train
21140,0,train
19438,0,train
195,0,train
6711,0,train
19795,0,train
5936,0,train
838,0,train
16158,1,train
10016,0,train
3157,1,train
13412,0,train
14983,0,train
7694,1,train
20942,0,train
1328,0,train
4394,0,train
9225,0,train
17686,1,train
24031,0,train
9157,0,train
12379,0,train
26529,1,train
20790,0,train
13048,0,train
10441,0,train
2896,1,train
15511,0,train
710,0,train
10149,0,train
24381,0,train
18810,0,train
9160,0,train
10387,0,train
10004,0,train
10390,1,train
16720,0,train
24363,0,train
25570,1,train
29649,0,train
18524,1,train
11813,0,train
28181,0,train
10752,1,train
7331,0,train
4878,0,train
15397,0,train
29708,0,train
28676,1,train
17116,0,train
26525,1,train
5146,0,train
16696,0,train
29732,1,train
25946,0,train
14262,1,train
4449,1,train
14027,0,train
864,0,train
29870,0,train
4389,0,train
19431,0,train
21848,1,train
5522,0,train
2762,0,train
23944,0,train
8377,0,train
22740,0,train
13360,0,train
14413,0,train
29987,0,train
10999,1,train
9465,0,train
4970,0,train
14552,0,train
1626,1,train
26318,0,train
14299,0,train
20903,1,train
29961,0,train
1683,0,train
6304,0,train
23796,0,train
11433,1,train
15688,0,train
7117,0,train
3407,0,train
6605,0,train
26166,0,train
29206,0,train
8024,0,train
4824,0,train
23991,0,train
14799,0,train
27702,1,train
25411,0,train
23575,0,train
2629,0,train
12732,1,train
6215,0,train
157,0,train
21396,0,train
9728,0,train
28818,0,train
20304,0,train
9376,1,train
20577,0,train
26257,0,train
10979,0,train
940,0,train
12531,0,train
21271,0,train
13265,0,train
15007,0,train
23569,0,train
22358,0,train
16029,1,train
2203,0,train
15670,0,train
4314,0,train
20048,0,train
6919,0,train
26404,0,train
19406,0,train
27658,0,train
7386,0,train
21472,0,train
25882,0,train
17961,0,train
13576,1,train
1153,1,train
11023,0,train
10717,0,train
8245,0,train
5614,0,train
13649,0,train
27231,1,train
15794,0,train
26909,0,train
14989,1,train
11601,0,train
22041,0,train
27659,0,train
6509,0,train
8046,0,train
14601,0,train
7553,0,train
1335,1,train
25858,0,train
12547,0,train
13752,0,train
14467,0,train
22626,0,train
5382,1,train
18397,1,train
28140,0,train
14671,0,train
26656,0,train
18545,0,train
2959,0,train
2209,0,train
3397,0,train
13097,0,train
10795,0,train
27390,1,train
3932,1,train
7506,1,train
5756,0,train
23301,0,train
26315,1,train
4337,1,train
21192,0,train
24317,0,train
2145,1,train
5979,0,train
17031,0,train
21800,0,train
8850,0,train
3656,0,train
22460,0,train
12961,0,train
9129,0,train
1929,0,train
14791,0,train
17490,0,train
26252,0,train
12040,1,train
15391,0,train
25171,0,train
23886,1,train
20809,1,train
1940,0,train
25438,0,train
29110,1,train
26168,1,train
20064,0,train
16931,0,train
4632,0,train
22723,0,train
28839,0,train
9729,0,train
17248,1,train
6091,0,train
6213,0,train
22628,1,train
384,1,train
7298,0,train
20758,1,train
12918,1,train
13433,1,train
22794,0,train
17255,1,train
7606,0,train
10421,0,train
5748,0,train
23749,0,train
10290,0,train
3038,0,train
18120,0,train
25075,0,train
15187,0,train
8455,1,train
18833,0,train
29675,0,train
15820,0,train
3473,0,train
19538,0,train
29819,0,train
7934,0,train
17047,1,train
22156,0,train
907,1,train
25043,0,train
3242,1,train
16559,1,train
15735,0,train
28041,0,train
24200,1,train
16661,0,train
22879,1,train
29852,0,train
13706,0,train
17816,0,train
16964,1,train
4249,0,train
20597,1,train
29008,0,train
5972,1,train
11810,0,train
22489,0,train
9408,0,train
10844,0,train
25413,0,train
15404,0,train
10676,1,train
6265,0,train
22162,0,train
19394,0,train
2047,0,train
3439,0,train
3453,0,train
11472,1,train
5669,1,train
1170,0,train
3747,0,train
15234,0,train
10212,1,train
29065,0,train
27678,0,train
15886,0,train
17505,0,train
8182,0,train
13170,0,train
14320,0,train
4727,1,train
14465,0,train
12226,0,train
3183,0,train
21485,0,train
11928,0,train
10746,0,train
18724,0,train
28179,0,train
28644,0,train
2197,0,train
29106,1,train
1980,1,train
13525,0,train
18448,1,train
9514,0,train
2655,0,train
19515,0,train
27482,1,train
5757,1,train
25781,0,train
19167,1,train
20558,0,train
15005,0,train
17092,0,train
1728,1,train
19632,0,train
3451,1,train
14585,0,train
22021,0,train
28800,0,train
28836,0,train
9711,0,train
11539,0,train
12102,0,train
15534,0,train
18254,0,train
28135,0,train
24174,0,train
3214,0,train
4222,1,train
454,0,train
27003,0,train
24936,0,train
20482,0,train
27845,0,train
16455,1,train
7122,0,train
16169,0,train
22452,0,train
14032,0,train
18051,0,train
18332,0,train
152,0,train
8247,1,train
914,0,train
2753,1,train
23985,0,train
26868,0,train
7124,0,train
26863,0,train
29697,0,train
22271,0,train
13167,0,train
29699,0,train
9807,0,train
3096,0,train
7639,0,train
16244,1,train
23862,0,train
9899,0,train
12563,1,train
27776,0,train
12429,0,train
16191,1,train
16607,0,train
7248,1,train
3379,0,train
9479,0,train
18527,0,train
8789,1,train
26776,0,train
15129,0,train
3410,0,train
5879,0,train
15496,0,train
15246,0,train
18806,0,train
11362,1,train
975,1,train
2363,0,train
1109,1,train
20225,0,train
18307,0,train
19629,0,train
18765,0,train
10967,0,train
28757,0,train
11117,0,train
11029,1,train
29459,0,train
28880,1,train
6392,0,train
6900,0,train
22970,0,train
22064,0,train
3900,0,train
28458,0,train
11372,0,train
19074,0,train
11461,0,train
9551,0,train
9368,0,train
3882,0,train
13333,0,train
9365,1,train
637,0,train
11335,1,train
2726,0,train
27044,1,train
1067,0,train
14527,0,train
15066,0,train
10536,0,train
15907,0,train
25504,0,train
11837,0,train
17952,0,train
13250,0,train
21319,0,train
18354,0,train
13594,0,train
12737,0,train
17437,0,train
133,0,train
3735,0,train
14482,0,train
27410,0,train
28764,1,train
19235,0,train
25010,0,train
1520,0,train
10227,0,train
3610,0,train
14584,1,train
18620,0,train
27966,0,train
14999,0,train
26244,1,train
3575,0,train
17674,0,train
7081,0,train
19226,0,train
28495,0,train
6939,0,train
7364,0,train
28508,0,train
11825,0,train
27530,0,train
14836,0,train
13853,0,train
25826,0,train
4427,0,train
28172,0,train
8233,0,train
11827,0,train
29633,0,train
8223,0,train
18216,0,train
17372,0,train
25361,0,train
27238,0,train
22178,1,train
17051,1,train
22596,0,train
28050,1,train
9202,0,train
20401,0,train
27716,0,train
19701,0,train
4323,0,train
29958,0,train
28786,0,train
29294,1,train
18508,1,train
8094,1,train
23428,0,train
29966,0,train
17756,0,train
17353,0,train
15576,1,train
23760,1,train
2212,0,train
10189,1,train
1197,0,train
9354,0,train
19886,0,train
1445,1,train
28611,0,train
451,1,train
1411,0,train
18402,0,train
6390,0,train
14526,0,train
9741,0,train
4730,0,train
12512,0,train
956,0,train
28866,0,train
23822,1,train
10846,0,train
6644,0,train
4124,0,train
9974,0,train
6417,1,train
3530,0,train
17939,0,train
23642,1,train
7668,0,train
5248,0,train
28074,1,train
10072,0,train
12712,0,train
25295,0,train
22632,0,train
11878,0,train
17724,0,train
19109,1,train
19047,0,train
22927,0,train
13749,0,train
22980,0,train
25972,0,train
25251,0,train
28482,1,train
394,0,train
15384,1,train
22243,0,train
21330,0,train
18900,1,train
25094,0,train
9163,0,train
26932,0,train
293,0,train
10546,0,train
9115,0,train
1015,0,train
10352,0,train
18579,0,train
26657,1,train
2579,0,train
7181,0,train
20231,0,train
1832,0,train
23876,0,train
21962,0,train
24933,0,train
22734,0,train
19274,0,train
23079,0,train
26824,0,train
7434,1,train
16564,0,train
13871,0,train
5081,1,train
27437,0,train
3238,0,train
15369,1,train
15284,0,train
2853,1,train
25795,0,train
3511,0,train
7645,0,train
12952,0,train
13082,1,train
25456,0,train
17368,0,train
16165,0,train
2948,1,train
1780,0,train
24051,0,train
19014,1,train
22921,0,train
851,0,train
2756,0,train
11464,0,train
25068,1,train
6850,0,train
12203,0,train
13346,0,train
25148,0,train
27521,1,train
48,1,train
945,0,train
23269,1,train
20282,1,train
5771,1,train
11054,0,train
1543,0,train
13846,0,train
19058,1,train
1373,0,train
19106,1,train
5573,0,train
382,1,train
2633,1,train
4575,1,train
1147,1,train
3972,1,train
17200,0,train
22190,0,train
11997,0,train
20815,0,train
26569,0,train
26261,1,train
12488,0,train
7228,1,train
10236,0,train
471,1,train
20443,0,train
3169,0,train
15156,1,train
21329,0,train
15784,0,train
13861,0,train
24430,1,train
3128,0,train
19145,0,train
12624,0,train
12196,0,train
3784,0,train
23882,0,train
24208,0,train
9189,0,train
28799,0,train
21786,0,train
19477,0,train
22578,0,train
1699,0,train
9963,0,train
15825,0,train
1120,0,train
23465,1,train
2553,1,train
27578,1,train
20471,0,train
8356,0,train
26905,0,train
23119,1,train
17397,0,train
25166,0,train
21982,1,train
19365,0,train
12861,0,train
15696,0,train
15038,0,train
13191,0,train
8036,0,train
9652,0,train
21890,0,train
6894,1,train
27973,0,train
1688,0,train
19038,0,train
25777,0,train
16102,0,train
12543,0,train
15345,0,train
18341,0,train
13349,1,train
9716,0,train
5519,0,train
1696,0,train
2170,0,train
19240,0,train
21107,0,train
6285,0,train
10053,0,train
4698,1,train
4921,0,train
1083,0,train
16123,0,train
10320,0,train
19054,1,train
14355,1,train
25147,1,train
6310,0,train
26072,1,train
20050,0,train
23574,0,train
18096,0,train
28156,0,train
7828,0,train
24230,1,train
5132,0,train
24368,0,train
26766,1,train
26972,0,train
10544,0,train
23934,0,train
3141,1,train
11706,0,train
8562,0,train
26652,1,train
26626,0,train
26739,1,train
16175,1,train
8477,0,train
1228,0,train
6475,0,train
13247,0,train
13573,0,train
27481,0,train
28025,0,train
26075,0,train
20755,1,train
15044,0,train
5525,0,train
22356,0,train
1183,1,train
20356,0,train
2048,0,train
18656,0,train
4362,0,train
13127,0,train
6842,0,train
4772,0,train
19550,1,train
29618,0,train
14243,0,train
4272,0,train
2261,0,train
1187,1,train
26550,0,train
8800,0,train
861,0,train
22164,1,train
15609,0,train
4139,0,train
11605,0,train
7741,0,train
25431,0,train
28393,0,train
6168,0,train
7432,0,train
10593,0,train
21218,1,train
2377,0,train
17769,0,train
21726,0,train
22849,1,train
19469,0,train
3221,0,train
19827,0,train
24137,0,train
17035,1,train
400,0,train
21784,0,train
20579,0,train
14180,1,train
22010,0,train
5898,0,train
19491,0,train
15510,0,train
5800,0,train
13856,0,train
13028,1,train
28421,0,train
14972,1,train
12595,0,train
4182,0,train
1807,0,train
6977,0,train
29228,0,train
7671,0,train
23125,1,train
12058,0,train
13721,1,train
4630,0,train
24553,0,train
23895,0,train
24519,0,train
11457,0,train
737,0,train
15372,0,train
17966,0,train
16512,1,train
16993,1,train
29815,0,train
20582,0,train
20800,1,train
11596,0,train
6273,0,train
1988,0,train
29269,1,train
27757,0,train
20981,0,train
8641,0,train
22835,0,train
3616,0,train
11279,0,train
22025,0,train
8999,1,train
345,0,train
27955,1,train
2644,0,train
1251,0,train
6531,1,train
868,0,train
7869,1,train
19549,1,train
20098,0,train
24783,0,train
22962,0,train
20798,1,train
7657,0,train
9700,1,train
25273,0,train
26303,0,train
10659,0,train
11572,0,train
15591,0,train
19287,0,train
9658,0,train
10687,0,train
22633,0,train
20875,0,train
29604,0,train
24266,0,train
6636,1,train
12982,0,train
24010,0,train
23743,0,train
29436,0,train
29134,0,train
23735,0,train
6446,1,train
6122,1,train
17183,0,train
7453,1,train
26350,0,train
27351,1,train
8343,0,train
18464,0,train
1163,0,train
1470,1,train
15206,0,train
10945,1,train
13214,0,train
8417,0,train
22322,0,train
19230,0,train
1472,1,train
28064,0,train
26488,0,train
4852,1,train
25743,1,train
28555,0,train
19656,0,train
12760,0,train
3625,0,train
29033,0,train
20357,0,train
5428,0,train
15219,0,train
3391,1,train
6155,1,train
409,0,train
13158,0,train
20362,1,train
4023,0,train
24102,0,train
1007,0,train
15120,1,train
8365,0,train
20791,0,train
5352,0,train
20731,0,train
301,0,train
8939,0,train
24285,0,train
28613,0,train
5567,0,train
12245,0,train
20720,0,train
22583,0,train
2111,0,train
16719,0,train
20199,0,train
22301,0,train
26145,0,train
16751,0,train
5056,0,train
16176,0,train
7857,1,train
13998,1,train
17651,1,train
10485,1,train
13731,1,train
3115,0,train
28317,0,train
20867,0,train
22349,0,train
8007,1,train
1477,0,train
10701,0,train
24659,0,train
25786,0,train
7909,0,train
25428,0,train
10026,1,train
8857,1,train
10647,0,train
13795,0,train
14686,0,train
28000,0,train
12357,0,train
9274,0,train
26851,0,train
26872,0,train
3218,0,train
16542,1,train
5526,0,train
4149,0,train
14023,0,train
25722,1,train
16907,0,train
28869,0,train
127,0,train
17301,0,train
15752,1,train
26331,0,train
7827,0,train
18159,1,train
27899,0,train
23604,0,train
25516,0,train
23966,0,train
10301,0,train
13607,0,train
27635,0,train
15823,1,train
22763,0,train
755,0,train
29066,0,train
27977,0,train
18823,0,train
7803,1,train
5094,1,train
21265,1,train
10993,0,train
17963,0,train
17315,0,train
659,0,train
2878,0,train
6219,0,train
20390,0,train
23836,0,train
3987,0,train
4602,0,train
5324,0,train
20928,0,train
1749,0,train
18068,0,train
29672,0,train
24255,1,train
29256,1,train
24215,0,train
29807,0,train
7318,0,train
484,0,train
9864,0,train
694,0,train
2463,1,train
9065,0,train
11965,1,train
27764,0,train
18320,0,train
25592,0,train
9795,0,train
22562,0,train
4533,0,train
14350,1,train
17982,0,train
3920,0,train
3930,0,train
9230,0,train
6799,0,train
9586,0,train
12478,0,train
25732,0,train
24189,1,train
20866,0,train
17685,0,train
29524,1,train
11658,0,train
11307,0,train
746,0,train
4834,0,train
704,1,train
20855,1,train
14907,0,train
18952,1,train
14062,0,train
8934,0,train
8190,1,train
26344,0,train
28318,0,train
24979,0,train
6174,0,train
8705,0,train
4077,0,train
27056,0,train
9592,0,train
8757,0,train
13640,1,train
17680,0,train
25561,0,train
29663,0,train
15262,0,train
15088,0,train
6329,0,train
15632,0,train
11252,0,train
14954,0,train
3100,0,train
10453,0,train
16976,0,train
19695,0,train
28347,0,train
7442,0,train
21857,0,train
15774,0,train
18669,1,train
20015,0,train
7384,0,train
15454,0,train
29420,0,train
19843,0,train
11525,0,train
3587,0,train
27616,1,train
14944,0,train
22232,0,train
8259,0,train
19236,0,train
915,0,train
19037,0,train
19209,0,train
12430,0,train
9000,0,train
29785,0,train
28875,0,train
23937,0,train
58,0,train
23141,0,train
18406,0,train
25636,0,train
3084,0,train
17358,0,train
8681,0,train
29872,0,train
20761,0,train
15958,1,train
23783,0,train
10881,0,train
17338,0,train
17912,1,train
17186,0,train
6397,0,train
26897,1,train
25887,1,train
25622,0,train
23437,0,train
25527,0,train
24299,0,train
5662,0,train
175,0,train
23898,0,train
24742,0,train
10542,1,train
283,0,train
12315,0,train
24380,0,train
10456,0,train
20563,0,train
591,0,train
20861,0,train
5192,1,train
17574,0,train
23964,1,train
23086,0,train
12847,0,train
24105,0,train
25543,0,train
14618,0,train
22864,0,train
24698,1,train
28626,0,train
10713,1,train
15424,0,train
2383,0,train
27237,1,train
13362,0,train
4931,0,train
24852,0,train
28059,0,train
10362,0,train
15826,0,train
6414,1,train
29217,0,train
24493,0,train
25533,0,train
13014,0,train
29899,0,train
2327,0,train
5670,1,train
27834,1,train
12704,1,train
29803,0,train
4157,0,train
1064,0,train
10956,0,train
2441,0,train
2100,1,train
18432,0,train
9898,1,train
3508,0,train
5404,0,train
7654,0,train
25759,0,train
6442,0,train
29556,0,train
13600,0,train
23,1,train
4549,0,train
2799,0,train
17945,1,train
29427,0,train
7994,0,train
12818,0,train
14604,0,train
13075,0,train
9360,0,train
4193,1,train
2457,0,train
1842,1,train
17443,0,train
12748,0,train
8248,0,train
28548,0,train
24751,1,train
16045,0,train
2276,0,train
3529,0,train
14167,0,train
21764,0,train
23939,1,train
16680,1,train
16322,0,train
8688,0,test
24202,0,test
27783,0,test
14948,0,test
1487,0,test
1140,0,test
26481,0,test
27746,0,test
1072,1,test
6993,0,test
27462,0,test
4537,0,test
27365,0,test
6351,0,test
15539,0,test
23515,0,test
7841,0,test
29081,1,test
14933,0,test
20352,0,test
4794,0,test
12306,0,test
23728,0,test
7867,0,test
2687,0,test
18425,0,test
13754,1,test
28899,0,test
17588,0,test
20782,0,test
4908,0,test
11999,0,test
22090,0,test
14929,0,test
16111,1,test
20102,0,test
27370,0,test
7406,0,test
17941,1,test
3431,1,test
13132,0,test
16082,0,test
5420,1,test
27557,1,test
9827,1,test
27534,1,test
9191,1,test
22088,0,test
19443,1,test
7907,0,test
9040,0,test
23805,0,test
20665,1,test
23481,0,test
17958,0,test
2808,0,test
14232,0,test
12238,0,test
27714,0,test
25104,0,test
29825,1,test
19254,0,test
27630,0,test
28803,0,test
12248,0,test
11858,0,test
8571,0,test
7596,0,test
14600,0,test
355,0,test
17497,1,test
22458,0,test
4352,1,test
10195,1,test
14831,0,test
6797,0,test
22121,0,test
6143,0,test
853,0,test
3300,1,test
28139,0,test
9964,0,test
20654,0,test
19040,1,test
19852,0,test
3594,0,test
12661,0,test
10633,1,test
6244,0,test
28995,0,test
29585,1,test
3927,0,test
28659,0,test
17191,0,test
5255,1,test
25357,0,test
26487,1,test
2254,0,test
20617,0,test
8077,1,test
14922,0,test
29089,0,test
7407,1,test
26639,0,test
19475,1,test
1295,0,test
24453,0,test
7021,0,test
4769,0,test
28916,0,test
974,0,test
10552,0,test
29670,0,test
11544,1,test
27230,0,test
18835,0,test
19517,0,test
4210,0,test
28739,0,test
17438,0,test
29933,1,test
9110,0,test
13421,0,test
1903,0,test
4420,0,test
4108,1,test
7672,0,test
6530,0,test
2427,0,test
7246,0,test
15921,0,test
4415,0,test
20402,0,test
4625,0,test
17481,0,test
20254,0,test
26483,0,test
26722,0,test
9342,0,test
22956,0,test
21926,0,test
29569,0,test
6990,0,test
20197,0,test
10666,0,test
21616,0,test
16956,0,test
6814,0,test
20962,0,test
21216,0,test
9138,0,test
5494,0,test
24325,1,test
1493,0,test
23626,0,test
4073,0,test
11082,0,test
16398,0,test
27704,1,test
15990,0,test
29036,1,test
20201,0,test
18404,0,test
14897,0,test
23769,0,test
6902,0,test
4517,0,test
23595,0,test
9358,0,test
13482,0,test
9066,0,test
28452,0,test
18244,0,test
16286,0,test
9732,1,test
5874,0,test
19257,0,test
18619,1,test
18323,0,test
2354,0,test
3237,0,test
2940,0,test
29978,0,test
17195,0,test
9256,1,test
16119,0,test
20739,1,test
91,1,test
27681,0,test
1708,0,test
23668,0,test
25614,0,test
3966,0,test
2499,1,test
4752,0,test
26216,0,test
1133,0,test
26741,1,test
25117,1,test
28237,0,test
22095,1,test
14521,0,test
15340,1,test
19585,1,test
7951,0,test
6158,0,test
17877,0,test
13234,0,test
83,1,test
2817,0,test
19516,0,test
4721,0,test
4360,0,test
14269,0,test
29329,0,test
22570,0,test
21125,0,test
12368,1,test
23809,0,test
19854,1,test
15728,0,test
2639,0,test
15153,0,test
25892,0,test
19514,0,test
14679,0,test
20532,0,test
6571,0,test
6812,0,test
20768,1,test
1088,0,test
3332,0,test
26426,0,test
23103,0,test
1276,1,test
2828,0,test
7918,0,test
21915,0,test
23857,1,test
18555,1,test
14996,0,test
16958,0,test
16532,0,test
21492,0,test
15405,0,test
28060,1,test
19789,0,test
26448,0,test
14528,0,test
13736,1,test
11712,0,test
16725,0,test
10495,0,test
4396,0,test
5580,1,test
17985,0,test
14419,0,test
9726,0,test
12356,0,test
24480,0,test
8322,0,test
20162,0,test
1665,0,test
7515,0,test
22748,0,test
18205,0,test
21280,0,test
2776,0,test
19634,1,test
1675,0,test
18490,1,test
21408,0,test
6738,0,test
12044,0,test
22125,1,test
3284,0,test
9103,1,test
1844,1,test
8083,1,test
17137,1,test
18569,0,test
28491,1,test
16226,1,test
27748,1,test
17913,0,test
2326,0,test
9789,0,test
14647,0,test
28440,0,test
24079,0,test
10990,0,test
22533,0,test
5933,0,test
27741,0,test
11849,0,test
5426,1,test
15440,1,test
22281,1,test
28985,1,test
2200,1,test
2778,0,test
8257,0,test
19764,0,test
3125,0,test
150,0,test
26418,0,test
28601,0,test
29321,0,test
5054,0,test
10276,0,test
13992,1,test
10029,0,test
13209,0,test
20432,0,test
21327,1,test
8272,0,test
29736,1,test
21077,1,test
14913,1,test
2370,0,test
12602,0,test
2216,0,test
23570,0,test
29527,0,test
14669,0,test
10961,0,test
13809,0,test
5124,1,test
19237,0,test
13314,1,test
9056,0,test
18150,0,test
8460,1,test
18601,0,test
28519,0,test
23123,0,test
18042,0,test
4903,1,test
22605,0,test
23373,0,test
3694,0,test
5313,0,test
4391,1,test
28036,0,test
12256,1,test
6820,0,test
29147,0,test
12777,0,test
15703,0,test
28781,0,test
27456,0,test
9245,0,test
8994,0,test
6218,0,test
3016,1,test
28668,0,test
8893,0,test
6967,0,test
14033,0,test
21597,0,test
15965,1,test
18281,0,test
646,0,test
9998,0,test
21858,0,test
29122,0,test
22219,0,test
2779,1,test
7178,1,test
8947,0,test
4893,0,test
13513,1,test
28128,0,test
2395,0,test
9005,0,test
593,0,test
11234,0,test
22123,0,test
26334,0,test
8720,0,test
17531,0,test
10528,1,test
26045,0,test
17703,0,test
12184,0,test
5038,0,test
23519,0,test
27446,0,test
213,0,test
21740,1,test
388,1,test
19904,0,test
7150,0,test
20951,0,test
13847,0,test
28816,1,test
25324,0,test
432,1,test
1655,0,test
11953,1,test
19268,0,test
5101,0,test
22474,0,test
26940,0,test
11350,0,test
25930,0,test
27016,0,test
20283,1,test
9769,1,test
17600,0,test
17713,1,test
715,0,test
18267,1,test
26541,0,test
23299,0,test
27984,1,test
18189,1,test
2143,1,test
5003,0,test
5024,0,test
23351,1,test
2266,1,test
29705,0,test
8567,0,test
16268,0,test
12383,0,test
16841,0,test
28265,0,test
7964,0,test
8474,0,test
198,0,test
5765,0,test
5645,0,test
5463,0,test
26572,0,test
18375,1,test
10640,0,test
3952,0,test
14967,0,test
29045,1,test
3670,0,test
25498,0,test
24141,0,test
7629,1,test
12183,0,test
28361,0,test
27467,0,test
1676,1,test
5923,0,test
20181,0,test
19908,0,test
19279,0,test
24653,0,test
24708,0,test
22792,1,test
1566,0,test
15097,0,test
2712,0,test
11150,0,test
14292,0,test
23887,0,test
29516,1,test
11975,0,test
1449,0,test
12996,0,test
19299,0,test
4638,0,test
8123,0,test
21042,0,test
28815,0,test
19786,0,test
2091,0,test
21504,0,test
8844,0,test
14343,0,test
2665,1,test
15739,0,test
14981,1,test
27169,0,test
29676,0,test
24655,0,test
12649,0,test
13206,0,test
23559,0,test
7871,0,test
8742,1,test
8778,0,test
18812,0,test
29838,0,test
7551,0,test
26112,0,test
25921,0,test
14775,0,test
4894,1,test
29437,1,test
29859,0,test
15358,0,test
13514,1,test
9468,0,test
3502,0,test
11316,0,test
26017,0,test
8239,1,test
15731,0,test
13893,1,test
28230,1,test
14808,0,test
27037,0,test
7610,0,test
13655,0,test
20849,0,test
28408,0,test
19589,0,test
4029,0,test
18501,0,test
24337,0,test
25585,1,test
6357,0,test
21402,1,test
9822,0,test
29814,0,test
20318,0,test
6937,0,test
1126,0,test
18587,0,test
4463,0,test
29222,0,test
16622,0,test
1552,0,test
13215,0,test
9020,1,test
29246,0,test
12161,0,test
22463,0,test
4431,0,test
1005,1,test
29082,1,test
21067,1,test
10831,1,test
28137,0,test
11319,0,test
15684,0,test
13351,0,test
10294,0,test
2382,0,test
5031,1,test
23715,0,test
23892,0,test
27052,0,test
28690,0,test
9424,0,test
11421,1,test
24715,0,test
24352,1,test
28551,0,test
8743,0,test
7036,0,test
6584,1,test
11079,1,test
21873,0,test
28038,0,test
25847,0,test
6453,0,test
4846,1,test
17177,0,test
2311,0,test
26438,0,test
23024,1,test
10530,0,test
10906,0,test
8772,0,test
21126,0,test
2832,0,test
25837,0,test
26689,1,test
16856,0,test
7721,0,test
15536,0,test
2950,0,test
14951,1,test
15291,0,test
24428,0,test
1796,0,test
12597,0,test
3647,0,test
16459,0,test
2873,0,test
17433,0,test
8294,1,test
19892,0,test
19271,1,test
21237,0,test
13099,0,test
11161,0,test
18775,0,test
26401,0,test
17224,0,test
182,0,test
3470,0,test
26834,0,test
16506,1,test
6278,1,test
1638,0,test
8864,0,test
22580,0,test
2445,0,test
12734,0,test
971,1,test
1010,0,test
26476,1,test
8860,1,test
9682,0,test
21718,0,test
11522,0,test
13879,1,test
9104,0,test
19934,0,test
6256,1,test
488,0,test
12924,0,test
27254,1,test
20125,0,test
4410,0,test
5045,0,test
19940,0,test
12884,1,test
14348,1,test
15411,0,test
22653,0,test
1889,0,test
19384,0,test
12967,1,test
8132,0,test
23524,0,test
25427,1,test
12218,0,test
28538,0,test
14319,0,test
28406,0,test
23355,0,test
11010,0,test
28953,0,test
15904,1,test
20518,0,test
12910,0,test
4681,0,test
2252,0,test
27334,0,test
7444,1,test
18317,1,test
22585,0,test
19535,0,test
22404,0,test
13583,0,test
20306,0,test
28561,1,test
23364,0,test
29948,0,test
19665,0,test
28759,0,test
22964,0,test
16836,0,test
9720,0,test
7127,0,test
17610,0,test
6426,0,test
8202,0,test
25708,0,test
23353,1,test
22656,0,test
12334,1,test
11083,0,test
20785,0,test
578,0,test
15901,0,test
29129,0,test
6431,0,test
29465,1,test
15789,1,test
28970,0,test
14731,0,test
266,0,test
24166,1,test
29880,0,test
27953,0,test
4906,0,test
13078,1,test
20193,0,test
24347,0,test
13611,0,test
2454,0,test
18365,0,test
6493,1,test
3739,1,test
20360,1,test
9048,0,test
13685,0,test
29755,0,test
6377,0,test
6840,0,test
24501,0,test
26290,0,test
15859,0,test
3686,0,test
12770,0,test
215,0,test
15082,0,test
14362,0,test
3046,0,test
64,1,test
29227,0,test
5441,0,test
22551,0,test
28206,1,test
10460,1,test
990,0,test
20856,1,test
25136,0,test
20343,1,test
18092,0,test
3597,1,test
7520,0,test
17173,0,test
19281,0,test
7446,0,test
3116,0,test
5768,0,test
9602,0,test
19322,0,test
28894,0,test
14012,0,test
18883,0,test
18364,0,test
6575,0,test
18764,0,test
5884,1,test
25843,0,test
26240,0,test
3794,0,test
20663,0,test
17575,0,test
5288,0,test
28992,0,test
29547,0,test
11110,0,test
10116,1,test
21433,0,test
5950,1,test
9760,1,test
9597,0,test
22637,0,test
13388,1,test
21522,0,test
2728,0,test
26478,0,test
8358,0,test
8056,1,test
18731,1,test
8186,1,test
23781,0,test
8191,1,test
23637,0,test
26425,0,test
6205,1,test
2498,0,test
10745,1,test
8339,1,test
10720,0,test
13858,0,test
10331,1,test
19826,0,test
22840,0,test
1054,0,test
21523,0,test
12452,1,test
2433,1,test
19810,0,test
8847,1,test
2247,0,test
26908,0,test
22711,1,test
25022,0,test
25178,0,test
11899,0,test
6072,0,test
1397,1,test
7789,1,test
316,1,test
2157,1,test
12378,0,test
19912,0,test
25691,0,test
20323,1,test
18494,0,test
5289,0,test
14271,1,test
26585,1,test
13742,1,test
55,0,test
21791,0,test
3783,1,test
5286,0,test
29941,0,test
21166,1,test
13979,0,test
15515,0,test
21127,0,test
21019,0,test
13817,0,test
22399,0,test
22730,0,test
5090,0,test
10024,0,test
21207,1,test
13422,0,test
2683,0,test
5606,0,test
656,1,test
23406,0,test
8048,0,test
29449,0,test
13609,0,test
29513,1,test
7558,1,test
11298,0,test
8952,0,test
17417,0,test
19355,1,test
27028,1,test
2467,1,test
3556,0,test
1838,1,test
20316,0,test
5958,0,test
14448,0,test
13602,0,test
27296,1,test
13724,0,test
28189,0,test
26414,0,test
5322,0,test
16847,0,test
7724,0,test
21441,0,test
4605,0,test
29068,0,test
8152,0,test
27907,0,test
29773,0,test
24574,1,test
6400,1,test
5351,1,test
15741,0,test
15464,0,test
1795,1,test
22693,1,test
17410,0,test
15264,0,test
14610,1,test
8193,0,test
4971,0,test
24503,0,test
9312,0,test
6454,0,test
15780,0,test
8133,0,test
25719,0,test
7118,0,test
10584,0,test
1160,0,test
18245,0,test
13396,0,test
8126,0,test
4398,0,test
12285,0,test
5791,0,test
29469,0,test
17307,0,test
747,0,test
24576,0,test
24613,0,test
4767,0,test
3015,0,test
159,1,test
22013,0,test
24168,1,test
6068,0,test
4593,1,test
9032,1,test
27644,1,test
14820,0,test
249,0,test
26405,1,test
12278,0,test
11240,0,test
9771,1,test
22060,0,test
5506,0,test
13832,0,test
28185,0,test
29438,0,test
4284,1,test
1703,1,test
12168,0,test
14780,1,test
28069,0,test
29365,0,test
27246,0,test
6826,0,test
5731,0,test
10876,1,test
1443,1,test
1351,0,test
18612,0,test
24296,0,test
20975,0,test
11854,0,test
7066,0,test
28365,1,test
17131,0,test
17406,0,test
25031,0,test
27075,1,test
28965,0,test
23149,1,test
15400,0,test
19401,0,test
7889,0,test
26566,0,test
12091,0,test
14445,0,test
22047,0,test
988,0,test
20463,0,test
11951,0,test
17584,1,test
8221,0,test
18523,1,test
21461,0,test
2481,1,test
5274,1,test
21178,0,test
2661,1,test
1724,0,test
23930,0,test
7437,1,test
15379,0,test
15577,0,test
2336,0,test
7030,0,test
10760,0,test
15408,0,test
8583,1,test
1789,0,test
10094,0,test
15611,0,test
1206,1,test
18879,0,test
15740,0,test
16609,1,test
4202,0,test
19788,0,test
23491,1,test
13686,0,test
15381,0,test
27347,0,test
20935,0,test
12034,0,test
18451,0,test
18171,0,test
5354,0,test
1395,0,test
2215,0,test
15803,0,test
14157,0,test
25987,0,test
24743,0,test
21606,0,test
25501,0,test
18283,0,test
22476,0,test
7783,1,test
11961,0,test
11278,1,test
22146,0,test
25901,0,test
19502,0,test
16261,0,test
10164,0,test
12837,0,test
6323,0,test
2794,0,test
11938,1,test
5107,0,test
15355,0,test
4661,0,test
29468,0,test
12788,0,test
12922,0,test
12351,0,test
29972,0,test
2318,0,test
20486,0,test
8902,0,test
9916,0,test
8995,0,test
10938,0,test
26347,1,test
3947,0,test
4456,0,test
24512,0,test
11410,0,test
8100,1,test
8065,0,test
23931,0,test
11755,0,test
8070,0,test
21977,0,test
14095,0,test
29142,0,test
25863,0,test
27610,0,test
12077,0,test
327,1,test
26567,0,test
8407,0,test
8986,0,test
17148,0,test
16581,0,test
9734,0,test
7860,0,test
28316,0,test
8653,0,test
524,1,test
991,0,test
21143,0,test
19486,1,test
27782,0,test
18927,0,test
3811,0,test
6017,0,test
4264,1,test
9006,0,test
27672,0,test
21419,1,test
10076,1,test
27608,0,test
17998,0,test
16535,0,test
7206,1,test
22284,0,test
10925,0,test
13286,0,test
4399,0,test
1579,0,test
25100,0,test
20767,0,test
6309,0,test
20965,0,test
4659,0,test
11960,1,test
27163,0,test
27019,0,test
28594,0,test
26194,0,test
26760,1,test
12566,0,test
21417,0,test
14021,1,test
20580,0,test
19342,0,test
28639,0,test
21195,0,test
15026,0,test
25281,0,test
6745,1,test
14442,0,test
26293,0,test
21152,0,test
26087,1,test
26886,0,test
24485,0,test
27560,0,test
8224,0,test
27018,0,test
2566,0,test
19027,1,test
24809,0,test
23920,0,test
22866,0,test
9831,0,test
17032,1,test
29203,1,test
2859,1,test
4290,0,test
20670,0,test
24654,0,test
28520,0,test
14325,0,test
25831,1,test
3464,0,test
839,0,test
14572,0,test
15094,0,test
3913,0,test
13103,1,test
20681,1,test
2290,1,test
1522,0,test
21924,0,test
23909,0,test
15476,1,test
20110,0,test
27921,0,test
15125,0,test
5572,1,test
21403,1,test
15892,0,test
4054,1,test
206,0,test
18147,0,test
13123,0,test
11733,0,test
5548,0,test
571,0,test
7755,0,test
18052,0,test
16855,0,test
13702,0,test
14203,0,test
19993,0,test
12216,0,test
29262,1,test
14217,1,test
6432,0,test
19922,0,test
11829,0,test
3533,0,test
12061,0,test
24778,0,test
8978,0,test
5368,0,test
177,0,test
15055,1,test
12791,0,test
7042,0,test
25974,0,test
211,0,test
25660,0,test
5518,0,test
3492,0,test
28311,0,test
8287,0,test
8808,0,test
23157,1,test
12804,1,test
16587,0,test
4508,1,test
17518,0,test
24185,0,test
17488,0,test
21437,0,test
2118,1,test
14891,0,test
1426,0,test
28871,1,test
12235,1,test
18357,0,test
17573,0,test
22269,1,test
21246,0,test
8617,1,test
23018,0,test
4091,0,test
22786,1,test
18378,0,test
5150,1,test
29263,0,test
14834,1,test
3434,0,test
20104,0,test
24412,0,test
84,0,test
19672,0,test
8819,0,test
26910,0,test
15394,0,test
9455,0,test
8076,0,test
9149,1,test
2093,0,test
27194,1,test
29141,0,test
10884,0,test
29088,0,test
3198,0,test
11036,0,test
9405,0,test
7287,0,test
14507,0,test
20594,0,test
7458,0,test
27197,1,test
670,1,test
23330,0,test
17615,1,test
24770,0,test
21065,0,test
7235,0,test
3049,0,test
10350,1,test
20601,1,test
28079,1,test
25623,0,test
21285,0,test
20019,0,test
23089,1,test
3295,0,test
13678,0,test
8122,0,test
29563,0,test
10560,0,test
21549,0,test
19858,0,test
26855,0,test
10891,1,test
19941,0,test
16596,1,test
3180,0,test
16531,0,test
1353,0,test
18875,0,test
9278,0,test
3305,1,test
875,0,test
3583,0,test
18036,1,test
29868,0,test
15766,1,test
27994,0,test
8404,0,test
14335,0,test
21344,0,test
18746,0,test
8876,0,test
6445,0,test
28737,1,test
24024,0,test
13944,1,test
3266,1,test
17268,0,test
27960,0,test
19581,0,test
6239,1,test
24382,0,test
18038,0,test
18112,0,test
29571,1,test
22820,0,test
20391,0,test
8565,0,test
21162,0,test
24616,0,test
29157,0,test
28973,0,test
9815,0,test
22822,0,test
11567,0,test
25670,0,test
28539,0,test
13584,0,test
24614,0,test
28283,1,test
28661,0,test
27513,0,test
2910,0,test
8962,0,test
11015,0,test
23067,0,test
28642,1,test
29600,0,test
17509,1,test
3203,0,test
6319,1,test
25766,0,test
26758,0,test
1491,0,test
16435,1,test
4574,0,test
4554,0,test
17743,0,test
3719,0,test
27444,0,test
23202,0,test
24881,0,test
6705,0,test
18030,0,test
27843,0,test
21958,0,test
3931,0,test
29994,0,test
18591,0,test
15801,0,test
15526,0,test
21355,1,test
23710,0,test
28915,0,test
23573,0,test
10061,0,test
29140,0,test
25278,0,test
21424,0,test
16107,1,test
25135,0,test
11762,0,test
25474,0,test
4230,1,test
19147,0,test
781,0,test
28413,0,test
17187,0,test
28263,0,test
18755,0,test
12733,0,test
23685,0,test
21905,0,test
10244,0,test
13957,1,test
15714,0,test
22366,1,test
28641,0,test
22216,0,test
18265,0,test
8162,1,test
7000,1,test
5988,1,test
24191,0,test
18965,0,test
15677,0,test
23800,0,test
20987,1,test
3173,0,test
18304,1,test
6127,1,test
29655,1,test
25619,0,test
10590,1,test
24221,0,test
15,0,test
13922,0,test
6416,0,test
18295,0,test
27377,0,test
23752,1,test
17256,1,test
9199,0,test
18887,0,test
18423,1,test
24772,0,test
27313,0,test
22076,0,test
10005,0,test
10796,0,test
24645,0,test
3843,0,test
9589,0,test
23787,1,test
17412,0,test
10457,1,test
22467,1,test
24650,0,test
7167,0,test
1271,0,test
8010,0,test
13001,1,test
2720,0,test
16766,0,test
14431,0,test
28721,0,test
2909,1,test
10490,0,test
29974,1,test
17282,1,test
8533,0,test
22535,1,test
10787,0,test
4867,1,test
23676,0,test
17633,0,test
19526,0,test
22708,0,test
697,0,test
5576,0,test
25422,0,test
28949,0,test
14018,1,test
19670,0,test
13105,0,test
25540,0,test
3873,0,test
1417,0,test
18976,0,test
14556,0,test
7977,0,test
21829,0,test
25950,0,test
7417,0,test
6499,0,test
5806,0,test
12839,0,test
2279,1,test
7464,0,test
6394,0,test
14630,0,test
449,0,test
3286,0,test
6015,1,test
8177,0,test
25805,0,test
8709,1,test
21046,0,test
9895,0,test
22959,0,test
2369,0,test
29289,0,test
16575,0,test
462,0,test
19321,0,test
25106,0,test
23272,0,test
29143,0,test
8306,1,test
23620,1,test
23021,0,test
24649,0,test
14428,0,test
7274,0,test
7336,0,test
18930,0,test
3113,0,test
9019,0,test
10089,1,test
7720,0,test
26833,0,test
13726,0,test
4891,0,test
15226,1,test
28734,0,test
14148,0,test
21750,0,test
24962,0,test
1451,0,test
27382,0,test
8229,0,test
28066,1,test
25613,0,test
15880,0,test
17720,0,test
11146,0,test
8283,0,test
25789,0,test
5825,0,test
24298,1,test
18556,0,test
27962,0,test
26622,0,test
25338,0,test
9676,0,test
8729,0,test
25184,0,test
7845,0,test
29781,0,test
17583,1,test
6660,0,test
15036,1,test
15189,0,test
18443,1,test
14057,0,test
2229,0,test
5479,0,test
6795,0,test
24817,0,test
22075,0,test
2256,0,test
10287,0,test
10825,0,test
10308,0,test
12641,0,test
17623,1,test
20817,0,test
24628,0,test
28435,0,test
25089,0,test
4169,1,test
9194,0,test
17156,1,test
23623,0,test
3336,1,test
11607,0,test
29456,0,test
12014,0,test
24865,0,test
16436,0,test
6275,0,test
29719,0,test
28503,0,test
508,0,test
19359,0,test
22420,0,test
14318,0,test
8189,0,test
1912,0,test
27821,0,test
4531,1,test
12540,1,test
26482,0,test
18739,1,test
13751,0,test
23793,0,test
6157,1,test
15639,1,test
23384,0,test
16135,1,test
5677,0,test
1293,0,test
22506,1,test
3848,0,test
6092,0,test
5801,1,test
842,0,test
18381,0,test
23130,0,test
26417,0,test
19420,0,test
4223,0,test
17073,0,test
22009,0,test
26369,0,test
8968,0,test
25638,0,test
24157,0,test
5012,1,test
29930,1,test
2558,1,test
1465,0,test
27912,0,test
509,0,test
15092,0,test
11040,0,test
12432,0,test
12497,0,test
3147,0,test
6433,0,test
9499,0,test
10556,0,test
29550,0,test
24790,0,test
17262,0,test
6062,0,test
13055,0,test
28817,0,test
11514,0,test
26378,0,test
26148,0,test
29845,0,test
2077,0,test
2536,0,test
4831,0,test
26471,0,test
25672,0,test
21130,0,test
26777,0,test
11666,1,test
25220,0,test
16444,0,test
25285,0,test
28017,1,test
26732,0,test
14367,1,test
4823,0,test
27330,0,test
10588,0,test
19722,0,test
14842,0,test
1243,0,test
9400,1,test
26391,1,test
3176,0,test
21509,1,test
20944,1,test
10889,0,test
4437,0,test
6757,0,test
14784,1,test
8669,0,test
29757,0,test
23075,0,test
15871,0,test
7567,0,test
28867,0,test
6735,0,test
2195,0,test
26099,0,test
2507,1,test
26528,0,test
14497,1,test
24780,0,test
10571,0,test
26143,0,test
7945,1,test
1216,0,test
5628,0,test
24393,1,test
26115,0,test
14923,0,test
15205,0,test
27343,0,test
15935,0,test
12365,0,test
26746,0,test
16666,0,test
25809,0,test
8784,0,test
10056,0,test
21691,0,test
4657,0,test
29650,0,test
9233,0,test
13627,0,test
16390,0,test
27342,0,test
6590,0,test
10722,0,test
25206,0,test
11634,0,test
23498,0,test
5560,0,test
22018,0,test
1143,0,test
18890,0,test
10186,1,test
15232,1,test
23462,0,test
13252,0,test
6698,0,test
27344,0,test
26211,0,test
16741,1,test
10472,0,test
5764,0,test
2657,1,test
16908,1,test
8435,0,test
67,1,test
18084,0,test
12633,0,test
22960,0,test
26967,0,test
10895,0,test
29049,0,test
4556,1,test
15662,0,test
22442,0,test
29043,0,test
19261,1,test
18895,0,test
8355,0,test
10093,0,test
28501,0,test
7394,0,test
2902,0,test
26430,0,test
8414,0,test
4560,0,test
27731,1,test
4944,0,test
933,1,test
4349,0,test
3251,0,test
18119,0,test
15318,0,test
5415,0,test
19291,0,test
15733,0,test
19825,1,test
6287,0,test
15832,1,test
14965,0,test
3792,1,test
4966,0,test
6140,0,test
6750,0,test
15979,1,test
14039,0,test
3066,1,test
29031,0,test
10314,0,test
16141,0,test
11068,0,test
6311,0,test
25836,0,test
26110,0,test
22947,1,test
21251,0,test
21866,0,test
15900,0,test
19215,0,test
29791,0,test
2574,0,test
8547,0,test
20400,0,test
11597,0,test
4424,0,test
27729,0,test
16807,1,test
23186,0,test
1769,0,test
24112,0,test
23118,0,test
15656,1,test
10649,0,test
10753,0,test
20408,0,test
7142,0,test
2172,0,test
15288,0,test
24999,0,test
13232,1,test
24065,0,test
20760,0,test
5363,0,test
9641,1,test
27291,0,test
444,0,test
20427,0,test
9832,0,test
28813,0,test
10170,0,test
6496,0,test
3838,0,test
14895,0,test
25381,0,test
18226,1,test
11843,0,test
21593,0,test
13319,0,test
27794,0,test
14550,1,test
4488,0,test
19588,1,test
27810,0,test
27084,0,test
15709,0,test
20991,0,test
2699,0,test
26767,0,test
20735,0,test
29681,0,test
227,0,test
11879,0,test
5103,0,test
8683,1,test
21081,0,test
19556,0,test
13460,0,test
26674,0,test
8955,0,test
4155,0,test
19803,0,test
20008,0,test
1841,0,test
17833,0,test
18968,1,test
21307,0,test
23424,0,test
2406,1,test
18203,0,test
24704,0,test
14690,0,test
14427,0,test
20099,0,test
20750,0,test
6474,0,test
27629,0,test
7422,0,test
11470,0,test
3385,1,test
20603,0,test
21037,0,test
25937,0,test
239,1,test
5752,0,test
23750,0,test
19353,0,test
4478,0,test
17599,1,test
27568,0,test
4974,0,test
20971,0,test
2937,0,test
20781,0,test
29160,0,test
29383,0,test
7028,0,test
11336,0,test
24096,0,test
29960,0,test
9670,0,test
14182,1,test
23679,0,test
1440,0,test
28457,0,test
5635,0,test
18175,0,test
27257,0,test
14769,0,test
13374,0,test
11049,0,test
15817,0,test
8438,0,test
2616,0,test
15955,1,test
1049,0,test
29379,1,test
245,0,test
28567,0,test
2422,1,test
8472,1,test
20462,0,test
1438,0,test
21834,1,test
23064,0,test
15233,0,test
20205,0,test
21932,0,test
23340,1,test
29022,1,test
19043,1,test
19313,1,test
25648,1,test
11268,0,test
5708,0,test
5942,0,test
17121,0,test
12894,0,test
19779,0,test
9077,1,test
25304,0,test
17078,0,test
13165,0,test
27113,1,test
2013,1,test
4920,0,test
28749,1,test
7073,0,test
16372,0,test
7581,0,test
6164,1,test
12845,0,test
24370,0,test
3349,0,test
20447,1,test
9975,0,test
5414,0,test
20446,0,test
19797,0,test
5173,0,test
11884,0,test
28719,0,test
16711,0,test
20671,1,test
29021,0,test
14530,0,test
5265,0,test
23478,1,test
11985,1,test
7135,1,test
25070,1,test
14244,0,test
13072,1,test
21647,1,test
25267,0,test
9568,0,test
20788,0,test
8266,1,test
25857,0,test
17954,0,test
26779,0,test
2053,0,test
28268,0,test
13370,1,test
18420,1,test
15296,1,test
18691,0,test
22547,0,test
10363,0,test
2710,0,test
20926,0,test
13835,0,test
18145,0,test
18851,0,test
1260,0,test
26892,1,test
6742,0,test
22931,0,test
28171,1,test
15993,0,test
544,0,test
4817,0,test
28303,0,test
28194,0,test
28621,0,test
13715,0,test
12627,0,test
913,0,test
898,1,test
20888,0,test
26170,0,test
13886,0,test
18971,0,test
16095,1,test
20624,0,test
17782,1,test
26874,0,test
15810,0,test
3929,0,test
28677,0,test
14639,0,test
24871,1,test
240,1,test
5832,1,test
26907,0,test
6569,0,test
23216,1,test
23653,1,test
11812,0,test
26051,0,test
10147,1,test
1979,0,test
13196,1,test
27470,0,test
20163,0,test
3989,0,test
18380,0,test
10998,0,test
26199,0,test
7409,1,test
9606,0,test
28907,0,test
972,0,test
4266,0,test
8208,0,test
5743,1,test
6973,0,test
20087,0,test
21605,0,test
27303,0,test
17943,0,test
13592,0,test
3806,0,test
21446,0,test
15593,0,test
26647,0,test
1785,0,test
12981,0,test
10883,0,test
25510,0,test
5176,0,test
25475,0,test
2609,1,test
15975,0,test
7708,0,test
3781,0,test
4503,1,test
26877,0,test
23535,0,test
7253,0,test
11039,0,test
13711,0,test
24602,1,test
25589,0,test
18135,0,test
13279,0,test
7137,0,test
165,0,test
4736,0,test
28935,0,test
26013,1,test
12640,0,test
642,0,test
10096,0,test
10739,0,test
15487,0,test
9219,1,test
338,0,test
29767,0,test
26854,1,test
19320,1,test
19951,0,test
21179,1,test
8382,0,test
12778,0,test
8535,1,test
22108,1,test
5746,0,test
2675,0,test
10615,0,test
23848,0,test
18761,0,test
21346,0,test
1580,0,test
11072,0,test
26441,0,test
7323,1,test
3077,1,test
13089,0,test
26495,1,test
14874,1,test
22193,1,test
13201,0,test
5144,0,test
28574,0,test
24478,0,test
15423,0,test
23771,0,test
26930,1,test
11359,0,test
29965,0,test
9813,0,test
22908,0,test
17261,0,test
18915,1,test
19659,0,test
13969,1,test
8146,0,test
10522,1,test
3032,0,test
15248,0,test
11970,0,test
29533,0,test
2443,0,test
12255,0,test
29592,0,test
27086,0,test
19717,0,test
9535,0,test
24203,0,test
25119,0,test
14970,1,test
20831,0,test
11676,0,test
22058,0,test
21934,0,test
3342,0,test
3280,0,test
11176,0,test
6942,0,test
14197,0,test
21357,0,test
15514,1,test
15695,0,test
20484,1,test
6497,0,test
24949,0,test
442,0,test
3010,1,test
9939,0,test
6661,0,test
15782,0,test
14338,0,test
18597,0,test
12857,0,test
9285,0,test
14238,1,test
19175,0,test
8494,0,test
19222,0,test
3638,1,test
18718,0,test
7663,1,test
20454,0,test
13259,1,test
20144,0,test
24907,0,test
11806,1,test
26725,0,test
28765,0,test
15101,1,test
11017,0,test
7259,0,test
7597,0,test
4879,0,test
2249,1,test
189,0,test
22923,0,test
21742,0,test
6243,0,test
23418,1,test
16699,0,test
22197,0,test
13027,0,test
15325,1,test
2591,0,test
18987,0,test
16357,0,test
16031,0,test
9082,0,test
278,0,test
26838,0,test
27666,1,test
15311,0,test
9136,0,test
22338,0,test
25344,0,test
10146,0,test
7175,0,test
10066,1,test
27129,0,test
17836,1,test
3102,0,test
2685,1,test
27944,0,test
20712,0,test
14000,0,test
14809,1,test
5064,0,test
10748,0,test
16879,0,test
2523,0,test
17907,1,test
10885,0,test
4684,0,test
17692,0,test
470,0,test
14759,0,test
20363,1,test
17036,0,test
21819,1,test
28745,0,test
27980,0,test
14688,0,test
4419,0,test
22263,1,test
27772,0,test
18438,1,test
23451,0,test
27151,0,test
28902,0,test
728,0,test
24769,1,test
29970,0,test
26338,0,test
1754,0,test
24091,0,test
6125,0,test
8636,1,test
17675,0,test
13625,0,test
26702,0,test
7097,0,test
22639,0,test
18,0,test
23435,0,test
26052,0,test
27657,1,test
1039,0,test
17190,1,test
25906,0,test
6996,1,test
7309,0,test
12779,1,test
22110,0,test
13219,1,test
3031,0,test
2184,0,test
18613,0,test
1095,0,test
28089,0,test
18252,0,test
15528,0,test
16321,0,test
27289,1,test
26582,0,test
27767,1,test
17673,0,test
9204,0,test
27898,0,test
1096,0,test
25926,0,test
28679,0,test
306,0,test
2713,0,test
5626,0,test
24625,1,test
11760,0,test
18005,0,test
15988,1,test
22300,1,test
11765,0,test
4711,0,test
12033,0,test
10755,0,test
11406,0,test
4369,1,test
29923,0,test
3593,1,test
17660,0,test
27378,0,test
29917,0,test
16901,0,test
10397,1,test
216,0,test
3755,0,test
25637,0,test
22802,0,test
19468,0,test
21210,0,test
25727,1,test
14360,0,test
8409,1,test
24738,0,test
1303,0,test
16016,0,test
28369,0,test
14176,0,test
6607,0,test
2647,1,test
20097,0,test
17234,0,test
12277,0,test
13339,0,test
18113,0,test
22791,0,test
20354,0,test
21076,0,test
25083,0,test
4633,0,test
16774,0,test
798,0,test
15175,0,test
6885,1,test
1943,0,test
24917,1,test
5948,0,test
23529,0,test
13179,0,test
8637,0,test
14149,0,test
16632,1,test
29384,0,test
6230,1,test
8051,0,test
28760,0,test
9243,0,test
6624,1,test
25201,0,test
5815,0,test
26000,0,test
17448,0,test
4777,0,test
7759,1,test
9804,0,test
11980,0,test
22523,0,test
27934,0,test
8825,1,test
7666,0,test
6113,0,test
26763,0,test
15649,0,test
10553,0,test
21222,1,test
6887,0,test
18078,1,test
17629,1,test
15001,1,test
17221,0,test
3432,0,test
4924,0,test
19773,0,test
2092,0,test
2707,1,test
3835,1,test
6225,0,test
5010,0,test
22044,0,test
11781,0,test
11227,0,test
256,0,test
729,0,test
7132,0,test
5410,0,test
4095,0,test
19258,0,test
310,0,test
17525,1,test
15150,0,test
22902,0,test
11334,1,test
18101,1,test
24731,0,test
10349,0,test
5915,0,test
9733,1,test
29247,0,test
707,0,test
16646,0,test
14147,0,test
8570,0,test
6347,0,test
16697,0,test
6063,0,test
28653,0,test
27947,0,test
6739,1,test
15460,0,test
16543,1,test
17711,0,test
19623,1,test
12643,0,test
11880,0,test
28014,0,test
1603,0,test
692,0,test
14748,0,test
17556,0,test
5631,1,test
7173,0,test
17277,0,test
18227,0,test
17506,0,test
15259,0,test
34,0,test
16026,1,test
9016,0,test
13018,0,test
16800,1,test
2748,0,test
17297,1,test
16402,0,test
16003,1,test
11818,0,test
4511,0,test
29102,0,test
22096,0,test
14554,1,test
15623,0,test
29641,1,test
29372,0,test
13420,1,test
21429,0,test
24561,0,test
5977,0,test
244,0,test
29737,0,test
28389,0,test
13040,0,test
7641,0,test
6765,0,test
25704,0,test
4338,0,test
1169,0,test
18757,0,test
20799,0,test
10896,1,test
17634,0,test
21826,0,test
24718,0,test
17873,0,test
477,0,test
26242,0,test
2619,0,test
10841,0,test
21727,1,test
14468,1,test
26019,0,test
23592,0,test
17899,0,test
22769,1,test
22574,0,test
6106,0,test
15702,0,test
5329,0,test
9172,0,test
447,0,test
2723,1,test
5910,0,test
7408,0,test
3702,0,test
15215,0,test
20109,0,test
10619,0,test
4277,0,test
3805,1,test
8492,1,test
4809,0,test
17396,0,test
4061,0,test
16473,0,test
11518,0,test
11148,1,test
13407,1,test
24346,1,test
26416,0,test
19749,0,test
24568,0,test
19498,0,test
17328,0,test
436,1,test
22131,0,test
15502,0,test
3436,0,test
28363,0,test
5362,0,test
5960,0,test
2227,1,test
19411,0,test
997,0,test
6752,1,test
22848,0,test
14455,1,test
21501,1,test
4306,0,test
20419,0,test
4747,0,test
27790,0,test
18913,0,test
10685,1,test
17313,1,test
13260,1,test
15860,0,test
2580,1,test
12382,1,test
15202,1,test
1036,1,test
18181,0,test
6389,0,test
24932,0,test
22776,0,test
10526,0,test
3745,0,test
28785,0,test
1447,1,test
25547,0,test
24946,0,test
25270,0,test
25767,0,test
14576,0,test
5129,0,test
7052,0,test
21013,1,test
7011,0,test
28409,0,test
1376,0,test
11441,1,test
21262,0,test
12286,0,test
14177,1,test
17120,0,test
7302,0,test
7294,0,test
27621,0,test
17613,0,test
1247,1,test
13968,0,test
16427,0,test
16341,0,test
29690,0,test
21847,0,test
193,0,test
16868,0,test
21716,1,test
7333,0,test
27445,0,test
27742,0,test
13842,0,test
19169,0,test
23061,0,test
17074,0,test
26024,0,test
22648,1,test
16448,0,test
15047,0,test
5951,0,test
2160,0,test
21568,0,test
119,0,test
7359,0,test
18016,0,test
17705,0,test
640,0,test
17006,0,test
262,0,test
27305,0,test
11393,1,test
28499,0,test
15302,0,test
16161,0,test
23087,0,test
3669,0,test
5287,1,test
7014,0,test
7764,0,test
1389,0,test
21153,0,test
13810,0,test
805,0,test
25756,0,test
22379,0,test
12690,0,test
1400,0,test
17424,1,test
29997,0,test
23872,0,test
16591,0,test
23470,0,test
28854,1,test
13021,1,test
1358,1,test
20075,0,test
35,0,test
2428,1,test
23667,0,test
2082,0,test
23273,0,test
28738,0,test
13007,0,test
20056,0,test
23136,0,test
17535,0,test
6232,0,test
21981,0,test
23619,1,test
10691,0,test
3060,0,test
4385,0,test
15833,0,test
17991,0,test
18925,0,test
13888,0,test
15707,0,test
2834,0,test
7798,0,test
13676,0,test
25446,0,test
18176,0,test
27670,0,test
4388,1,test
475,0,test
4705,1,test
1706,1,test
15407,0,test
26436,0,test
18696,1,test
24436,1,test
20149,1,test
1102,1,test
17858,0,test
28980,1,test
26705,0,test
22275,0,test
8859,1,test
248,0,test
11424,0,test
25284,0,test
26313,1,test
14973,0,test
5718,0,test
20090,0,test
26346,0,test
9348,0,test
27992,0,test
12220,0,test
25386,0,test
29738,1,test
9559,0,test
17101,1,test
1933,0,test
26719,0,test
7818,0,test
655,0,test
16153,0,test
12260,0,test
17017,0,test
4719,1,test
29467,0,test
15941,0,test
21036,0,test
14067,0,test
12217,1,test
27326,0,test
4305,0,test
21165,0,test
4873,0,test
14004,0,test
10377,0,test
8026,0,test
27632,1,test
26272,0,test
4754,0,test
1025,0,test
4216,0,test
27294,0,test
23233,1,test
29211,1,test
27137,1,test
28835,1,test
24173,0,test
16924,0,test
15304,1,test
27756,0,test
27442,1,test
14286,0,test
13587,0,test
13710,0,test
29442,0,test
10681,0,test
15564,1,test
1108,0,test
28893,1,test
23104,1,test
2585,0,test
29976,0,test
3986,1,test
11822,0,test
13198,0,test
28449,0,test
12152,1,test
24093,0,test
19987,0,test
10431,0,test
2152,0,test
6568,0,test
10867,0,test
19552,0,test
11528,0,test
13565,0,test
28908,0,test
6040,0,test
10617,0,test
11179,0,test
872,0,test
9297,0,test
5068,1,test
21318,1,test
16509,0,test
10874,1,test
29378,0,test
28627,0,test
29632,0,test
8723,0,test
29271,1,test
9860,0,test
3129,0,test
14607,0,test
7315,1,test
4597,1,test
17959,0,test
21988,0,test
22761,0,test
17770,0,test
7006,0,test
12701,0,test
23092,0,test
8929,0,test
29348,0,test
15492,0,test
22996,0,test
4035,0,test
24151,0,test
10388,1,test
23358,1,test
6331,0,test
630,0,test
21466,0,test
10347,0,test
4786,0,test
5681,0,test
12532,0,test
3425,0,test
14765,0,test
15553,0,test
21533,1,test
23557,0,test
525,0,test
24938,1,test
10915,1,test
24114,0,test
10107,0,test
29919,0,test
12533,0,test
13443,0,test
19033,0,test
10763,1,test
3310,0,test
5594,0,test
27717,0,test
14861,0,test
13176,0,test
17544,0,test
6344,1,test
4278,1,test
14592,0,test
10432,1,test
10310,1,test
19467,0,test
18314,1,test
18816,1,test
28253,0,test
24785,1,test
19935,0,test
20949,0,test
22773,1,test
14539,0,test
1459,1,test
4039,0,test
5982,0,test
15177,0,test
13243,0,test
2402,0,test
14060,0,test
9546,0,test
21989,0,test
27221,0,test
22383,0,test
10305,0,test
4965,0,test
13739,0,test
21755,0,test
26865,0,test
18939,0,test
5174,0,test
13628,0,test
18894,0,test
23714,0,test
28957,0,test
15776,0,test
17814,0,test
21182,1,test
12723,0,test
6503,0,test
13125,0,test
18152,1,test
15909,0,test
15198,0,test
28450,0,test
18269,0,test
20344,0,test
9746,0,test
654,1,test
12583,0,test
1632,0,test
826,0,test
13311,0,test
20190,0,test
22394,0,test
23798,0,test
15627,0,test
29691,0,test
19130,0,test
16393,0,test
27284,0,test
12888,0,test
22745,1,test
1588,0,test
21653,0,test
14710,0,test
7449,0,test
23193,1,test
3697,0,test
6595,0,test
15062,0,test
5161,0,test
27602,0,test
7362,0,test
25417,0,test
25483,0,test
17920,0,test
2494,0,test
22922,1,test
6841,0,test
221,1,test
14504,1,test
9877,0,test
679,0,test
2155,0,test
14890,0,test
5671,0,test
4373,1,test
12090,0,test
22111,0,test
13111,1,test
20389,1,test
11703,0,test
8458,0,test
9214,0,test
20107,0,test
4670,1,test
17487,0,test
6897,1,test
2988,1,test
6185,0,test
25243,0,test
2393,1,test
13756,0,test
6171,0,test
3362,0,test
20612,1,test
1035,0,test
17043,0,test
24432,1,test
17904,0,test
7454,0,test
27510,1,test
386,0,test
17432,1,test
819,0,test
29261,0,test
46,1,test
16676,0,test
13939,0,test
20007,0,test
14473,0,test
6097,1,test
13805,0,test
12050,0,test
25918,0,test
13873,0,test
16870,1,test
1403,1,test
28092,1,test
29622,0,test
22428,0,test
28068,0,test
27092,1,test
23322,0,test
4569,0,test
8175,1,test
17402,0,test
7145,1,test
9627,0,test
8817,0,test
19295,0,test
13354,0,test
8484,0,test
2387,0,test
2749,1,test
16133,1,test
4773,0,test
24789,0,test
27964,1,test
1092,0,test
22816,1,test
669,0,test
6554,0,test
26651,0,test
1822,0,test
27000,0,test
20405,0,test
12790,0,test
11384,0,test
15309,0,test
6871,0,test
6749,1,test
8840,0,test
29597,0,test
19563,0,test
16146,0,test
18185,0,test
28755,0,test
1377,0,test
16729,0,test
11233,0,test
27590,1,test
10535,0,test
1992,1,test
27696,0,test
6418,0,test
29570,1,test
28608,0,test
27508,1,test
18901,0,test
23221,0,test
22063,0,test
24912,0,test
8303,0,test
9927,0,test
6166,0,test
10839,0,test
8211,0,test
23254,1,test
29671,0,test
23918,0,test
29914,0,test
27754,0,test
18933,0,test
24425,0,test
16682,0,test
8906,0,test
1610,0,test
6729,0,test
12601,0,test
13961,0,test
10330,0,test
26560,0,test
19966,0,test
12877,1,test
4998,1,test
17811,0,test
392,1,test
12716,0,test
11513,0,test
23326,0,test
6264,0,test
23362,1,test
19726,0,test
13875,0,test
25322,0,test
23128,0,test
8481,0,test
22027,0,test
1190,0,test
4085,0,test
27706,0,test
19597,0,test
4673,0,test
14598,0,test
24446,1,test
1774,1,test
110,0,test
10932,0,test
29934,0,test
267,0,test
13044,0,test
24816,0,test
23452,0,test
23527,1,test
9097,0,test
24159,0,test
14609,0,test
3469,0,test
2867,0,test
6266,0,test
27699,0,test
2611,0,test
15607,1,test
5123,0,test
12297,1,test
16291,1,test
15235,1,test
15442,1,test
20968,1,test
18196,0,test
4244,0,test
16947,0,test
26662,0,test
20537,0,test
29096,1,test
10800,0,test
9084,0,test
26681,1,test
93,0,test
25535,1,test
12174,0,test
18821,0,test
12708,0,test
2110,0,test
22028,0,test
24329,0,test
18935,0,test
26095,1,test
18526,0,test
21843,0,test
9025,0,test
23712,0,test
12573,0,test
6612,0,test
27252,0,test
12048,0,test
26543,0,test
29330,1,test
11407,0,test
14747,1,test
4934,0,test
28904,0,test
10778,0,test
2035,0,test
23289,0,test
14887,0,test
27660,1,test
7710,1,test
785,1,test
10380,0,test
1367,0,test
9200,0,test
28258,0,test
25177,0,test
5294,0,test
18512,1,test
21723,0,test
1973,0,test
8037,0,test
2666,0,test
8731,0,test
24687,0,test
25081,1,test
25891,0,test
25074,0,test
4209,0,test
15166,0,test
2055,0,test
8573,0,test
4662,0,test
4529,0,test
25620,1,test
24941,0,test
2544,0,test
6857,0,test
18684,0,test
22554,0,test
11245,0,test
29305,0,test
13468,0,test
13995,1,test
22043,0,test
13912,0,test
19750,0,test
8500,0,test
7715,0,test
16148,0,test
13614,1,test
17747,1,test
22710,0,test
16951,0,test
132,0,test
21681,0,test
27891,0,test
24220,0,test
14698,1,test
26423,0,test
24578,0,test
8045,0,test
1226,1,test
23689,1,test
27399,0,test
27541,1,test
1469,0,test
3534,1,test
3887,0,test
1384,0,test
17818,1,test
20631,0,test
8764,0,test
9394,0,test
18403,0,test
20294,1,test
23483,1,test
29145,0,test
7420,0,test
1831,1,test
23305,0,test
17185,0,test
14324,0,test
13860,0,test
1349,0,test
11766,0,test
25893,0,test
14309,0,test
3152,0,test
21284,0,test
27208,0,test
15002,0,test
16356,0,test
27847,0,test
25860,0,test
9593,0,test
8666,0,test
3658,0,test
7543,1,test
17386,0,test
13597,0,test
17102,1,test
21004,1,test
18148,0,test
19375,0,test
11739,1,test
1936,0,test
18611,1,test
26029,0,test
11594,0,test
12976,0,test
25197,1,test
11341,1,test
5615,0,test
6074,1,test
10727,0,test
6934,0,test
27700,0,test
1836,1,test
16893,0,test
15392,0,test
19086,0,test
27422,0,test
25834,0,test
16021,0,test
20013,0,test
7125,1,test
16066,0,test
7107,0,test
17938,0,test
26239,0,test
22402,1,test
2322,0,test
18828,0,test
21322,1,test
1760,0,test
22407,0,test
3592,0,test
13792,0,test
2706,0,test
4999,0,test
1544,0,test
17608,0,test
22577,0,test
15024,0,test
17388,0,test
8104,0,test
1977,0,test
251,0,test
23867,0,test
15110,0,test
26841,0,test
25118,0,test
9420,0,test
23935,1,test
19064,0,test
23324,0,test
15596,0,test
29617,0,test
24642,0,test
22280,1,test
10728,0,test
6913,0,test
28643,0,test
24764,0,test
26243,0,test
23565,1,test
8818,1,test
14373,0,test
25852,1,test
18626,1,test
27598,0,test
23029,0,test
10049,0,test
12959,1,test
20639,0,test
14407,0,test
15663,0,test
28887,0,test
16918,0,test
10319,0,test
20931,1,test
17696,0,test
16293,1,test
15256,0,test
4904,0,test
25597,0,test
3777,1,test
6731,0,test
1298,0,test
9039,0,test
778,0,test
4434,0,test
14977,1,test
26282,0,test
9251,0,test
3590,1,test
28713,0,test
29993,0,test
14814,0,test
5766,0,test
15531,0,test
25897,0,test
28630,0,test
4899,1,test
12290,0,test
27348,1,test
22077,0,test
6030,1,test
2703,0,test
13181,0,test
12318,0,test
4558,0,test
12409,1,test
18625,0,test
22801,0,test
23327,0,test
28267,0,test
28696,0,test
2785,1,test
14678,0,test
12740,0,test
17115,0,test
2641,1,test
9645,0,test
13282,1,test
11055,0,test
15898,0,test
10788,0,test
28938,0,test
4969,0,test
10600,0,test
3215,0,test
3824,0,test
12825,1,test
25128,0,test
6950,1,test
19093,0,test
29591,1,test
3748,0,test
27900,0,test
16925,0,test
6306,1,test
26596,0,test
3331,0,test
19674,0,test
11628,0,test
24984,0,test
11840,0,test
28305,0,test
24694,0,test
27548,1,test
2271,0,test
9947,1,test
9600,0,test
12940,0,test
4311,0,test
690,0,test
12463,0,test
28248,0,test
1660,0,test
8572,0,test
19880,0,test
5298,0,test
29654,0,test
8445,0,test
11721,0,test
8353,0,test
20980,1,test
28094,0,test
757,0,test
2423,0,test
978,0,test
21823,0,test
2485,0,test
13646,0,test
7165,1,test
28649,0,test
12,0,test
9870,1,test
20638,0,test
13952,1,test
20933,1,test
10143,0,test
19107,1,test
26386,0,test
2458,0,test
3144,1,test
789,0,test
4609,0,test
22468,0,test
16919,0,test
1756,0,test
21692,0,test
21980,0,test
9105,0,test
11371,0,test
11199,0,test
5804,0,test
2560,0,test
17569,0,test
1173,0,test
961,1,test
7781,1,test
23913,0,test
18470,0,test
16486,0,test
28885,0,test
27271,0,test
6720,1,test
7242,0,test
5443,0,test
22780,0,test
986,1,test
6466,0,test
27192,0,test
15022,0,test
3423,0,test
6516,1,test
28489,1,test
27673,0,test
20041,0,test
26066,0,test
7158,0,test
15167,0,test
23274,0,test
29107,0,test
2837,0,test
19412,0,test
22,1,test
23144,0,test
22893,0,test
14082,1,test
9240,0,test
13093,1,test
565,0,test
14547,1,test
11389,1,test
12823,0,test
23488,0,test
18264,1,test
19946,0,test
8179,1,test
7328,1,test
22507,1,test
16820,0,test
14207,0,test
2857,0,test
4195,0,test
29986,0,test
9531,0,test
12012,0,test
25199,0,test
5361,0,test
28484,0,test
17779,0,test
24356,0,test
15765,0,test
2396,0,test
3400,1,test
7387,1,test
27349,0,test
15829,0,test
4111,0,test
22109,0,test
10217,1,test
10260,0,test
10962,0,test
25395,0,test
3085,0,test
28110,1,test
13701,0,test
27895,0,test
27138,0,test
10842,1,test
6603,0,test
24416,0,test
7690,1,test
22646,0,test
20880,1,test
11086,0,test
3119,0,test
27176,0,test
16775,0,test
7856,0,test
24311,1,test
16746,0,test
6674,0,test
17016,1,test
12725,0,test
21248,0,test
18493,0,test
24148,1,test
9849,0,test
29009,0,test
2805,0,test
18596,0,test
19132,0,test
4253,0,test
9161,0,test
16484,0,test
10665,0,test
15130,0,test
3531,0,test
16672,0,test
5593,0,test
5316,0,test
16967,0,test
9290,1,test
24723,0,test
28689,0,test
4900,0,test
9945,0,test
5956,0,test
24954,1,test
202,0,test
5845,0,test
1539,1,test
17425,0,test
13946,0,test
16608,0,test
11655,0,test
18498,0,test
13868,0,test
13101,0,test
1818,0,test
18270,0,test
4358,0,test
25788,0,test
2952,0,test
114,0,test
10833,0,test
9258,0,test
28437,0,test
17339,0,test
23132,0,test
2207,0,test
164,0,test
6808,0,test
4621,0,test
29278,0,test
7656,0,test
3860,1,test
8376,0,test
9496,0,test
29310,1,test
27558,0,test
5896,0,test
22052,0,test
22384,0,test
12605,0,test
7492,0,test
4036,0,test
19983,1,test
12998,1,test
6926,1,test
8124,0,test
825,1,test
21767,0,test
26887,0,test
1418,0,test
2017,1,test
28767,0,test
5754,1,test
9747,0,test
21406,0,test
20859,0,test
23312,0,test
26959,0,test
15535,0,test
14132,0,test
12828,0,test
16335,0,test
26328,1,test
29267,0,test
1690,1,test
1995,0,test
536,0,test
4801,0,test
17007,1,test
16788,1,test
6786,0,test
8531,0,test
28725,0,test
21334,0,test
6655,1,test
18497,0,test
13289,0,test
7301,0,test
24843,0,test
3808,0,test
3384,1,test
1679,0,test
26653,0,test
17259,0,test
17188,0,test
15471,0,test
13405,1,test
15151,0,test
1967,0,test
15319,0,test
17066,0,test
18568,0,test
264,0,test
11225,1,test
21189,1,test
22398,0,test
15370,0,test
7380,0,test
15030,0,test
7546,0,test
21257,0,test
18912,0,test
22770,0,test
29851,0,test
25583,0,test
8153,0,test
865,0,test
28635,0,test
23156,0,test
24231,0,test
29897,1,test
20141,1,test
13355,0,test
5026,0,test
852,0,test
16337,0,test
7516,1,test
7615,0,test
14405,0,test
3895,0,test
10499,0,test
1292,0,test
13331,1,test
16297,0,test
9451,0,test
8758,0,test
7609,1,test
13499,1,test
27358,0,test
5061,1,test
17168,0,test
18305,0,test
25050,0,test
14447,1,test
3207,0,test
3969,0,test
12766,1,test
27215,0,test
8360,0,test
13980,1,test
2482,0,test
2990,0,test
26961,0,test
18934,0,test
13441,1,test
6997,0,test
19587,0,test
18459,0,test
5990,0,test
10336,0,test
22346,0,test
22205,1,test
5263,0,test
15107,0,test
10181,1,test
8008,1,test
13541,0,test
8679,0,test
25523,0,test
22477,0,test
12765,0,test
9116,0,test
24547,0,test
28487,0,test
14231,1,test
1182,0,test
27871,0,test
21238,0,test
15431,0,test
22388,0,test
15237,1,test
23879,0,test
15934,0,test
6488,1,test
20864,0,test
24348,0,test
9277,0,test
24693,0,test
29451,0,test
7717,0,test
15161,1,test
14094,0,test
21164,0,test
8898,0,test
4768,1,test
12517,1,test
2924,1,test
2024,0,test
7980,0,test
3392,0,test
11244,0,test
24918,0,test
29528,0,test
6908,0,test
19081,0,test
6137,0,test
25966,0,test
27922,0,test
11342,0,test
6955,1,test
17237,1,test
7337,0,test
15599,0,test
17361,1,test
12687,0,test
13539,0,test
21239,0,test
1047,1,test
2860,0,test
5889,0,test
23917,0,test
4570,1,test
23724,1,test
26564,0,test
11791,0,test
12570,0,test
7894,0,test
5696,0,test
19108,0,test
7571,0,test
18517,0,test
10658,0,test
4897,0,test
703,1,test
27380,0,test
3819,0,test
7051,1,test
28559,0,test
16144,0,test
2998,0,test
11211,0,test
7962,1,test
10360,0,test
11947,1,test
2564,0,test
20733,0,test
10426,0,test
11656,0,test
3471,1,test
10823,1,test
20112,0,test
11167,0,test
2081,0,test
18921,0,test
18098,1,test
28223,0,test
27833,0,test
3257,1,test
27918,1,test
5149,1,test
23993,0,test
4327,0,test
17233,1,test
10470,0,test
29016,1,test
27769,0,test
20024,0,test
10941,0,test
26381,0,test
6862,1,test
20404,0,test
1650,0,test
23960,0,test
19311,1,test
6597,0,test
15295,0,test
5017,0,test
16450,0,test
21919,0,test
5797,0,test
29339,1,test
6965,0,test
5591,0,test
16759,0,test
6994,0,test
3078,1,test
9125,1,test
25769,0,test
26715,0,test
3035,0,test
4016,1,test
15270,0,test
2698,0,test
870,0,test
23974,0,test
2248,1,test
12071,1,test
29586,1,test
26869,0,test
13831,0,test
29612,1,test
21120,1,test
13889,0,test
19758,0,test
28989,1,test
21020,0,test
23258,0,test
24757,0,test
27892,0,test
24797,0,test
1116,0,test
7074,1,test
25065,0,test
314,1,test
21595,0,test
4922,0,test
22949,1,test
17197,0,test
534,1,test
16468,1,test
1277,0,test
23307,0,test
27910,1,test
1261,0,test
3058,0,test
12803,1,test
23291,0,test
19952,0,test
7199,0,test
17704,0,test
13402,1,test
22244,0,test
12780,1,test
13523,0,test
20191,0,test
27262,0,test
13658,0,test
13162,0,test
8703,0,test
9141,0,test
7959,0,test
28528,0,test
19000,1,test
27483,0,test
1218,0,test
4198,0,test
5195,0,test
20535,0,test
29212,0,test
17766,0,test
15911,0,test
3061,1,test
25854,0,test
21361,0,test
20361,0,test
27761,0,test
6567,1,test
18697,0,test
28027,0,test
1934,0,test
28898,0,test
7539,0,test
2480,0,test
6500,0,test
7943,0,test
11871,1,test
23492,0,test
3663,0,test
18645,0,test
27360,0,test
19868,0,test
3498,0,test
7162,1,test
16670,0,test
15073,0,test
14926,0,test
29921,1,test
5932,0,test
2472,1,test
3258,1,test
4339,0,test
29486,1,test
10628,0,test
27346,1,test
1000,0,test
14742,1,test
5617,0,test
6079,1,test
11239,0,test
17025,0,test
24673,1,test
263,0,test
10743,0,test
6201,0,test
12204,0,test
6855,1,test
17132,0,test
10627,0,test
29174,0,test
7471,0,test
1291,0,test
24702,0,test
26675,0,test
12991,1,test
7275,0,test
17530,0,test
4236,1,test
6981,0,test
25176,0,test
15118,0,test
23265,0,test
28445,0,test
12600,0,test
21407,1,test
23521,0,test
261,0,test
18031,0,test
1193,1,test
16349,0,test
19161,0,test
10355,1,test
8276,0,test
2821,0,test
28270,1,test
25425,0,test
9459,1,test
16412,0,test
15108,0,test
24552,1,test
8732,0,test
15152,1,test
9717,0,test
12143,1,test
10621,0,test
3651,0,test
15456,0,test
21578,0,test
4821,0,test
28483,0,test
13439,0,test
26890,1,test
7485,1,test
20955,0,test
6359,0,test
5416,0,test
5868,0,test
9012,1,test
4557,0,test
8686,0,test
23347,0,test
5394,0,test
16466,0,test
13662,0,test
14841,0,test
13183,0,test
210,0,test
27841,0,test
29598,0,test
4496,0,test
7077,0,test
5319,0,test
846,0,test
20483,0,test
8335,0,test
13432,0,test
21518,0,test
27100,0,test
22885,1,test
9181,0,test
12743,0,test
4416,0,test
21256,0,test
5679,0,test
19062,0,test
10747,0,test
11047,0,test
3814,0,test
21550,0,test
7063,0,test
12686,0,test
20258,1,test
9139,0,test
14086,0,test
15585,0,test
20870,0,test
847,0,test
17889,0,test
3865,0,test
24376,0,test
27831,0,test
20805,1,test
18940,1,test
21230,0,test
2330,0,test
4839,1,test
4433,0,test
15957,0,test
26917,0,test
19511,1,test
4864,1,test
23831,0,test
12558,0,test
11067,0,test
12730,1,test
17746,1,test
26949,0,test
14703,0,test
10300,0,test
5937,0,test
13780,0,test
26014,0,test
12252,0,test
18496,0,test
26355,0,test
4287,0,test
20589,0,test
10152,1,test
3132,0,test
17744,1,test
1174,0,test
28351,0,test
26943,1,test
12511,0,test
17205,0,test
28798,0,test
13631,0,test
25076,0,test
13088,0,test
2238,0,test
2134,0,test
7476,0,test
25610,0,test
14194,0,test
15119,0,test
2301,0,test
16080,0,test
26134,1,test
27139,0,test
1984,1,test
10454,0,test
12030,1,test
5184,0,test
16598,0,test
9390,0,test
28030,0,test
5596,0,test
22559,0,test
7924,0,test
11050,0,test
28297,0,test
13848,0,test
22435,0,test
29172,0,test
6180,0,test
12281,0,test
5724,0,test
20245,0,test
22800,0,test
21057,1,test
22901,1,test
25245,0,test
22810,0,test
21725,0,test
29531,0,test
24535,1,test
1826,0,test
2307,0,test
8584,0,test
6340,0,test
884,0,test
3488,0,test
10083,0,test
26452,0,test
24609,0,test
5855,0,test
23028,0,test
800,0,test
24288,0,test
23976,0,test
28726,0,test
4319,0,test
527,0,test
2056,1,test
19724,0,test
5973,1,test
3674,1,test
16193,0,test
3137,0,test
20613,0,test
9187,0,test
27780,0,test
17015,0,test
16822,0,test
4345,0,test
7732,0,test
9329,1,test
29971,0,test
24985,0,test
11876,0,test
21170,0,test
28504,1,test
23293,0,test
15367,0,test
14200,0,test
11621,0,test
5295,1,test
4945,0,test
22023,0,test
2672,1,test
12824,0,test
7919,0,test
22568,1,test
12308,1,test
12279,1,test
18287,0,test
15545,1,test
9489,1,test
19367,0,test
28200,0,test
10324,0,test
15793,1,test
12447,0,test
250,0,test
7658,0,test
25415,0,test
24117,0,test
4833,0,test
6003,1,test
20035,0,test
25936,0,test
10865,0,test
4957,1,test
22117,0,test
28814,0,test
20883,0,test
23988,0,test
1110,0,test
27105,0,test
19090,0,test
10702,1,test
27721,1,test
19518,0,test
24418,0,test
2151,0,test
12632,0,test
23962,1,test
12059,0,test
20259,0,test
12453,0,test
28195,0,test
29538,1,test
11374,0,test
24205,1,test
28251,0,test
24437,0,test
2221,1,test
26691,0,test
10101,0,test
16202,0,test
18473,0,test
26505,0,test
4171,0,test
12369,0,test
29789,0,test
20481,1,test
18537,0,test
2115,1,test
14513,0,test
25757,0,test
4375,1,test
6763,0,test
26583,1,test
7502,0,test
20016,0,test
27233,0,test
21260,0,test
3577,0,test
6071,0,test
11105,0,test
10318,0,test
328,1,test
15606,0,test
2724,0,test
27850,0,test
12225,1,test
19306,0,test
16391,1,test
25512,0,test
9993,1,test
15043,0,test
22304,0,test
4599,1,test
16288,0,test
412,0,test
28075,0,test
29191,0,test
28729,0,test
20648,0,test
17668,1,test
28313,0,test
27376,1,test
27499,1,test
9431,0,test
25807,0,test
3558,0,test
13775,0,test
3962,0,test
1090,0,test
15899,1,test
1057,0,test
2104,0,test
8990,0,test
18122,0,test
23759,0,test
4393,0,test
6576,1,test
22845,0,test
25932,0,test
28581,0,test
15754,0,test
26563,0,test
4402,0,test
25445,0,test
3673,1,test
9111,1,test
1707,0,test
27708,0,test
14441,0,test
8096,0,test
9766,0,test
7933,1,test
20812,0,test
12341,0,test
7265,1,test
8585,1,test
17483,1,test
2444,0,test
11041,1,test
886,0,test
13368,0,test
21040,1,test
254,0,test
28443,0,test
12159,0,test
19481,0,test
13670,0,test
1671,0,test
10521,0,test
6290,0,test
6379,1,test
9970,0,test
25644,0,test
19706,1,test
24890,0,test
10507,1,test
18768,0,test
23844,0,test
2490,0,test
29867,1,test
24665,1,test
2632,0,test
22135,0,test
15272,0,test
1845,0,test
2643,0,test
21559,0,test
6247,0,test
11740,1,test
26761,0,test
9845,0,test
23007,0,test
23788,0,test
28400,0,test
29665,0,test
25634,1,test
1217,0,test
13733,0,test
7008,0,test
6458,0,test
16403,0,test
29653,0,test
11180,1,test
5763,0,test
9508,0,test
11543,0,test
25261,0,test
20738,0,test
10742,1,test
17077,1,test
24169,0,test
396,0,test
10124,0,test
17422,0,test
29829,1,test
15224,1,test
27981,0,test
20348,0,test
6318,0,test
4262,0,test
25776,0,test
18100,1,test
7160,0,test
24386,0,test
5451,0,test
12393,1,test
502,0,test
15065,0,test
22265,0,test
28304,0,test
25153,0,test
20863,0,test
24677,0,test
20655,1,test
305,0,test
26518,1,test
27449,1,test
27803,0,test
16262,0,test
16084,0,test
21459,1,test
76,0,test
28231,0,test
26948,1,test
9052,1,test
17461,1,test
1023,0,test
24476,0,test
3585,0,test
23432,1,test
10242,0,test
5970,0,test
7594,0,test
19567,0,test
10448,1,test
22124,0,test
29496,0,test
11505,0,test
5330,0,test
23564,0,test
26807,0,test
17450,0,test
28218,0,test
3007,0,test
15804,0,test
18589,0,test
13500,0,test
22157,0,test
14961,0,test
12626,0,test
10098,0,test
27090,0,test
25167,0,test
27127,0,test
24924,0,test
23043,0,test
18588,0,test
29118,0,test
12346,1,test
22049,0,test
15433,0,test
24144,0,test
19454,1,test
7585,0,test
22668,0,test
22887,0,test
24336,0,test
1385,0,test
13504,1,test
6754,1,test
6439,0,test
16647,0,test
25559,0,test
13343,0,test
28578,0,test
22145,1,test
22774,1,test
29947,0,test
6639,0,test
8972,1,test
27646,0,test
17698,1,test
9316,0,test
19704,0,test
1961,1,test
8769,1,test
20732,0,test
9024,1,test
7494,0,test
20653,1,test
28044,0,test
9008,0,test
16701,1,test
14376,0,test
12501,0,test
25706,0,test
17235,1,test
22080,0,test
10482,0,test
4154,0,test
13041,0,test
24971,0,test
25933,0,test
28108,0,test
23581,0,test
2255,0,test
5057,1,test
17050,1,test
28385,1,test
9328,0,test
6088,1,test
22914,0,test
26467,1,test
17356,1,test
5824,0,test
22903,0,test
1444,0,test
142,0,test
20240,0,test
19593,0,test
18830,0,test
18704,0,test
29101,0,test
29559,0,test
3724,1,test
4667,0,test
26974,0,test
27950,0,test
10971,1,test
27862,0,test
14937,1,test
22957,0,test
5762,0,test
7616,0,test
27619,1,test
12666,0,test
22233,0,test
15236,0,test
5533,0,test
25254,0,test
22350,0,test
24260,0,test
17886,0,test
14952,0,test
24462,0,test
17635,1,test
24600,0,test
25391,0,test
29135,0,test
22004,0,test
8348,0,test
11786,0,test
15482,1,test
11184,0,test
16223,1,test
15630,0,test
11722,0,test
17921,1,test
3070,0,test
17772,0,test
29204,0,test
29656,0,test
19759,0,test
15203,0,test
27166,0,test
11966,0,test
13636,1,test
26111,0,test
6111,0,test
18209,0,test
17906,0,test
1615,0,test
7236,0,test
27549,1,test
9122,0,test
11333,0,test
1528,0,test
2419,0,test
4263,1,test
12153,1,test
13789,0,test
600,1,test
3118,0,test
8180,0,test
6355,0,test
13960,0,test
17647,0,test
26336,1,test
28589,0,test
16136,1,test
17176,0,test
1950,0,test
23704,0,test
16932,0,test
12672,0,test
28366,0,test
8813,1,test
2605,0,test
11699,0,test
12031,1,test
22725,0,test
9844,0,test
8086,0,test
6519,1,test
12784,0,test
4895,0,test
22944,0,test
8305,0,test
9767,0,test
28090,0,test
23414,1,test
29097,0,test
17085,0,test
21739,0,test
12095,0,test
24459,1,test
29156,1,test
11537,0,test
21266,0,test
10537,0,test
17824,1,test
29127,1,test
22342,0,test
13226,0,test
8921,0,test
12553,1,test
16305,1,test
803,0,test
17867,1,test
9940,0,test
18261,0,test
9871,1,test
13301,1,test
9518,1,test
22497,1,test
21908,0,test
20811,1,test
15274,0,test
13268,0,test
17781,0,test
17467,0,test
19262,0,test
29640,0,test
10050,0,test
20005,0,test
5672,0,test
24219,1,test
20585,0,test
7005,0,test
10679,0,test
17821,0,test
9673,0,test
23775,0,test
9004,0,test
24904,0,test
15091,0,test
28797,1,test
7060,0,test
6670,0,test
23485,0,test
2275,0,test
28442,0,test
19242,1,test
17392,0,test
8495,0,test
17038,0,test
7784,0,test
11206,1,test
12284,1,test
666,0,test
24419,0,test
25112,0,test
15057,0,test
18073,0,test
11155,0,test
6280,0,test
24116,0,test
14828,0,test
22439,0,test
18634,0,test
14979,1,test
13096,0,test
6863,0,test
15103,0,test
14754,0,test
7799,0,test
857,1,test
19975,0,test
24213,0,test
12359,0,test
27675,0,test
5168,0,test
2852,1,test
4827,0,test
20740,0,test
25222,1,test
6527,0,test
16062,0,test
1758,0,test
12053,0,test
25684,0,test
17731,0,test
20507,0,test
14818,0,test
12724,0,test
13529,0,test
674,1,test
26837,0,test
17140,1,test
2640,0,test
9573,0,test
24683,0,test
2525,0,test
21588,0,test
29326,0,test
25534,0,test
16275,0,test
11247,1,test
19072,0,test
9537,1,test
14089,0,test
2932,0,test
2552,0,test
14871,0,test
7002,0,test
23439,0,test
28077,1,test
3367,0,test
18099,0,test
2071,0,test
25737,1,test
3199,0,test
3977,0,test
24289,0,test
3627,0,test
15181,1,test
16277,1,test
13141,0,test
18319,0,test
22841,0,test
13143,0,test
16528,0,test
4254,0,test
8277,0,test
15467,0,test
24706,0,test
5142,0,test
27686,0,test
24170,0,test
21921,1,test
28851,0,test
21435,0,test
9371,1,test
8878,1,test
6027,0,test
15174,0,test
21551,0,test
11941,0,test
874,0,test
26615,0,test
3406,0,test
18551,1,test
23280,0,test
14733,0,test
11798,0,test
20148,0,test
1527,1,test
18712,0,test
18832,0,test
5590,0,test
2509,0,test
13972,0,test
18586,0,test
13869,0,test
25459,0,test
13815,0,test
14605,0,test
24689,0,test
18525,0,test
26950,0,test
7986,0,test
19666,0,test
19440,0,test
1814,0,test
27143,0,test
13153,0,test
5686,0,test
16283,0,test
14641,0,test
27603,0,test
11635,0,test
13800,0,test
16018,0,test
4829,0,test
10696,1,test
19681,0,test
23802,0,test
25728,1,test
3918,1,test
27683,0,test
8080,0,test
13908,0,test
21719,0,test
29629,0,test
14049,0,test
8762,0,test
11173,0,test
2738,1,test
20774,0,test
28375,1,test
12963,1,test
14430,0,test
12968,0,test
3562,1,test
8068,0,test
2086,0,test
21628,0,test
1735,0,test
27,1,test
8501,0,test
21214,0,test
16953,1,test
18561,0,test
9481,1,test
11214,0,test
3720,0,test
5461,0,test
20396,0,test
2246,0,test
28013,0,test
10639,0,test
6220,0,test
19084,1,test
8546,1,test
1079,0,test
27156,0,test
22355,0,test
20437,0,test
26579,0,test
23651,0,test
19636,0,test
2361,0,test
13323,1,test
24410,1,test
12623,1,test
18219,0,test
24083,0,test
16831,0,test
10291,0,test
26163,0,test
3345,1,test
26830,1,test
21712,0,test
10311,0,test
11790,0,test
28067,0,test
7179,0,test
15799,0,test
15343,0,test
20236,0,test
27126,0,test
23736,0,test
4888,0,test
26513,0,test
7263,0,test
6064,0,test
16093,1,test
21249,0,test
16525,0,test
7271,1,test
3912,0,test
14356,0,test
25940,0,test
10399,0,test
25130,0,test
23408,0,test
25712,0,test
27512,1,test
14401,0,test
8837,0,test
22325,0,test
15559,1,test
20787,0,test
9501,0,test
18105,0,test
12267,0,test
11100,0,test
3170,0,test
25621,0,test
2767,0,test
6372,1,test
29364,0,test
12810,1,test
25030,0,test
28473,0,test
20046,1,test
22425,0,test
2953,0,test
22209,0,test
28115,0,test
1759,0,test
12326,0,test
18723,0,test
23060,1,test
6338,0,test
29515,0,test
15337,0,test
22330,0,test
7787,1,test
2241,0,test
19357,0,test
13740,1,test
3726,0,test
27155,1,test
8475,0,test
27178,0,test
1404,0,test
6385,0,test
1685,0,test
2074,0,test
14520,1,test
1089,0,test
19586,0,test
1210,1,test
21912,0,test
10843,1,test
17319,0,test
15474,0,test
24389,0,test
28429,0,test
14540,0,test
17748,0,test
26774,1,test
24749,0,test
4325,0,test
23183,0,test
23378,1,test
1744,0,test
19913,1,test
5105,0,test
23342,1,test
15566,0,test
26201,0,test
26453,0,test
29192,0,test
19631,0,test
9506,0,test
21379,0,test
5716,0,test
6179,0,test
8643,0,test
16844,0,test
4158,0,test
27942,0,test
21259,0,test
29034,1,test
4863,1,test
28088,0,test
15081,0,test
24570,0,test
7536,1,test
10219,0,test
18814,0,test
18577,0,test
24754,0,test
26530,0,test
22431,0,test
20379,0,test
2886,0,test
25929,1,test
14501,1,test
19020,0,test
12067,1,test
6242,0,test
3405,0,test
20501,0,test
29696,0,test
17442,1,test
15140,1,test
8646,0,test
26224,0,test
10207,0,test
24746,0,test
18686,0,test
3476,0,test
15711,0,test
17479,0,test
23972,0,test
28426,1,test
179,0,test
29636,0,test
17847,1,test
17288,0,test
21009,0,test
20268,0,test
352,0,test
10422,0,test
4732,0,test
21332,0,test
5707,0,test
13490,0,test
4241,0,test
4205,0,test
10767,0,test
18985,0,test
23042,0,test
9343,0,test
18372,0,test
23514,0,test
14713,0,test
4581,0,test
26446,1,test
28222,0,test
29432,0,test
17520,0,test
3633,0,test
22751,1,test
8295,1,test
26419,0,test
17830,0,test
8113,0,test
17526,1,test
25409,0,test
29391,0,test
14277,1,test
20113,0,test
12202,1,test
23973,0,test
20464,1,test
19712,1,test
3344,1,test
22429,0,test
20345,0,test
3065,0,test
18279,1,test
28186,1,test
7071,1,test
7780,0,test
25565,0,test
8168,0,test
22785,0,test
706,1,test
16717,0,test
2455,0,test
26492,0,test
17420,0,test
15415,1,test
27547,0,test
9228,1,test
24705,1,test
23647,0,test
5256,0,test
5439,0,test
14801,1,test
500,0,test
6878,0,test
8792,0,test
1038,1,test
21209,0,test
29843,0,test
29320,0,test
26756,0,test
13068,0,test
24243,0,test
26527,0,test
18853,0,test
4764,0,test
13138,0,test
10375,0,test
22450,0,test
18400,0,test
13855,1,test
18961,1,test
12848,0,test
21945,1,test
2479,0,test
1568,0,test
23017,0,test
12781,1,test
13492,0,test
619,0,test
26376,0,test
13440,0,test
21837,0,test
26480,1,test
8894,0,test
24060,0,test
23908,1,test
6121,1,test
3320,0,test
3348,0,test
20916,0,test
22376,0,test
11936,0,test
13328,0,test
29935,0,test
22654,0,test
14293,1,test
12274,0,test
19378,1,test
20742,1,test
2208,1,test
29758,0,test
20777,1,test
1957,1,test
26836,0,test
3804,0,test
9398,0,test
26878,0,test
13812,0,test
22370,0,test
24607,0,test
14570,1,test
13546,0,test
7326,0,test
15619,1,test
581,1,test
2102,0,test
19609,0,test
11201,0,test
4788,0,test
10321,0,test
11355,1,test
11700,0,test
22453,0,test
20622,0,test
7601,0,test
9209,0,test
24165,1,test
12327,0,test
4679,0,test
8089,0,test
26962,0,test
5501,0,test
22525,0,test
16138,1,test
24911,0,test
17309,0,test
17348,0,test
27265,0,test
247,0,test
2268,0,test
21664,0,test
19920,1,test
9533,1,test
9430,0,test
20722,1,test
12177,1,test
14113,0,test
28657,0,test
199,0,test
11619,0,test
3358,1,test
23772,0,test
7293,0,test
18208,0,test
17330,0,test
2142,0,test
9914,0,test
9686,0,test
25229,0,test
29983,1,test
28959,1,test
9840,0,test
10082,0,test
2214,0,test
10596,0,test
15644,0,test
8183,1,test
10329,0,test
19696,0,test
24824,0,test
380,1,test
14409,0,test
21699,0,test
26400,0,test
21654,0,test
10141,1,test
25692,1,test
5555,0,test
18291,0,test
9626,1,test
2371,0,test
13257,0,test
18311,0,test
9892,0,test
24400,0,test
28203,0,test
727,0,test
14065,1,test
12469,0,test
2461,0,test
5841,0,test
1085,0,test
23602,0,test
22144,0,test
24042,1,test
2474,0,test
26440,0,test
15878,1,test
29816,0,test
13880,0,test
20627,0,test
9375,0,test
12745,0,test
4194,0,test
23129,0,test
1592,0,test
24983,0,test
16806,0,test
3442,0,test
8443,0,test
3263,0,test
6561,0,test
15314,0,test
9292,0,test
22855,0,test
25868,0,test
16557,0,test
27654,1,test
4707,0,test
9063,1,test
12868,1,test
28113,0,test
12069,1,test
1275,0,test
29896,0,test
27339,0,test
16651,0,test
6393,1,test
8232,0,test
2752,0,test
9556,0,test
24523,0,test
20828,0,test
25191,1,test
14175,1,test
6407,1,test
25519,0,test
12990,0,test
919,0,test
21633,0,test
25904,0,test
3611,0,test
18018,0,test
13119,0,test
15481,1,test
9554,0,test
6050,0,test
3161,0,test
7401,0,test
1635,0,test
7093,1,test
4936,0,test
20879,0,test
22539,0,test
14233,0,test
12489,0,test
5678,0,test
4058,0,test
74,0,test
8033,1,test
5694,0,test
18053,0,test
24415,0,test
10332,0,test
6683,1,test
21881,0,test
16567,1,test
27507,1,test
8314,0,test
7617,1,test
11630,0,test
5554,0,test
22475,0,test
5468,0,test
28747,0,test
14668,0,test
11562,1,test
12773,1,test
14311,0,test
15808,0,test
24603,0,test
9140,0,test
3537,0,test
712,0,test
11915,0,test
6478,0,test
22896,0,test
16096,0,test
28582,0,test
19685,0,test
16281,0,test
13189,1,test
28990,0,test
22718,0,test
8877,0,test
983,1,test
2009,1,test
10847,1,test
22422,0,test
14571,0,test
4677,0,test
27774,1,test
17253,0,test
10138,0,test
28529,0,test
22208,0,test
18756,0,test
23853,1,test
24536,0,test
29969,0,test
10663,1,test
23955,0,test
6401,0,test
12557,1,test
11295,0,test
23105,0,test
19985,1,test
24844,0,test
3552,0,test
24639,0,test
25555,0,test
28710,0,test
4250,0,test
2,1,test
14962,0,test
7942,0,test
24622,0,test
14830,0,test
2946,0,test
18999,1,test
12675,0,test
27502,1,test
307,0,test
10115,0,test
25123,0,test
25327,0,test
27661,0,test
17318,0,test
27614,1,test
909,0,test
7534,0,test
21391,0,test
13361,0,test
13668,0,test
25697,0,test
16945,0,test
1284,0,test
8798,1,test
11291,0,test
10120,0,test
11115,0,test
16979,1,test
22948,0,test
671,0,test
10393,1,test
14193,0,test
17794,1,test
22276,0,test
22532,0,test
26021,0,test
15973,1,test
13708,0,test
7804,0,test
1167,0,test
28488,0,test
588,1,test
24919,0,test
28114,0,test
16014,0,test
23589,0,test
7895,0,test
26926,1,test
14612,0,test
21194,0,test
12930,0,test
12609,1,test
18711,0,test
20204,0,test
14173,0,test
12446,0,test
8663,0,test
4692,0,test
7926,1,test
7113,1,test
20673,1,test
3539,1,test
4806,0,test
20852,1,test
3243,1,test
2031,0,test
1148,0,test
17790,0,test
1989,0,test
3524,0,test
13137,0,test
14168,1,test
2080,0,test
25997,0,test
28617,0,test
28279,0,test
2967,0,test
16317,0,test
28076,0,test
2204,0,test
16108,1,test
7010,0,test
22417,0,test
27676,0,test
4916,0,test
27115,0,test
572,0,test
3879,1,test
28284,0,test
25146,1,test
1895,1,test
16618,0,test
8734,0,test
29056,0,test
9017,0,test
16546,0,test
21063,0,test
10764,0,test
2594,0,test
16977,0,test
21124,0,test
23502,0,test
22001,0,test
7468,0,test
28937,0,test
6169,0,test
18792,1,test
14743,0,test
20770,0,test
13872,0,test
12983,0,test
8553,0,test
24686,1,test
28261,1,test
6246,0,test
22932,0,test
25800,0,test
9101,1,test
6662,0,test
13032,0,test
1078,0,test
16061,0,test
17473,0,test
19651,0,test
12746,0,test
3375,0,test
9323,0,test
7963,0,test
10893,0,test
3467,0,test
26345,0,test
6528,0,test
4815,0,test
10262,0,test
16533,0,test
24641,0,test
5326,0,test
19343,0,test
22479,1,test
27820,0,test
25762,0,test
18701,1,test
20026,1,test
13801,0,test
295,0,test
16555,1,test
18662,0,test
8687,0,test
7197,0,test
24008,0,test
7317,1,test
16902,0,test
13398,0,test
13887,0,test
28101,0,test
14816,0,test
13928,0,test
8670,1,test
21384,0,test
14870,0,test
5986,0,test
25163,1,test
731,0,test
12437,0,test
28768,0,test
10911,1,test
20301,0,test
23902,0,test
16405,0,test
19719,0,test
28833,0,test
25073,0,test
3676,0,test
29435,0,test
26562,0,test
18109,0,test
9196,1,test
1061,1,test
14689,0,test
3954,0,test
11744,0,test
17415,0,test
21991,0,test
20982,1,test
22113,0,test
13537,0,test
5521,0,test
10222,0,test
1861,0,test
28618,0,test
25164,0,test
16665,0,test
14347,0,test
29909,1,test
66,1,test
7288,0,test
23350,0,test
13673,0,test
21289,1,test
26371,1,test
22291,1,test
6358,1,test
15374,0,test
1738,0,test
15185,0,test
27172,0,test
19537,1,test
13938,0,test
18791,0,test
3189,0,test
5357,0,test
6715,0,test
27989,0,test
6542,0,test
19463,1,test
26012,0,test
18708,0,test
28008,0,test
14015,0,test
26813,0,test
18293,1,test
24636,1,test
15315,0,test
15697,1,test
13494,0,test
8147,0,test
11939,1,test
17753,0,test
6912,0,test
20256,0,test
7414,0,test
7376,0,test
14223,0,test
18434,0,test
8498,0,test
8612,0,test
28686,1,test
24948,0,test
27604,0,test
2702,0,test
6577,0,test
1475,1,test
12879,0,test
27555,1,test
27552,0,test
12110,0,test
25615,0,test
1402,0,test
1138,0,test
1627,0,test
25878,0,test
5345,0,test
15413,0,test
19731,0,test
8476,0,test
12645,1,test
7664,0,test
12756,1,test
5966,0,test
25059,0,test
2546,1,test
14729,1,test
29260,0,test
28455,1,test
27021,1,test
14696,1,test
15712,0,test
20629,1,test
3122,0,test
19390,1,test
11745,1,test
18246,0,test
24846,0,test
7937,0,test
29882,0,test
22733,0,test
26054,0,test
8454,1,test
21615,0,test
25448,0,test
10587,1,test
9511,0,test
2315,0,test
15680,0,test
6133,1,test
8225,0,test
16523,0,test
13910,0,test
20721,0,test
11649,0,test
8776,0,test
27523,1,test
2292,0,test
14085,1,test
23236,1,test
15406,0,test
23036,0,test
24709,0,test
9042,0,test
799,0,test
1355,0,test
28425,0,test
29297,0,test
27917,0,test
8323,0,test
15967,0,test
26625,1,test
25232,1,test
14475,0,test
21613,1,test
13745,1,test
14905,0,test
13932,0,test
29490,0,test
23708,0,test
8527,0,test
3540,1,test
22101,0,test
18322,0,test
28234,0,test
506,0,test
24235,0,test
14908,0,test
23587,1,test
26320,0,test
13674,1,test
7521,0,test
21454,0,test
16817,0,test
25283,0,test
23942,0,test
25730,0,test
29292,0,test
28525,0,test
7670,0,test
14725,0,test
7095,1,test
8588,0,test
1050,0,test
6534,0,test
17369,0,test
24531,0,test
6214,0,test
20208,1,test
28633,0,test
27864,0,test
28494,0,test
21137,0,test
24424,0,test
2539,0,test
10269,0,test
2171,0,test
13146,0,test
17280,0,test
18552,0,test
5916,0,test
28423,0,test
28903,0,test
25554,0,test
17179,0,test
20766,0,test
9886,0,test
2913,1,test
5022,0,test
17787,0,test
9015,0,test
11497,0,test
15910,0,test
10000,0,test
25227,0,test
14241,0,test
13139,0,test
17428,0,test
28979,1,test
21071,0,test
18127,0,test
24854,0,test
10335,0,test
8125,1,test
7424,0,test
10977,0,test
16597,0,test
15704,0,test
22215,0,test
21696,0,test
25896,0,test
5039,1,test
8948,1,test
14247,0,test
29480,0,test
750,1,test
8316,0,test
10732,0,test
4775,1,test
21931,0,test
20054,1,test
2734,0,test
16380,1,test
18405,0,test
26454,1,test
369,0,test
4579,1,test
1464,0,test
27733,0,test
20264,0,test
28550,0,test
11830,1,test
28141,0,test
9772,0,test
1497,1,test
24026,1,test
1212,0,test
10776,1,test
17352,1,test
29460,0,test
22059,0,test
24018,0,test
7482,0,test
17105,0,test
20250,0,test
16675,0,test
18013,1,test
2168,1,test
15432,0,test
12364,0,test
2711,0,test
2376,1,test
397,0,test
4256,0,test
16478,1,test
5911,0,test
3646,0,test
17552,0,test
4959,1,test
18419,0,test
18865,0,test
23617,0,test
4079,0,test
25049,1,test
29428,1,test
763,0,test
761,1,test
14654,0,test
11729,0,test
17682,1,test
21445,0,test
17100,0,test
25694,0,test
14398,1,test
7351,0,test
1567,0,test
3759,1,test
21007,0,test
14978,0,test
5118,1,test
9802,1,test
7260,0,test
1560,1,test
24401,1,test
14931,0,test
16782,0,test
13118,0,test
2176,0,test
15261,0,test
6189,0,test
7043,0,test
19901,0,test
2759,0,test
4104,0,test
7684,0,test
20248,0,test
19976,0,test
13976,0,test
17683,0,test
20189,0,test
9281,0,test
18483,0,test
911,0,test
29904,0,test
5180,1,test
11103,0,test
23415,0,test
2037,0,test
339,1,test
6741,0,test
1421,0,test
25014,0,test
3622,0,test
6825,0,test
3503,0,test
13011,0,test
23259,0,test
20566,0,test
7443,0,test
29062,0,test
28771,1,test
10657,0,test
23360,0,test
26382,0,test
5742,0,test
10047,1,test
4357,0,test
28412,0,test
8258,0,test
7822,1,test
23539,0,test
3426,0,test
22288,0,test
8436,0,test
20297,0,test
6543,0,test
16634,1,test
4187,0,test
5779,0,test
12789,0,test
23057,1,test
9217,1,test
22679,0,test
23296,0,test
8911,0,test
970,0,test
18328,0,test
19755,0,test
15811,1,test
29333,0,test
13356,0,test
5843,0,test
29635,0,test
11759,0,test
23526,1,test
14424,0,test
27956,0,test
11894,0,test
9784,0,test
1094,1,test
28143,0,test
9513,0,test
6945,1,test
6793,0,test
11715,0,test
20840,1,test
25365,0,test
28274,0,test
10134,0,test
6736,0,test
18070,0,test
15918,0,test
1236,1,test
17881,0,test
3863,0,test
19863,0,test
11831,1,test
21,0,test
12955,0,test
24044,0,test
5252,0,test
28590,0,test
11435,0,test
14452,0,test
22958,0,test
23434,0,test
22573,0,test
27755,1,test
27043,0,test
16627,1,test
23319,1,test
23190,0,test
16654,0,test
26850,1,test
23474,0,test
19663,0,test
10829,0,test
18343,0,test
6356,0,test
8298,0,test
15668,0,test
17549,1,test
29130,0,test
6659,1,test
24043,0,test
19263,0,test
29012,1,test
24443,0,test
6593,0,test
9583,1,test
10033,1,test
17960,1,test
29207,0,test
18308,0,test
13582,0,test
26275,0,test
613,0,test
478,0,test
19011,0,test
932,1,test
3690,0,test
27520,0,test
24405,0,test
944,1,test
11106,1,test
24777,0,test
23504,0,test
28629,0,test
13498,1,test
13950,0,test
16858,0,test
11883,0,test
16457,1,test
27506,0,test
3259,0,test
24703,0,test
24513,0,test
9638,0,test
10435,0,test
17562,1,test
16694,1,test
14422,0,test
10316,1,test
3767,1,test
9036,0,test
368,0,test
20724,0,test
29155,1,test
14201,0,test
26591,0,test
9362,0,test
21261,0,test
6502,0,test
15896,0,test
10199,1,test
21328,0,test
10950,1,test
7345,0,test
17501,0,test
14163,0,test
25659,0,test
2841,0,test
27656,0,test
27849,0,test
29514,0,test
1442,0,test
15163,0,test
14628,0,test
20511,0,test
15647,0,test
19548,1,test
4242,0,test
18331,0,test
8993,0,test
1962,0,test
27500,1,test
12588,1,test
7210,0,test
21624,0,test
8544,0,test
27448,0,test
24050,0,test
26370,0,test
25444,1,test
22340,0,test
9099,1,test
5315,0,test
29823,0,test
9035,0,test
27667,0,test
21903,0,test
6753,1,test
22703,0,test
19753,1,test
28055,1,test
23442,0,test
22811,0,test
9158,0,test
18487,0,test
7191,0,test
6070,0,test
18789,0,test
16252,0,test
19137,0,test
2367,0,test
19575,0,test
14974,1,test
8504,0,test
5380,0,test
15527,1,test
26078,0,test
2426,0,test
13240,1,test
3834,0,test
6165,0,test
19395,0,test
22114,0,test
23795,0,test
627,0,test
8426,0,test
18670,0,test
18169,0,test
25828,0,test
26534,1,test
18126,0,test
8661,0,test
14287,0,test
7249,0,test
9255,0,test
1484,0,test
7096,0,test
25820,0,test
29481,0,test
4332,0,test
6375,0,test
11232,0,test
14892,1,test
23677,0,test
10420,0,test
21229,0,test
2435,1,test
23828,1,test
30000,1,test
3069,0,test
2582,0,test
14261,0,test
8787,0,test
5689,0,test
19832,1,test
26554,0,test
4043,0,test
17638,0,test
24310,0,test
17572,0,test
22501,0,test
26461,0,test
11251,1,test
9237,0,test
26246,0,test
25875,1,test
28042,0,test
2569,0,test
10724,0,test
2334,0,test
9152,1,test
23256,0,test
19814,0,test
21354,0,test
4142,0,test
2885,0,test
19919,0,test
9922,0,test
22555,1,test
15783,0,test
13747,0,test
280,0,test
4563,0,test
29152,1,test
13925,0,test
13986,0,test
19317,0,test
13634,0,test
25594,0,test
22863,1,test
9905,1,test
16715,0,test
541,0,test
4008,0,test
23179,0,test
17373,0,test
22609,0,test
3521,0,test
1663,0,test
1535,0,test
18973,0,test
8135,1,test
28169,0,test
20475,1,test
10395,0,test
8538,1,test
105,0,test
29492,1,test
16272,0,test
19939,0,test
23164,0,test
29000,0,test
20592,0,test
4354,1,test
21679,0,test
20759,0,test
921,0,test
8075,0,test
16097,0,test
27529,0,test
626,0,test
15884,0,test
13730,0,test
29254,0,test
21963,0,test
23547,0,test
5770,0,test
24037,0,test
27159,1,test
15848,0,test
7378,0,test
14043,1,test
29584,0,test
25631,0,test
16065,0,test
12978,0,test
11903,0,test
29010,0,test
9271,0,test
8164,1,test
15039,0,test
2083,0,test
24080,0,test
3672,0,test
24294,0,test
3120,0,test
24423,0,test
1097,0,test
29582,0,test
24016,0,test
22611,0,test
11882,0,test
4547,1,test
28946,0,test
14425,0,test
11484,0,test
25204,0,test
23049,0,test
24663,0,test
23147,0,test
15669,0,test
25810,0,test
25195,0,test
5981,0,test
14898,1,test
29318,0,test
10253,0,test
1952,0,test
13045,1,test
3304,0,test
1500,0,test
3241,0,test
7862,0,test
362,0,test
27634,0,test
11496,0,test
25200,0,test
11353,0,test
24481,0,test
19618,0,test
9525,0,test
12005,0,test
24461,0,test
19453,1,test
26289,1,test
29279,1,test
23263,0,test
2827,0,test
18582,0,test
11758,0,test
1234,0,test
28182,0,test
27626,0,test
4561,1,test
3184,0,test
25000,1,test
24247,0,test
8329,0,test
25175,1,test
7013,0,test
15722,0,test
14385,0,test
14002,0,test
22466,0,test
21033,0,test
18632,1,test
28026,1,test
19562,0,test
14813,1,test
9453,0,test
20576,0,test
7201,0,test
26104,0,test
9147,1,test
20347,0,test
20066,0,test
155,0,test
24734,0,test
